,z,a,m,name,mass,decay,abundance
10,0,1,0,N1,1.0086649159321341,0.0011366795351917766,0.0
10000,1,0,0,H,1.0079709420149996,0.0,
10010,1,1,0,H1,1.0078250318868387,0.0,0.999855
10020,1,2,0,H2,2.0141017778239942,0.0,0.000145
10030,1,3,0,H3,3.016049281300139,1.7828715741004621e-09,0.0
10040,1,4,0,H4,4.026430655762303,4.986670363740614e+21,0.0
10050,1,5,0,H5,5.035308865476122,8.059850936743551e+21,0.0
10060,1,6,0,H6,6.044960026942536,2.357643471292331e+21,0.0
10070,1,7,0,H7,7.052753957114523,1.0631091726379529e+21,0.0
20000,2,0,0,He,4.002601280979371,0.0,
20030,2,3,0,He3,3.0160293219467453,0.0,2e-06
20040,2,4,0,He4,4.0026032541272345,0.0,0.9999979999999999
20050,2,5,0,He5,5.012056973796361,1.1514072766776502e+21,0.0
20060,2,6,0,He6,6.018885895176117,0.8590035946065847,0.0
20070,2,7,0,He7,7.027990515340801,2.7615425520316554e+20,0.0
20080,2,8,0,He8,8.033934385492955,5.800394816401216,0.0
20090,2,9,0,He9,9.043950895487761,2.7725887222397813e+20,0.0
20100,2,10,0,He10,10.052818369760573,2.665950694461328e+21,0.0
30000,3,0,0,Li,6.9674607280900105,0.0,
30030,3,3,0,Li3,3.0307785093706423,inf,0.0
30040,3,4,0,Li4,4.02718213663288,7.617001984175224e+21,0.0
30050,3,5,0,Li5,5.012538995097632,1.8733707582701227e+21,0.0
30060,3,6,0,Li6,6.015122887352442,0.0,0.048499999999999995
30070,3,7,0,Li7,7.016003434633124,0.0,0.9515
30080,3,8,0,Li8,8.022486240027053,0.8264542512936034,0.0
30090,3,9,0,Li9,9.02679019641711,3.8897148179570444,0.0
30100,3,10,0,Li10,10.035483853164557,3.4657359027997265e+20,0.0
30101,3,10,1,Li10m,10.035695341352419,1.8733707582701224e+20,0.0
30102,3,10,2,Li10n,10.03599593370065,5.134423559703298e+20,0.0
30110,3,11,0,Li11,11.043723626201617,79.21682063542231,0.0
30120,3,12,0,Li12,12.052614396381415,inf,0.0
30130,3,13,0,Li13,13.061170542864987,2.1004460016968044e+20,0.0
40000,4,0,0,Be,9.012183061551003,0.0,
40050,4,5,0,Be5,5.039871427904627,inf,0.0
40060,4,6,0,Be6,6.019726372852652,1.3862943611198906e+20,0.0
40070,4,7,0,Be7,7.016928716925904,1.507428938751673e-07,0.0
40080,4,8,0,Be8,8.005305100676722,8463335537972469.0,0.0
40090,4,9,0,Be9,9.012183061551003,0.0,1.0
40100,4,10,0,Be10,10.013534696515705,1.5836321408015642e-14,0.0
40110,4,11,0,Be11,11.021661081824837,0.05037406835464719,0.0
40120,4,12,0,Be12,12.02692212425166,32.29949583224349,0.0
40121,4,12,1,Be12m,12.029338672022616,2974880.6032615677,0.0
40130,4,13,0,Be13,13.036134420889656,6.931471805599453e+20,0.0
40133,4,13,3,Be13p,13.037745810584994,inf,0.0
40140,4,14,0,Be14,14.042888086827944,153.01262264016452,0.0
40143,4,14,3,Be14p,14.044519873861198,inf,0.0
40150,4,15,0,Be15,15.053494702544091,8.774014943796776e+20,0.0
40160,4,16,0,Be16,16.061675108592375,1.0663802777845313e+21,0.0
50000,5,0,0,B,10.813518794968477,0.0,
50060,5,6,0,B6,6.050800106851022,inf,0.0
50070,5,7,0,B7,7.029712480078524,1.2160476851928865e+21,0.0
50080,5,8,0,B8,8.024607348461462,0.8979753602279379,0.0
50090,5,9,0,B9,9.013329660327889,8.664339756999318e+17,0.0
50100,5,10,0,B10,10.012936862350383,0.0,0.19649999999999998
50110,5,11,0,B11,11.009305166791071,0.0,0.8035
50120,5,12,0,B12,12.014352640501565,34.31421685940323,0.0
50130,5,13,0,B13,13.017779930043448,40.39319234032315,0.0
50140,5,14,0,B14,14.025404347601913,56.07986897734185,0.0
50150,5,15,0,B15,15.03108661652758,68.0891140039239,0.0
50160,5,16,0,B16,16.039841368669805,1.5068416968694465e+20,0.0
50170,5,17,0,B17,17.046935348088052,136.446295385816,0.0
50180,5,18,0,B18,18.055598848981706,inf,0.0
50190,5,19,0,B19,19.06416573090629,237.3791714246388,0.0
50200,5,20,0,B20,20.07450396059723,7.596966029810888e+20,0.0
50210,5,21,0,B21,21.084144386622636,9.12035763894665e+20,0.0
60000,6,0,0,C,12.010635561254169,0.0,
60080,6,8,0,C8,8.037642750351315,1.9804205158855583e+20,0.0
60090,6,9,0,C9,9.03103723349894,5.479424352252532,0.0
60100,6,10,0,C10,10.016853214569293,0.03591231487117031,0.0
60110,6,11,0,C11,11.011432600547321,0.0005679616232550526,0.0
60120,6,12,0,C12,12.0,0.0,0.9894
60130,6,13,0,C13,13.003354835299037,0.0,0.0106
60140,6,14,0,C14,14.003241988315272,3.853504875950472e-12,0.0
60150,6,15,0,C15,15.010599208261851,0.28303274012247664,0.0
60160,6,16,0,C16,16.014701112916693,0.9241962407465937,0.0
60170,6,17,0,C17,17.022578779528544,3.5914361687043797,0.0
60180,6,18,0,C18,18.02675271899255,7.534208484347231,0.0
60190,6,19,0,C19,19.034793564307726,15.003185726405741,0.0
60200,6,20,0,C20,20.040257903780923,43.32169878499658,0.0
60210,6,21,0,C21,21.048996552761636,inf,0.0
60220,6,22,0,C22,22.05755269924521,111.79793234837825,0.0
60230,6,23,0,C23,23.068889324949918,inf,0.0
70000,7,0,0,N,14.006857751636797,0.0,
70100,7,10,0,N10,10.041653511111996,4.847183080838779e+21,0.0
70110,7,11,0,N11,11.026157975560693,1.1848669753161459e+21,0.0
70111,7,11,1,N11m,11.026956692371707,1.0045611312462975e+21,0.0
70120,7,12,0,N12,12.018613214974508,63.01338005090412,0.0
70130,7,13,0,N13,13.005738608520076,0.0011593028609465552,0.0
70140,7,14,0,N14,14.003074004213842,0.0,0.9962050000000001
70150,7,15,0,N15,15.000108898273854,0.0,0.003795
70160,7,16,0,N16,16.006101917314677,0.09721559334641589,0.0
70161,7,16,1,N16m,16.006231172024417,132028.03439237055,0.0
70170,7,17,0,N17,17.00844879207349,0.1661028470069363,0.0
70180,7,18,0,N18,18.014077383794113,1.1194237412143817,0.0
70190,7,19,0,N19,19.017022115262677,2.0629380373807895,0.0
70200,7,20,0,N20,20.023371055074954,5.096670445293715,0.0
70210,7,21,0,N21,21.027085517663807,8.154672712469944,0.0
70220,7,22,0,N22,22.03409576064219,30.136833937388925,0.0
70230,7,23,0,N23,23.03942053938228,49.86670363740613,0.0
70240,7,24,0,N24,24.05039216009271,inf,0.0
70250,7,25,0,N25,25.060096998764163,inf,0.0
80000,8,0,0,O,15.99939842434791,0.0,
80110,8,11,0,O11,11.051250995373367,3.50074333616134e+21,0.0
80120,8,12,0,O12,12.0343673672997,7.788170568089274e+19,0.0
80130,8,13,0,O13,13.024814971890562,80.7863846806463,0.0
80140,8,14,0,O14,14.008596706053245,0.009815029248523037,0.0
80150,8,15,0,O15,15.003065612534314,0.0056691736096702704,0.0
80160,8,16,0,O16,15.994914619339951,0.0,0.9975700000000001
80163,8,16,3,O16p,16.00883698562035,inf,0.0
80170,8,17,0,O17,16.999131755964132,0.0,0.0003835
80180,8,18,0,O18,17.999159612179106,0.0,0.002045
80190,8,19,0,O19,19.003578015133638,0.026186142068755018,0.0
80200,8,20,0,O20,20.00407538811555,0.05130623098149114,0.0
80210,8,21,0,O21,21.008654912540848,0.2026746141988144,0.0
80220,8,22,0,O22,22.009962489255653,0.3080654135821979,0.0
80230,8,23,0,O23,23.015695214754057,7.145847222267477,0.0
80240,8,24,0,O24,24.019860565865255,8.955389929715054,0.0
80250,8,25,0,O25,25.029339960275536,1.3381219701929448e+20,0.0
80260,8,26,0,O26,26.03720903853458,165035042990.46317,0.0
80270,8,27,0,O27,27.047955214983837,inf,0.0
80280,8,28,0,O28,28.055910176770947,inf,0.0
90000,9,0,0,F,18.998403162087595,0.0,
90130,9,13,0,F13,13.04512105855766,inf,0.0
90140,9,14,0,F14,14.034310469462355,1.3862943611198906e+21,0.0
90150,9,15,0,F15,15.017785405118362,6.301338005090411e+20,0.0
90160,9,16,0,F16,16.011460083276305,3.3007008598092636e+19,0.0
90170,9,17,0,F17,17.002095236021578,0.010768171206461787,0.0
90180,9,18,0,F18,18.00093731135443,0.00010527687871883301,0.0
90181,9,18,1,F18m,18.002141183709096,4278686.299752749,0.0
90190,9,19,0,F19,18.998403162087595,0.0,1.0
90200,9,20,0,F20,19.999981252699367,0.06297788342570054,0.0
90210,9,21,0,F21,20.9999488993008,0.16670206362673046,0.0
90220,9,22,0,F22,22.0029984086736,0.16386458169265844,0.0
90230,9,23,0,F23,23.003531960091713,0.31082833208966154,0.0
90240,9,24,0,F24,24.008094522520217,1.8050707827081909,0.0
90250,9,25,0,F25,25.012163254662344,8.664339756999317,0.0
90260,9,26,0,F26,26.020043068362394,84.53014397072505,0.0
90261,9,26,1,F26m,26.020730136586923,315.0669002545206,0.0
90270,9,27,0,F27,27.026978163253723,138.62943611198907,0.0
90280,9,28,0,F28,28.035856372967544,1.5068416968694462e+19,0.0
90290,9,29,0,F29,29.04310279564811,277.25887222397813,0.0
90300,9,30,0,F30,30.052560719176373,inf,0.0
90310,9,31,0,F31,31.061020246690873,346.5735902799726,0.0
100000,10,0,0,Ne,20.180046379582972,0.0,
100150,10,15,0,Ne15,15.043177943735166,9.001911435843446e+20,0.0
100160,10,16,0,Ne16,16.02575110234648,1.2160476851928865e+20,0.0
100170,10,17,0,Ne17,17.017714014435658,6.347501653479352,0.0
100180,10,18,0,Ne18,18.005708678110544,0.4165047353442767,0.0
100190,10,19,0,Ne19,19.00188090294185,0.04016637869837255,0.0
100200,10,20,0,Ne20,19.992440175228282,0.0,0.9048
100210,10,21,0,Ne21,20.993846681393777,0.0,0.0027
100220,10,22,0,Ne22,21.991385113477406,0.0,0.0925
100230,10,23,0,Ne23,22.994466900027145,0.018658066771465552,0.0
100240,10,24,0,Ne24,23.993610694929533,0.0034178855057196518,0.0
100250,10,25,0,Ne25,24.99781426421072,1.15140727667765,0.0
100260,10,26,0,Ne26,26.000516374712497,3.518513606903275,0.0
100270,10,27,0,Ne27,27.007568485910813,22.43194759093674,0.0
100280,10,28,0,Ne28,28.012131048339317,36.86953088084815,0.0
100290,10,29,0,Ne29,29.019753211455175,47.15286942584662,0.0
100300,10,30,0,Ne30,30.0249921066672,96.00376462049104,0.0
100310,10,31,0,Ne31,31.033473105063713,203.86681781174863,0.0
100320,10,32,0,Ne32,32.03972113173051,198.04205158855578,0.0
100330,10,33,0,Ne33,33.04952258937104,inf,0.0
100340,10,34,0,Ne34,34.056726070287574,346.5735902799726,0.0
110000,11,0,0,Na,22.98976928199335,0.0,
110170,11,17,0,Na17,17.03727345118063,inf,0.0
110180,11,18,0,Na18,18.02688154428465,5.3319013889226565e+20,0.0
110190,11,19,0,Na19,19.01387985167956,6.931471805599452e+17,0.0
110200,11,20,0,Na20,20.0073543138627,1.5475489630719923,0.0
110210,11,21,0,Na21,20.99765445643587,0.03086827791404789,0.0
110220,11,22,0,Na22,21.99443754933143,8.441899301632535e-09,0.0
110221,11,22,1,Na22m,21.995063479219414,2852457.5331684994,0.0
110230,11,23,0,Na23,22.98976928199335,0.0,1.0
110240,11,24,0,Na24,23.990963012040122,1.2873822110783211e-05,0.0
110241,11,24,1,Na24m,23.99146994707934,34.34822500297053,0.0
110250,11,25,0,Na25,24.989953989013305,0.011728378689677585,0.0
110260,11,26,0,Na26,25.992634413924243,0.6470270896123752,0.0
110261,11,26,1,Na26m,25.992722444540508,159344.1794390679,0.0
110270,11,27,0,Na27,26.99407618365165,2.3028145533553,0.0
110280,11,28,0,Na28,27.998939338428386,20.9410024338352,0.0
110290,11,29,0,Na29,29.00287709819021,16.045073624072806,0.0
110300,11,30,0,Na30,30.00909828625449,15.101245763833232,0.0
110310,11,31,0,Na31,31.0131466210587,41.25876074761578,0.0
110320,11,32,0,Na32,32.02001086203937,53.73233957829033,0.0
110330,11,33,0,Na33,33.02552887871761,84.53014397072505,0.0
110340,11,34,0,Na34,34.03400987711412,126.02676010180824,0.0
110350,11,35,0,Na35,35.040612173334196,462.09812037329687,0.0
110360,11,36,0,Na36,36.04927567422785,inf,0.0
110370,11,37,0,Na37,37.057037398076815,693.1471805599452,0.0
110380,11,38,0,Na38,38.066463115282055,inf,0.0
110390,11,39,0,Na39,39.07512661617571,693.1471805599452,0.0
120000,12,0,0,Mg,24.305458129668644,0.0,
120190,12,19,0,Mg19,19.034181644170257,138629436111.98907,0.0
120200,12,20,0,Mg20,20.01876308173098,7.66755730707904,0.0
120210,12,21,0,Mg21,21.011705817520983,5.776226504666211,0.0
120220,12,22,0,Mg22,21.99957059309511,0.17889977559941808,0.0
120230,12,23,0,Mg23,22.994123773861638,0.06131929516007265,0.0
120240,12,24,0,Mg24,23.98504168953472,0.0,0.7896500000000001
120250,12,25,0,Mg25,24.985836968857523,0.0,0.10010999999999999
120260,12,26,0,Mg26,25.982592971941237,0.0,0.11025
120270,12,27,0,Mg27,26.98434065235435,0.0012244253322026943,0.0
120280,12,28,0,Mg28,27.983875421282818,9.205875375992048e-06,0.0
120290,12,29,0,Mg29,28.98860712058441,0.5331901388922656,0.0
120300,12,30,0,Mg30,29.990465425422936,2.186584165804244,0.0
120310,12,31,0,Mg31,30.996648395317226,2.567211779851649,0.0
120320,12,32,0,Mg32,31.999110031940415,8.621233589054045,0.0
120330,12,33,0,Mg33,33.00532789201798,7.534208484347231,0.0
120340,12,34,0,Mg34,34.00893510755116,15.437576404453123,0.0
120350,12,35,0,Mg35,35.0167902297369,61.34045845663232,0.0
120360,12,36,0,Mg36,36.0218788287748,177.73004629742186,0.0
120370,12,37,0,Mg37,37.03028467908426,86.64339756999316,0.0
120380,12,38,0,Mg38,38.03657564751509,346.5735902799726,0.0
120390,12,39,0,Mg39,39.045926216633276,inf,0.0
120400,12,40,0,Mg40,40.05319411019586,693.1471805599452,0.0
120410,12,41,0,Mg41,41.06237291225791,inf,0.0
130000,13,0,0,Al,26.981538412394293,0.0,
130210,13,21,0,Al21,21.02908230969134,inf,0.0
130220,13,22,0,Al22,22.019538502635008,7.608640840394569,0.0
130230,13,23,0,Al23,23.007244382946773,1.5541416604483078,0.0
130240,13,24,0,Al24,23.99994760031244,0.33762648833898945,0.0
130241,13,24,1,Al24m,24.00040471539057,5.331901388922656,0.0
130250,13,25,0,Al25,24.99042831300337,0.09671911095358263,0.0
130260,13,26,0,Al26,25.986891876232757,3.063455759123806e-14,0.0
130261,13,26,1,Al26m,25.987136977086415,0.10922583998738501,0.0
130270,13,27,0,Al27,26.981538412394293,0.0,1.0
130280,13,28,0,Al28,27.981910008949352,0.005145858801484374,0.0
130290,13,29,0,Al29,28.980453123721006,0.0017610446660567716,0.0
130300,13,30,0,Al30,29.982969189030108,0.19147712170164233,0.0
130310,13,31,0,Al31,30.9839497642118,1.0763154977638902,0.0
130320,13,32,0,Al32,31.988084734024948,21.262183452759054,0.0
130321,13,32,1,Al32m,31.989112115729437,3465735.902799726,0.0
130330,13,33,0,Al33,32.990878095775294,16.718455874576584,0.0
130340,13,34,0,Al34,33.99678194420337,12.900561707797232,0.0
130341,13,34,1,Al34m,33.99683186400406,31.364125817192093,0.0
130350,13,35,0,Al35,34.999759526121416,18.16423429140318,0.0
130360,13,36,0,Al36,36.00638758739991,7.701635339554948,0.0
130370,13,37,0,Al37,37.01053146762909,60.80238425964432,0.0
130380,13,38,0,Al38,38.017681271340585,77.01635339554947,0.0
130390,13,39,0,Al39,39.02307046272672,91.20357638946649,0.0
130400,13,40,0,Al40,40.03093954098576,69.31471805599453,0.0
130410,13,41,0,Al41,41.03713389044752,115.52453009332422,0.0
130420,13,42,0,Al42,42.045078116793626,231.04906018664843,0.0
130430,13,43,0,Al43,43.0518199737468,173.2867951399863,0.0
140000,14,0,0,Si,28.08499934564252,0.0,
140220,14,22,0,Si22,22.03611402355174,24.15146970592144,0.0
140230,14,23,0,Si23,23.02571138121475,16.386458169265847,0.0
140240,14,24,0,Si24,24.01153523136336,4.840413272066657,0.0
140250,14,25,0,Si25,25.004108453273854,3.142099639890958,0.0
140260,14,26,0,Si26,25.99233382157601,0.3087102750456266,0.0
140270,14,27,0,Si27,26.986704682347895,0.16836220076753589,0.0
140280,14,28,0,Si28,27.976926534463075,0.0,0.922545
140285,14,28,5,Si28r,27.990389901595442,inf,0.0
140290,14,29,0,Si29,28.9764946644186,0.0,0.04672
140300,14,30,0,Si30,29.973770137779226,0.0,0.030735000000000002
140310,14,31,0,Si31,30.975363193488413,7.350759104945547e-05,0.0
140320,14,32,0,Si32,31.974151537939015,1.39904317152342e-10,0.0
140330,14,33,0,Si33,32.97797699425245,0.1121597379546837,0.0
140340,14,34,0,Si34,33.97853802839954,0.25023363919131597,0.0
140341,14,34,1,Si34m,33.983107139447064,3300700.859809263,0.0
140350,14,35,0,Si35,34.98455170038913,0.8886502314871093,0.0
140360,14,36,0,Si36,35.98664511138574,1.3780262038965114,0.0
140370,14,37,0,Si37,36.99294681525758,4.9159374507797535,0.0
140380,14,38,0,Si38,37.99552332109956,11.00233619936421,0.0
140390,14,39,0,Si39,39.002490622313914,16.823960693202554,0.0
140400,14,40,0,Si40,40.006086995051675,22.216255787177733,0.0
140410,14,41,0,Si41,41.01417078213088,34.657359027997266,0.0
140420,14,42,0,Si42,42.018078482657884,55.45177444479562,0.0
140430,14,43,0,Si43,43.02611932797306,23.104906018664845,0.0
140440,14,44,0,Si44,44.03146557759517,173.2867951399863,0.0
140450,14,45,0,Si45,45.039817750699584,173.2867951399863,0.0
150000,15,0,0,P,30.97376199773844,0.0,
150240,15,24,0,P24,24.036521970310055,inf,0.0
150250,15,25,0,P25,25.02167485539565,inf,0.0
150260,15,26,0,P26,26.011776778786047,15.897871113760212,0.0
150261,15,26,1,P26m,26.011948545842177,6027366.787477785,0.0
150270,15,27,0,P27,26.999292534437558,2.665950694461328,0.0
150280,15,28,0,P28,27.992326414121717,2.5643624881980953,0.0
150290,15,29,0,P29,28.98180042156754,0.16897785971719775,0.0
150300,15,30,0,P30,29.978313485915415,0.0046209812037329686,0.0
150310,15,31,0,P31,30.97376199773844,0.0,1.0
150320,15,32,0,P32,31.97390763945475,5.622353922514824e-07,0.0
150330,15,33,0,P33,32.971725639598944,3.16470880159227e-07,0.0
150340,15,34,0,P34,33.973645887932086,0.05576405314239302,0.0
150350,15,35,0,P35,34.97331405545052,0.014654274430442819,0.0
150360,15,36,0,P36,35.9782596584142,0.12377628224284738,0.0
150370,15,37,0,P37,36.97960266208433,0.3000637145281148,0.0
150380,15,38,0,P38,37.984304785245946,1.0830424696249146,0.0
150390,15,39,0,P39,38.98629084183247,2.4579687253898768,0.0
150400,15,40,0,P40,39.99126135101929,4.620981203732969,0.0
150410,15,41,0,P41,40.99465375037789,6.862843371880646,0.0
150420,15,42,0,P42,42.0011701630699,14.291694444534954,0.0
150430,15,43,0,P43,43.005410662268154,19.36165308826663,0.0
150440,15,44,0,P44,44.01192707496016,37.46741516540245,0.0
150450,15,45,0,P45,45.01713376384916,69.31471805599453,0.0
150460,15,46,0,P46,46.024519747262836,77.01635339554947,0.0
150470,15,47,0,P47,47.03092880554476,173.2867951399863,0.0
160000,16,0,0,S,32.067450115325244,0.0,
160260,16,26,0,S26,26.029715700710828,inf,0.0
160270,16,27,0,S27,27.018776286323423,42.52436690551811,0.0
160280,16,28,0,S28,28.004369324490355,5.545177444479562,0.0
160290,16,29,0,S29,28.996678454552047,3.6869530880848154,0.0
160300,16,30,0,S30,29.98490677510048,0.5875124432615234,0.0
160310,16,31,0,S31,30.979557004253724,0.2714604764470687,0.0
160320,16,32,0,S32,31.97207117361651,0.0,0.9484999999999999
160330,16,33,0,S33,32.97145890865667,0.0,0.0076300000000000005
160340,16,34,0,S34,33.967867010772785,0.0,0.04365
160350,16,35,0,S35,34.96903232142335,9.182255707950559e-08,0.0
160360,16,36,0,S36,35.96708069339614,0.0,0.00015800000000000002
160370,16,37,0,S37,36.971125496240255,0.002287614457293549,0.0
160380,16,38,0,S38,37.97116353190775,6.783589553336712e-05,0.0
160390,16,39,0,S39,38.9751367186249,0.06027366787477785,0.0
160400,16,40,0,S40,39.97548239982537,0.07876672506363014,0.0
160410,16,41,0,S41,40.97959300018742,0.34831516611052526,0.0
160420,16,42,0,S42,41.98106515121289,0.68223147692908,0.0
160430,16,43,0,S43,42.98690812969044,2.6156497379620576,0.0
160431,16,43,1,S43m,42.98725273734681,1670234.1700239643,0.0
160440,16,44,0,S44,43.99011910009601,6.931471805599452,0.0
160441,16,44,1,S44m,43.99158448779364,264661.00823212875,0.0
160450,16,45,0,S45,44.99641436270325,10.19334089058743,0.0
160460,16,46,0,S46,46.00068706822453,13.862943611198904,0.0
160470,16,47,0,S47,47.00772951752594,28.881132523331054,0.0
160480,16,48,0,S48,48.013301211409214,69.31471805599453,0.0
160490,16,49,0,S49,49.02188956421581,173.2867951399863,0.0
170000,17,0,0,Cl,35.45213876682469,0.0,
170280,17,28,0,Cl28,28.03034909173031,inf,0.0
170290,17,29,0,Cl29,29.01505108829356,1.2836058899258245e+20,0.0
170300,17,30,0,Cl30,30.005018818671356,inf,0.0
170310,17,31,0,Cl31,30.992447617250697,3.648143055578659,0.0
170320,17,32,0,Cl32,31.985684611478735,2.325997250201159,0.0
170330,17,33,0,Cl33,32.97745203118715,0.2768380783448939,0.0
170340,17,34,0,Cl34,33.973762485556875,0.45401662445794544,0.0
170341,17,34,1,Cl34m,33.97391960947147,0.0003611270087318669,0.0
170350,17,35,0,Cl35,34.9688526960244,0.0,0.758
170360,17,36,0,Cl36,35.96830682032002,7.290068965455589e-14,0.0
170370,17,37,0,Cl37,36.96590257536445,0.0,0.242
170380,17,38,0,Cl38,37.96801040405833,0.000310299570489724,0.0
170381,17,38,1,Cl38m,37.968731149361304,0.9694366161677557,0.0
170390,17,39,0,Cl39,38.96800817108661,0.00020555966208776551,0.0
170400,17,40,0,Cl40,39.97041312458127,0.008557372599505498,0.0
170410,17,41,0,Cl41,40.97068151060648,0.01805070782708191,0.0
170420,17,42,0,Cl42,41.97334389997653,0.10193340890587431,0.0
170430,17,43,0,Cl43,42.974063174524076,0.22145277334183555,0.0
170440,17,44,0,Cl44,43.978013816815114,1.2333579725265928,0.0
170450,17,45,0,Cl45,44.980397084718945,1.6783224710894558,0.0
170460,17,46,0,Cl46,45.98526023949568,2.9877033644825226,0.0
170470,17,47,0,Cl47,46.9897154475141,6.862843371880646,0.0
170480,17,48,0,Cl48,47.99540523124847,23.104906018664845,0.0
170490,17,49,0,Cl49,49.00079442263461,19.804205158855577,0.0
170500,17,50,0,Cl50,50.00826628957635,69.31471805599453,0.0
170510,17,51,0,Cl51,51.01534094520078,138.62943611198907,0.0
170520,17,52,0,Cl52,52.02400444609444,346.5735902799726,0.0
180000,18,0,0,Ar,39.947798561947884,0.0,
180290,18,29,0,Ar29,29.040762469508312,inf,0.0
180300,18,30,0,Ar30,30.0236931183052,69314718055.99454,0.0
180310,18,31,0,Ar31,31.012163254662344,46.20981203732969,0.0
180320,18,32,0,Ar32,31.997637773560545,7.072930413876993,0.0
180330,18,33,0,Ar33,32.98992554009463,4.006631101502574,0.0
180340,18,34,0,Ar34,33.98027009518726,0.8188776558371869,0.0
180350,18,35,0,Ar35,34.97525770704507,0.3903734965983021,0.0
180360,18,36,0,Ar36,35.96754510642707,0.0,0.003336
180370,18,37,0,Ar37,36.96677630070179,2.2914332101443553e-07,0.0
180380,18,38,0,Ar38,37.96273209904237,0.0,0.000629
180390,18,39,0,Ar39,38.96431324700039,8.19588723616332e-11,0.0
180400,18,40,0,Ar40,39.96238312206152,0.0,0.996035
180410,18,41,0,Ar41,40.96450058044598,0.0001053959767296088,0.0
180420,18,42,0,Ar42,41.96304539141731,6.676285043440029e-10,0.0
180430,18,43,0,Ar43,42.9656358533326,0.002151294787585181,0.0
180440,18,44,0,Ar44,43.96492377153053,0.0009732479367592605,0.0
180450,18,45,0,Ar45,44.96803973328317,0.03226942181377771,0.0
180460,18,46,0,Ar46,45.96803919651112,0.08251752149523157,0.0
180470,18,47,0,Ar47,46.97276708473115,0.5635342931381669,0.0
180480,18,48,0,Ar48,47.97600092162607,1.6702341700239645,0.0
180490,18,49,0,Ar49,48.98168533763993,2.9370643244065477,0.0
180500,18,50,0,Ar50,49.98579701154609,6.539124344905145,0.0
180510,18,51,0,Ar51,50.99303269878565,23.104906018664845,0.0
180520,18,52,0,Ar52,51.998518509140865,17.328679513998633,0.0
180530,18,53,0,Ar53,53.0072893644446,34.657359027997266,0.0
180540,18,54,0,Ar54,54.01348371390636,138.62943611198907,0.0
190000,19,0,0,K,39.09830090887418,0.0,
190310,19,31,0,K31,31.03677962089425,69314718055.99454,0.0
190320,19,32,0,K32,32.02360723477713,inf,0.0
190321,19,32,1,K32m,32.02462710167292,inf,0.0
190330,19,33,0,K33,33.00809452252022,inf,0.0
190340,19,34,0,K34,33.998690276196996,inf,0.0
190350,19,35,0,K35,34.9880053991159,3.95631952374398,0.0
190360,19,36,0,K36,35.981301867687115,2.032689679061423,0.0
190370,19,37,0,K37,36.97337589159073,0.5605673876959711,0.0
190380,19,38,0,K38,37.969081114002734,0.0015099272002787115,0.0
190381,19,38,1,K38m,37.96922083576746,0.7498752426677614,0.0
190382,19,38,2,K38n,37.97279353685779,31578.459251022567,0.0
190390,19,39,0,K39,38.96370648524232,0.0,0.932581
190400,19,40,0,K40,39.96399816180679,1.7600142462273794e-17,0.000117
190401,19,40,1,K40m,39.96576268183267,2062938.0373807892,0.0
190410,19,41,0,K41,40.96182525594307,0.0,0.067302
190420,19,42,0,K42,41.9624023062946,1.5584045608164606e-05,0.0
190430,19,43,0,K43,42.9607346950947,8.634120335823932e-06,0.0
190431,19,43,1,K43m,42.96152729270434,3465735.902799726,0.0
190440,19,44,0,K44,43.96158698175634,0.0005220267966259567,0.0
190450,19,45,0,K45,44.960691538621845,0.0006490142140074394,0.0
190460,19,46,0,K46,45.961981616567805,0.007197790036967241,0.0
190470,19,47,0,K47,46.96166159307135,0.03988188610816717,0.0
190480,19,48,0,K48,47.96534116547693,0.10148567797363767,0.0
190490,19,49,0,K49,48.96821074885843,0.5501168099682106,0.0
190500,19,50,0,K50,49.97237985737399,1.4685321622032739,0.0
190501,19,50,1,K50m,49.97256450695932,5545177.444479561,0.0
190510,19,51,0,K51,50.97582915456994,1.8990333713971104,0.0
190520,19,52,0,K52,51.981599454111866,6.301338005090412,0.0
190530,19,53,0,K53,52.98679540755986,23.104906018664845,0.0
190540,19,54,0,K54,53.99447124788075,69.31471805599453,0.0
190550,19,55,0,K55,55.00050456572739,69.31471805599453,0.0
190560,19,56,0,K56,56.00856688192458,138.62943611198907,0.0
190570,19,57,0,K57,57.01516917814465,346.5735902799726,0.0
190580,19,58,0,K58,58.023542822131084,346.5735902799726,0.0
190590,19,59,0,K59,59.03086439289871,693.1471805599452,0.0
200000,20,0,0,Ca,40.07802249767344,0.0,
200330,20,33,0,Ca33,33.03331207344859,inf,0.0
200340,20,34,0,Ca34,34.01598507166128,inf,0.0
200350,20,35,0,Ca35,35.00557169388328,26.970707414783863,0.0
200360,20,36,0,Ca36,35.993075640549684,6.869645000594105,0.0
200370,20,37,0,Ca37,36.985897817337154,3.829542434032847,0.0
200380,20,38,0,Ca38,37.97631922745196,1.5621978376379204,0.0
200390,20,39,0,Ca39,38.97071081836043,0.8057040341275663,0.0
200400,20,40,0,Ca40,39.962590850697936,0.0,0.96941
200410,20,41,0,Ca41,40.962277904004196,2.209756317194939e-13,0.0
200420,20,42,0,Ca42,41.95861778421772,0.0,0.00647
200430,20,43,0,Ca43,42.95876638419216,0.0,0.00135
200440,20,44,0,Ca44,43.95548152174614,0.0,0.02086
200450,20,45,0,Ca45,44.95618630344833,4.933606058690365e-08,0.0
200460,20,46,0,Ca46,45.953687736908066,0.0,4e-05
200470,20,47,0,Ca47,46.95454109711381,1.7686368633237223e-06,0.0
200480,20,48,0,Ca48,47.95252265384885,3.922317463021017e-28,0.00187
200490,20,49,0,Ca49,48.95566262863594,0.0013251265209144783,0.0
200500,20,50,0,Ca50,49.95749924788363,0.051535106361334224,0.0
200510,20,51,0,Ca51,50.96099567366561,0.06931471805599453,0.0
200520,20,52,0,Ca52,51.96321361577791,0.15068416968694465,0.0
200530,20,53,0,Ca53,52.968448538876764,1.5035730597829615,0.0
200540,20,54,0,Ca54,53.97298963042325,7.701635339554948,0.0
200550,20,55,0,Ca55,54.97997840251962,31.50669002545206,0.0
200560,20,56,0,Ca56,55.98549641919786,63.01338005090412,0.0
200570,20,57,0,Ca57,56.99295755069859,86.64339756999316,0.0
200580,20,58,0,Ca58,57.99835747752574,173.2867951399863,0.0
200590,20,59,0,Ca59,59.006237291225794,138.62943611198907,0.0
200600,20,60,0,Ca60,60.01180898510907,346.5735902799726,0.0
200610,20,61,0,Ca61,61.02040807335668,693.1471805599452,0.0
210000,21,0,0,Sc,44.9559070746277,0.0,
210350,21,35,0,Sc35,35.02909304513235,inf,0.0
210360,21,36,0,Sc36,36.01733773722832,inf,0.0
210370,21,37,0,Sc37,37.004057996701114,inf,0.0
210380,21,38,0,Sc38,37.995437437571496,inf,0.0
210381,21,38,1,Sc38m,37.996156712119046,inf,0.0
210390,21,39,0,Sc39,38.98478465945901,inf,0.0
210400,21,40,0,Sc40,39.97796722500114,3.8022335741083118,0.0
210410,21,41,0,Sc41,40.96925116338831,1.1624135176252648,0.0
210415,21,41,5,Sc41r,40.972345493227316,inf,0.0
210420,21,42,0,Sc42,41.96551668993741,1.0182559357150447,0.0
210421,21,42,1,Sc42m,41.96617886267424,0.011234152035007217,0.0
210425,21,42,5,Sc42r,41.97203975860284,inf,0.0
210430,21,43,0,Sc43,42.961150478724946,4.948365034409501e-05,0.0
210431,21,43,1,Sc43m,42.96131344271945,1582.527809497592,0.0
210432,21,43,2,Sc43n,42.9645039084327,1468532.1622032737,0.0
210440,21,44,0,Sc44,43.95940285628321,4.763387434474004e-05,0.0
210441,21,44,1,Sc44m,43.95947574992766,4477694.964857527,0.0
210442,21,44,2,Sc44n,43.959559808430754,13591.121187449908,0.0
210443,21,44,3,Sc44p,43.95969400144336,3.285120004928744e-06,0.0
210450,21,45,0,Sc45,44.9559070746277,0.0,1.0
210451,21,45,1,Sc45m,44.95592038657455,2.1797081149683812,0.0
210460,21,46,0,Sc46,45.955167080679004,9.578347853954181e-08,0.0
210461,21,46,1,Sc46m,45.955222904972246,73739.06176169631,0.0
210462,21,46,2,Sc46n,45.95532006071337,0.03696784962986375,0.0
210470,21,47,0,Sc47,46.95240248991056,2.3953591341324507e-06,0.0
210471,21,47,1,Sc47m,46.95322568352707,2548335.2226468576,0.0
210480,21,48,0,Sc48,47.9522229933369,4.408996645039471e-06,0.0
210490,21,49,0,Sc49,48.95001321015976,0.00020203660387080135,0.0
210500,21,50,0,Sc50,49.952187459027165,0.006762411517658003,0.0
210501,21,50,1,Sc50m,49.95246325250667,1.9804205158855577,0.0
210510,21,51,0,Sc51,50.953568788221695,0.05589896617418914,0.0
210520,21,52,0,Sc52,51.956495698858184,0.08453014397072504,0.0
210530,21,53,0,Sc53,52.95837869521103,0.28881132523331055,0.0
210540,21,54,0,Sc54,53.963029288255804,1.3177703052470442,0.0
210541,21,54,1,Sc54m,53.96314737810689,250233.639191316,0.0
210550,21,55,0,Sc55,54.966891899930566,7.2202831308327635,0.0
210560,21,56,0,Sc56,55.97260315454695,26.659506944613277,0.0
210561,21,56,1,Sc56m,55.97260315454695,9.241962407465937,0.0
210562,21,56,2,Sc56n,55.97342978350459,2390162.691586018,0.0
210570,21,57,0,Sc57,56.97704762712437,31.50669002545206,0.0
210580,21,58,0,Sc58,57.98338153731923,57.76226504666211,0.0
210581,21,58,1,Sc58m,57.9849059699424,1155245.3009332423,0.0
210590,21,59,0,Sc59,58.98837351738807,57.76226504666211,0.0
210600,21,60,0,Sc60,59.995115374341246,69.31471805599453,0.0
210610,21,61,0,Sc61,61.00053677205041,99.02102579427789,0.0
210620,21,62,0,Sc62,62.00784760737703,346.5735902799726,0.0
210630,21,63,0,Sc63,63.01403122139778,693.1471805599452,0.0
220000,22,0,0,Ti,47.86674365969222,0.0,
220370,22,37,0,Ti37,37.02702110501776,inf,0.0
220380,22,38,0,Ti38,38.012206196426376,inf,0.0
220390,22,39,0,Ti39,39.00268386025206,24.32095370385773,0.0
220400,22,40,0,Ti40,39.990348838533585,13.22799962900659,0.0
220410,22,41,0,Ti41,40.98314750470526,8.463335537972469,0.0
220420,22,42,0,Ti42,41.97304937315246,3.327638888909963,0.0
220430,22,43,0,Ti43,42.96852798114023,1.361782280078478,0.0
220431,22,43,1,Ti43m,42.96886400044378,58247.662231928174,0.0
220432,22,43,2,Ti43n,42.971819467353356,1246667.5909351532,0.0
220440,22,44,0,Ti44,43.95968992197577,3.716578306754263e-10,0.0
220450,22,45,0,Ti45,44.9581207225636,6.251327386002392e-05,0.0
220451,22,45,1,Ti45m,44.95815990692328,231049.06018664842,0.0
220460,22,46,0,Ti46,45.952626356061906,0.0,0.0825
220470,22,47,0,Ti47,46.95175749387934,0.0,0.07440000000000001
220480,22,48,0,Ti48,47.947940679595916,0.0,0.7372
220490,22,49,0,Ti49,48.94786439355211,0.0,0.0541
220500,22,50,0,Ti50,49.94478561936712,0.0,0.0518
220510,22,51,0,Ti51,50.94660943123369,0.0020056342030091013,0.0
220520,22,52,0,Ti52,51.94688350704263,0.006795560593724954,0.0
220530,22,53,0,Ti53,52.9496707495916,0.021197161485013615,0.0
220540,22,54,0,Ti54,53.95089179865188,0.3300700859809263,0.0
220550,22,55,0,Ti55,54.9550915031743,0.5331901388922656,0.0
220560,22,56,0,Ti56,55.95768089154549,3.465735902799726,0.0
220570,22,57,0,Ti57,56.96307008293163,7.296286111157318,0.0
220580,22,58,0,Ti58,57.9668060164025,12.602676010180824,0.0
220590,22,59,0,Ti59,58.972216678670655,24.32095370385773,0.0
220591,22,59,1,Ti59m,58.97233476852175,1127068.5862763338,0.0
220600,22,60,0,Ti60,59.976274675371776,31.222845971168706,0.0
220610,22,61,0,Ti61,60.9824260830695,46.20981203732969,0.0
220611,22,61,1,Ti61m,60.9825549083616,3465735.902799726,0.0
220612,22,61,2,Ti61n,60.983177563940075,1958042.8829376984,0.0
220620,22,62,0,Ti62,61.98690276196994,77.01635339554947,0.0
220630,22,63,0,Ti63,62.99370903156917,69.31471805599453,0.0
220640,22,64,0,Ti64,63.99841115473078,138.62943611198907,0.0
220650,22,65,0,Ti65,65.0055931647653,693.1471805599452,0.0
230000,23,0,0,V,50.94146565676945,0.0,
230390,23,39,0,V39,39.02422989035561,inf,0.0
230400,23,40,0,V40,40.013387094937286,inf,0.0
230410,23,41,0,V41,41.00033279867126,inf,0.0
230420,23,42,0,V42,41.99181959395172,inf,0.0
230430,23,43,0,V43,42.980762089713224,8.740821949053535,0.0
230440,23,44,0,V44,43.97444106204757,6.244569194233741,0.0
230441,23,44,1,V44m,43.97473199249889,4.620981203732969,0.0
230442,23,44,2,V44n,43.974599946574486,inf,0.0
230450,23,45,0,V45,44.96576854338347,1.2671794891406678,0.0
230451,23,45,1,V45m,44.965829520688395,1353803.087031143,0.0
230460,23,46,0,V46,45.960197386272235,1.640119210070383,0.0
230461,23,46,1,V46m,45.961057788927285,679.5560593724954,0.0
230470,23,47,0,V47,46.95490355780857,0.00035436972421265094,0.0
230480,23,48,0,V48,47.952250905483524,5.022403863922375e-07,0.0
230490,23,49,0,V49,48.94851046312743,2.4310717612231527e-08,0.0
230500,23,50,0,V50,49.947156681074524,8.105157857165201e-26,0.0025
230510,23,51,0,V51,50.9439576592148,0.0,0.9975
230520,23,52,0,V52,51.944773638614954,0.003086415444651996,0.0
230530,23,53,0,V53,52.94433459128404,0.007487007783105911,0.0
230540,23,54,0,V54,53.946432296457054,0.013918618083533039,0.0
230541,23,54,1,V54m,53.94654823921994,770163.5339554948,0.0
230550,23,55,0,V55,54.94726214604699,0.10598580742506808,0.0
230560,23,56,0,V56,55.95042373342392,3.2090147248145615,0.0
230570,23,57,0,V57,56.95229170015935,1.9804205158855577,0.0
230580,23,58,0,V58,57.95659661200366,3.6290428301567816,0.0
230590,23,59,0,V59,58.95962400636799,7.296286111157318,0.0
230600,23,60,0,V60,59.964476425703715,5.681534266884798,0.0
230601,23,60,1,V60m,59.964476425703715,17.328679513998633,0.0
230602,23,60,2,V60n,59.964691134523875,3013683.3937388924,0.0
230610,23,61,0,V61,60.96760043903711,14.380646899583924,0.0
230620,23,62,0,V62,61.97293595321821,20.62938037380789,0.0
230630,23,63,0,V63,62.976661151248074,35.36465206938496,0.0
230640,23,64,0,V64,63.98247976027454,46.20981203732969,0.0
230641,23,64,1,V64m,63.98256564380261,693147.1805599453,0.0
230650,23,65,0,V65,64.98699938093901,49.510512897138945,0.0
230660,23,66,0,V66,65.9932366721648,69.31471805599453,0.0
230670,23,67,0,V67,66.99813203326457,86.64339756999316,0.0
240000,24,0,0,Cr,51.996130281944176,0.0,
240410,24,41,0,Cr41,41.02191103509783,inf,0.0
240420,24,42,0,Cr42,42.00757922135182,52.11632936540941,0.0
240430,24,43,0,Cr43,42.997885118121374,32.85057727772252,0.0
240440,24,44,0,Cr44,43.98559303816693,16.19502758317629,0.0
240450,24,45,0,Cr45,44.97905515459291,11.381727102790563,0.0
240451,24,45,1,Cr45m,44.979173244444,8664.339756999318,0.0
240460,24,46,0,Cr46,45.968360508260496,3.0902683038784895,0.0
240470,24,47,0,Cr47,46.9628950952432,1.5016186753898295,0.0
240480,24,48,0,Cr48,47.95402976805859,8.930467694289132e-06,0.0
240490,24,49,0,Cr49,48.95133366940378,0.00027310763615443075,0.0
240500,24,50,0,Cr50,49.94604221347257,0.0,0.043449999999999996
240510,24,51,0,Cr51,50.94476539379626,2.8960658491548846e-07,0.0
240520,24,52,0,Cr52,51.940504711968906,0.0,0.83789
240530,24,53,0,Cr53,52.94064630170037,0.0,0.09501
240540,24,54,0,Cr54,53.93887735867279,0.0,0.02365
240550,24,55,0,Cr55,54.940836641069446,0.003303532459059886,0.0
240560,24,56,0,Cr56,55.9406490070315,0.001944857408978522,0.0
240570,24,57,0,Cr57,56.94361209610419,0.032850577277722524,0.0
240580,24,58,0,Cr58,57.94418450981875,0.09902102579427789,0.0
240590,24,59,0,Cr59,58.948345459399135,0.6601401719618526,0.0
240591,24,59,1,Cr59m,58.94888513001862,7220.283130832763,0.0
240600,24,60,0,Cr60,59.94964165654647,1.4145860827753987,0.0
240610,24,61,0,Cr61,60.954378133119306,2.8524575331684994,0.0
240620,24,62,0,Cr62,61.95614250284901,3.3647921386405106,0.0
240630,24,63,0,Cr63,62.96115917443216,5.373233957829033,0.0
240640,24,64,0,Cr64,63.96388597644826,16.1197018734871,0.0
240650,24,65,0,Cr65,64.96960796650565,25.205352020361648,0.0
240660,24,66,0,Cr66,65.97301110130527,29.123831115964087,0.0
240670,24,67,0,Cr67,66.97931280517712,63.01338005090412,0.0
240680,24,68,0,Cr68,67.98315609305806,69.31471805599453,0.0
240690,24,69,0,Cr69,68.98966177030906,115.52453009332422,0.0
240700,24,70,0,Cr70,69.99394521127135,115.52453009332422,0.0
250000,25,0,0,Mn,54.938043043139395,0.0,
250430,25,43,0,Mn43,43.01864746103132,inf,0.0
250440,25,44,0,Mn44,44.00800863899215,inf,0.0
250450,25,45,0,Mn45,44.99465375037789,inf,0.0
250460,25,46,0,Mn46,45.98666658226776,19.147712170164233,0.0
250461,25,46,1,Mn46m,45.98682761388288,693.1471805599452,0.0
250470,25,47,0,Mn47,46.97577010964439,7.876672506363015,0.0
250480,25,48,0,Mn48,47.96854837847814,4.384232641112874,0.0
250490,25,49,0,Mn49,48.95961337828139,1.8145214150783908,0.0
250500,25,50,0,Mn50,49.954238153704,2.447467181808359,0.0
250501,25,50,1,Mn50m,49.9544800446608,0.006601401719618527,0.0
250510,25,51,0,Mn51,50.9482087972351,0.0002521819037182366,0.0
250520,25,52,0,Mn52,51.945559086420886,1.4349019517146133e-06,0.0
250521,25,52,1,Mn52m,51.945964617704966,0.0005475096212953754,0.0
250530,25,53,0,Mn53,52.94128755106267,5.93648048457235e-15,0.0
250540,25,54,0,Mn54,53.94035582213756,2.5706585187936474e-08,0.0
250550,25,55,0,Mn55,54.938043043139395,0.0,1.0
250560,25,56,0,Mn56,55.93890281240342,7.466008123187162e-05,0.0
250570,25,57,0,Mn57,56.938285921756766,0.00811647752412114,0.0
250580,25,58,0,Mn58,57.940066609356805,0.23104906018664842,0.0
250581,25,58,1,Mn58m,57.940143689823245,0.010598580742506808,0.0
250590,25,59,0,Mn59,58.94039114173848,0.15101245763833232,0.0
250600,25,60,0,Mn60,59.94313662342193,2.475525644856947,0.0
250601,25,60,1,Mn60m,59.943428520062945,0.3916085765875397,0.0
250610,25,61,0,Mn61,60.94445257378072,0.9776405931734067,0.0
250620,25,62,0,Mn62,61.947907346051586,7.534208484347231,0.0
250621,25,62,1,Mn62m,61.94827557167817,1.0330062303426903,0.0
250630,25,63,0,Mn63,62.949664737744634,2.5205352020361644,0.0
250640,25,64,0,Mn64,63.95384941264965,7.8057114927921765,0.0
250641,25,64,1,Mn64m,63.95403620932319,1578.9229625511282,0.0
250650,25,65,0,Mn65,64.95602011882151,7.5424067525565315,0.0
250660,25,66,0,Mn66,65.9605472542947,10.864375870845539,0.0
250661,25,66,1,Mn66m,65.96104537875748,888.6502314871094,0.0
250670,25,67,0,Mn67,66.96395038909431,14.842552046251503,0.0
250680,25,68,0,Mn68,67.96895310460415,20.5681655952506,0.0
250690,25,69,0,Mn69,68.97277492160309,31.364125817192093,0.0
250700,25,70,0,Mn70,69.97804602313813,34.83151661105253,0.0
250710,25,71,0,Mn71,70.9821576970443,43.32169878499658,0.0
250720,25,72,0,Mn72,71.98800851239379,57.76226504666211,0.0
250730,25,73,0,Mn73,72.99280725452448,57.76226504666211,0.0
260000,26,0,0,Fe,55.84514364261429,0.0,
260450,26,45,0,Fe45,45.015469770492885,277.25887222397813,0.0
260460,26,46,0,Fe46,46.001298988361995,53.319013889226554,0.0
260470,26,47,0,Fe47,46.99234563056112,31.65055618995184,0.0
260471,26,47,1,Fe47m,46.99317225951876,inf,0.0
260480,26,48,0,Fe48,47.98066547074415,15.301262264016453,0.0
260490,26,49,0,Fe49,48.97342870996049,10.713248540339183,0.0
260500,26,50,0,Fe50,49.96298849357997,4.560178819473324,0.0
260510,26,51,0,Fe51,50.95685512142314,2.26963713346413,0.0
260520,26,52,0,Fe52,51.94811335916453,2.3267780482039118e-05,0.0
260521,26,52,1,Fe52m,51.95558594538082,0.01510124576383323,0.0
260530,26,53,0,Fe53,52.94530561192324,0.0013575150422247264,0.0
260531,26,53,1,Fe53m,52.948569615407386,0.004548209846193867,0.0
260540,26,54,0,Fe54,53.93960820602575,0.0,0.058449999999999995
260541,26,54,1,Fe54m,53.94661533572624,1904250.4960438055,0.0
260550,26,55,0,Fe55,54.93829118212286,7.969297508496368e-09,0.0
260560,26,56,0,Fe56,55.93493554091427,0.0,0.91754
260570,26,57,0,Fe57,56.93539194745329,0.0,0.02119
260580,26,58,0,Fe58,57.933273544350016,0.0,0.0028199999999999996
260590,26,59,0,Fe59,58.93487344712347,1.8028172611317762e-07,0.0
260600,26,60,0,Fe60,59.934070436136054,8.38357931027393e-15,0.0
260610,26,61,0,Fe61,60.93674624480736,0.0019318483293198029,0.0
260611,26,61,1,Fe61m,60.93767131775904,2912383.1115964088,0.0
260620,26,62,0,Fe62,61.93679176307724,0.01019334089058743,0.0
260630,26,63,0,Fe63,62.94027230040652,0.11363068533769595,0.0
260640,26,64,0,Fe64,63.94098728077767,0.34657359027997264,0.0
260650,26,65,0,Fe65,64.94501521824397,0.8610523982111121,0.0
260651,26,65,1,Fe65m,64.94543819461968,0.6188814112142368,0.0
260652,26,65,2,Fe65n,64.94544248879609,1658246.8434448452,0.0
260660,26,66,0,Fe66,65.94624979395991,1.4842552046251505,0.0
260670,26,67,0,Fe67,66.95093044623951,1.7592568034516376,0.0
260671,26,67,1,Fe67m,66.95136308451214,10830.424696249145,0.0
260672,26,67,2,Fe67n,66.95141139399668,9241.962407465939,0.0
260680,26,68,0,Fe68,67.9528714139738,3.6869530880848154,0.0
260690,26,69,0,Fe69,68.95791707124768,4.278686299752748,0.0
260700,26,70,0,Fe70,69.96039695812058,11.289042028663603,0.0
260710,26,71,0,Fe71,70.96572173686067,20.208372611077124,0.0
260720,26,72,0,Fe72,71.96859883505088,40.77336356234972,0.0
260730,26,73,0,Fe73,72.97424567702122,53.73233957829033,0.0
260740,26,74,0,Fe74,73.97782057887696,138.62943611198907,0.0
260750,26,75,0,Fe75,74.98421890171788,77.01635339554947,0.0
260760,26,76,0,Fe76,75.98863116797227,231.04906018664843,0.0
270000,27,0,0,Co,58.933193565314504,0.0,
270470,27,47,0,Co47,47.011401038350755,inf,0.0
270480,27,48,0,Co48,48.00185723129443,inf,0.0
270490,27,49,0,Co49,48.989500738693934,inf,0.0
270500,27,50,0,Co50,49.981116359266494,17.864618055668693,0.0
270510,27,51,0,Co51,50.970649304283455,10.074813670929437,0.0
270520,27,52,0,Co52,51.96313020140128,6.205435815218848,0.0
270521,27,52,1,Co52m,51.963533853983186,6.795560593724954,0.0
270530,27,53,0,Co53,52.954203252785284,2.8337987757969962,0.0
270531,27,53,1,Co53m,52.95761100382453,2.772588722239781,0.0
270540,27,54,0,Co54,53.948459040365,3.586418898742408,0.0
270541,27,54,1,Co54m,53.94867117267932,0.007805711492792177,0.0
270550,27,55,0,Co55,54.94199641223244,1.0983507329656228e-05,0.0
270560,27,56,0,Co56,55.93983805181774,1.038704336324564e-07,0.0
270570,27,57,0,Co57,56.93628977385569,2.951512930689488e-08,0.0
270580,27,58,0,Co58,57.93575128413472,1.1324229027209649e-07,0.0
270581,27,58,1,Co58m,57.93577801538283,2.174865960565613e-05,0.0
270582,27,58,2,Co58n,57.935808289326474,66014.01719618528,0.0
270590,27,59,0,Co59,58.933193565314504,0.0,1.0
270600,27,60,0,Co60,59.93381557676652,4.166820539689209e-09,0.0
270601,27,60,1,Co60m,59.93387848645083,0.0011037023989044065,0.0
270610,27,61,0,Co61,60.93247600843751,0.00011676220951417447,0.0
270620,27,62,0,Co62,61.93405862715095,0.007501592863202871,0.0
270621,27,62,1,Co62m,61.93408224512117,0.0008335103181336524,0.0
270630,27,63,0,Co63,62.933599150275796,0.025767553180667112,0.0
270640,27,64,0,Co64,63.9358106511235,2.3104906018664844,0.0
270641,27,64,1,Co64m,63.93592444679818,2.3104906018664844,0.0
270650,27,65,0,Co65,64.93646207768387,0.5975406728965046,0.0
270660,27,66,0,Co66,65.93944245081659,3.5729236111337386,0.0
270661,27,66,1,Co66m,65.93963032103423,841198.0346601277,0.0
270662,27,66,2,Co66n,65.94013166612932,6931.471805599454,0.0
270670,27,67,0,Co67,66.94060939325418,2.106830336048466,0.0
270671,27,67,1,Co67m,66.94113757695179,1.3974741543547284,0.0
270680,27,68,0,Co68,67.94455896200111,3.465735902799726,0.0
270681,27,68,1,Co68m,67.94472321424854,0.43321698784996576,0.0
270682,27,68,2,Co68n,67.94476615601258,6862843.371880646,0.0
270690,27,69,0,Co69,68.94590411275945,3.850817669777474,0.0
270691,27,69,1,Co69m,68.94609413006529,0.9241962407465937,0.0
270700,27,70,0,Co70,69.95005336070913,1.36446295385816,0.0
270701,27,70,1,Co70m,69.9502627018088,6.188814112142368,0.0
270710,27,71,0,Co71,70.95236684824641,8.664339756999317,0.0
270720,27,72,0,Co72,71.95673617273677,13.459168554562043,0.0
270721,27,72,1,Co72m,71.95695088155693,14.500987041003041,0.0
270730,27,73,0,Co73,72.95923753049169,16.503504299046316,0.0
270740,27,74,0,Co74,73.96399333085834,22.145277334183554,0.0
270750,27,75,0,Co75,74.9671924922788,26.15649737962058,0.0
270760,27,76,0,Co76,75.97245285837283,30.136833937388925,0.0
270761,27,76,1,Co76m,75.97256021278292,43.32169878499658,0.0
270762,27,76,2,Co76n,75.97324728100745,231821.79951837633,0.0
270770,27,77,0,Co77,76.97647864875093,46.20981203732969,0.0
270780,27,78,0,Co78,77.98355330437536,63.01338005090412,0.0
280000,28,0,0,Ni,58.693350348317246,0.0,
280480,28,48,0,Ni48,48.01951703175299,247.55256448569475,0.0
280490,28,49,0,Ni49,49.009157331180035,92.41962407465938,0.0
280500,28,50,0,Ni50,49.99628553741115,37.46741516540245,0.0
280510,28,51,0,Ni51,50.98749321122539,29.123831115964087,0.0
280520,28,52,0,Ni52,51.975780845085396,16.582468434448455,0.0
280530,28,53,0,Ni53,52.96818981474846,12.557014140578717,0.0
280540,28,54,0,Ni54,53.95783333480781,6.07490955793116,0.0
280541,28,54,1,Ni54m,53.96476520906683,4560178.819473324,0.0
280550,28,55,0,Ni55,54.95132980464501,3.399446692299879,0.0
280560,28,56,0,Ni56,55.942127814030385,1.3205821912817126e-06,0.0
280563,28,56,3,Ni56p,55.95257930262397,inf,0.0
280570,28,57,0,Ni57,56.93979135264935,5.408451783395328e-06,0.0
280580,28,58,0,Ni58,57.935341619705845,0.0,0.680769
280590,28,59,0,Ni59,58.93434547813469,2.711725653446629e-13,0.0
280600,28,60,0,Ni60,59.930785176478715,0.0,0.262231
280610,28,61,0,Ni61,60.93105485075684,0.0,0.011399
280620,28,62,0,Ni62,61.92834479602872,0.0,0.036345
280630,28,63,0,Ni63,62.92966901267709,2.1704523510788233e-10,0.0
280631,28,63,1,Ni63m,62.929762518368264,415058.19195206306,0.0
280640,28,64,0,Ni64,63.92796626437877,0.0,0.009256
280650,28,65,0,Ni65,64.93008458159852,7.648098649011865e-05,0.0
280651,28,65,1,Ni65m,64.93015264429451,10045.611312462976,0.0
280660,28,66,0,Ni66,65.92913932601773,3.526389807488529e-06,0.0
280670,28,67,0,Ni67,66.93156940044436,0.033007008598092635,0.0
280671,28,67,1,Ni67m,66.93265002993626,51960.05851273953,0.0
280680,28,68,0,Ni68,67.93186881189409,0.02390162691586018,0.0
280681,28,68,1,Ni68m,67.93359056192298,2567211.779851649,0.0
280682,28,68,2,Ni68n,67.93492712432851,815.4672712469945,0.0
280690,28,69,0,Ni69,68.93560989837664,0.06080238425964432,0.0
280691,28,69,1,Ni69m,68.935954506033,0.19804205158855578,0.0
280692,28,69,2,Ni69n,68.93850846744887,1578922.9625511281,0.0
280700,28,70,0,Ni70,69.93643126696819,0.11552453009332421,0.0
280701,28,70,1,Ni70m,69.93950256928623,2987703.3644825225,0.0
280710,28,71,0,Ni71,70.9405190008409,0.27076061740622864,0.0
280711,28,71,1,Ni71m,70.94051921554971,0.3013683393738893,0.0
280720,28,72,0,Ni72,71.94178589023427,0.4414950194649333,0.0
280730,28,73,0,Ni73,72.94620663748707,0.8251752149523158,0.0
280740,28,74,0,Ni74,73.94771840228984,1.3652692152057224,0.0
280750,28,75,0,Ni75,74.95250640897952,2.0903111597103297,0.0
280760,28,76,0,Ni76,75.95470717438621,2.95459156248911,0.0
280761,28,76,1,Ni76m,75.9573051511102,1265328.9166848217,0.0
280770,28,77,0,Ni77,76.9599031278342,4.362159726620171,0.0
280780,28,78,0,Ni78,77.96255478176323,5.672235520130485,0.0
280790,28,79,0,Ni79,78.96976899812078,15.75334501272603,0.0
280800,28,80,0,Ni80,79.97505083509684,23.104906018664845,0.0
280810,28,81,0,Ni81,80.98272667541774,23.104906018664845,0.0
280820,28,82,0,Ni82,81.98849160723915,43.32169878499658,0.0
290000,29,0,0,Cu,63.546039430270014,0.0,
290520,29,52,0,Cu52,51.99798173709045,inf,0.0
290530,29,53,0,Cu53,52.985893630515164,inf,0.0
290540,29,54,0,Cu54,53.97719792329848,inf,0.0
290550,29,55,0,Cu55,54.966033064649906,12.399770671913155,0.0
290560,29,56,0,Cu56,55.958528991385144,8.578554214850808,0.0
290570,29,57,0,Cu57,56.949211702134086,3.5292626301422874,0.0
290580,29,58,0,Cu58,57.944532230753005,0.21633807133581312,0.0
290590,29,59,0,Cu59,58.93949666479367,0.008504873381103624,0.0
290600,29,60,0,Cu60,59.93736374737416,0.00048744527465537644,0.0
290610,29,61,0,Cu61,60.93345733510007,5.7595238853985554e-05,0.0
290620,29,62,0,Cu62,61.93259484976947,0.0011944223541493404,0.0
290630,29,63,0,Cu63,62.92959708522233,0.0,0.6915
290640,29,64,0,Cu64,63.92976402133001,1.5160222000005802e-05,0.0
290650,29,65,0,Cu65,64.92778945166536,0.0,0.3085
290660,29,66,0,Cu66,65.92886879290432,0.0022563384783852386,0.0
290661,29,66,1,Cu66m,65.9301078775055,1155245.300933242,0.0
290670,29,67,0,Cu67,66.92772944055012,3.1140366082625535e-06,0.0
290680,29,68,0,Cu68,67.92961093394123,0.02243194759093674,0.0
290681,29,68,1,Cu68m,67.93038528130116,0.003080654135821979,0.0
290690,29,69,0,Cu69,68.92942929027937,0.004053492283976288,0.0
290691,29,69,1,Cu69m,68.93237294820383,1941588.7410642724,0.0
290700,29,70,0,Cu70,69.93239205728882,0.015576341136178546,0.0
290701,29,70,1,Cu70m,69.93250059259742,0.02100446001696804,0.0
290702,29,70,2,Cu70n,69.93265249908768,0.1050223000848402,0.0
290710,29,71,0,Cu71,70.93267686853878,0.03572923611133739,0.0
290711,29,71,1,Cu71m,70.93563523401743,2557738.6736529344,0.0
290720,29,72,0,Cu72,71.9358203130204,0.10454708605730699,0.0
290721,29,72,1,Cu72m,71.93611049199086,393833.62531815073,0.0
290730,29,73,0,Cu73,72.93667442470702,0.16503504299046315,0.0
290740,29,74,0,Cu74,73.93987508908921,0.43159849349934326,0.0
290750,29,75,0,Cu75,74.94152383811927,0.5662967161437462,0.0
290751,29,75,1,Cu75m,74.94159007579029,2235958.6469675656,0.0
290752,29,75,2,Cu75n,74.94159490673874,4651994.500402317,0.0
290760,29,76,0,Cu76,75.9452690040694,1.0869486914849384,0.0
290770,29,77,0,Cu77,76.94754362931023,1.4738404859875511,0.0
290780,29,78,0,Cu78,77.95191703326816,2.095999941215438,0.0
290790,29,79,0,Cu79,78.95447099468403,2.8725535870698105,0.0
290800,29,80,0,Cu80,79.96062240238176,6.117803888437293,0.0
290810,29,81,0,Cu81,80.96574320774269,9.469223778141329,0.0
290820,29,82,0,Cu82,81.97237771028578,20.38668178117486,0.0
290830,29,83,0,Cu83,82.97811043578419,33.00700859809263,0.0
290840,29,84,0,Cu84,83.98527097493668,inf,0.0
300000,30,0,0,Zn,65.37778230341989,0.0,
300540,30,54,0,Zn54,53.9938807986253,385.08176697774735,0.0
300550,30,55,0,Zn55,54.984680525681235,35.007433361613394,0.0
300560,30,56,0,Zn56,55.97274271528006,21.393431498763743,0.0
300570,30,57,0,Zn57,56.96505613951816,15.167334366738407,0.0
300580,30,58,0,Zn58,57.954589084535115,8.05985093674355,0.0
300590,30,59,0,Zn59,58.94931186379869,3.878831452489901,0.0
300600,30,60,0,Zn60,59.941841285109874,0.004853971852660682,0.0
300610,30,61,0,Zn61,60.93950686346263,0.007779429635914089,0.0
300620,30,62,0,Zn62,61.93433334708635,2.0944292775902722e-05,0.0
300630,30,63,0,Zn63,62.933211171437755,0.0003002977127458389,0.0
300640,30,64,0,Zn64,63.92914179516917,0.0,0.4917
300650,30,65,0,Zn65,64.92924056122645,3.28873362795622e-08,0.0
300651,30,65,1,Zn65m,64.92929842525348,433216.9878499658,0.0
300660,30,66,0,Zn66,65.92603367028846,0.0,0.2773
300670,30,67,0,Zn67,66.92712739701838,0.0,0.0404
300671,30,67,1,Zn67m,66.92722755868299,75753.79022513062,0.0
300672,30,67,2,Zn67n,66.92777635442734,2081523.0647445803,0.0
300680,30,68,0,Zn68,67.92484418342475,0.0,0.1845
300690,30,69,0,Zn69,68.9265503670642,0.00020483072711582307,0.0
300691,30,69,1,Zn69m,68.92702122350681,1.4006029205562938e-05,0.0
300700,30,70,0,Zn70,69.92531922668937,0.0,0.0060999999999999995
300710,30,71,0,Zn71,70.9277195639444,0.004813522087221842,0.0
300711,30,71,1,Zn71m,70.9278888618491,4.641776361833985e-05,0.0
300720,30,72,0,Zn72,71.92684280047726,4.140664161051047e-06,0.0
300730,30,73,0,Zn73,72.92958259237697,0.02829172165550797,0.0
300731,30,73,1,Zn73m,72.92979247024869,53.319013889226554,0.0
300740,30,74,0,Zn74,73.9294072826253,0.007250493520501521,0.0
300750,30,75,0,Zn75,74.93284026195091,0.06795560593724954,0.0
300751,30,75,1,Zn75m,74.93297649469731,0.13862943611198905,0.0
300760,30,76,0,Zn76,75.93311498188632,0.12160476851928864,0.0
300770,30,77,0,Zn77,76.9368872011478,0.333243836807666,0.0
300771,30,77,1,Zn77m,76.93771640661127,0.6601401719618526,0.0
300780,30,78,0,Zn78,77.93828924974348,0.47152869425846616,0.0
300781,30,78,1,Zn78m,77.94115958460586,2166084.939249829,0.0
300790,30,79,0,Zn79,78.9426380695415,0.9291517165682913,0.0
300791,30,79,1,Zn79m,78.94382143720385,3.465735902799726,0.0
300800,30,80,0,Zn80,79.94455295015415,1.2329192112414538,0.0
300810,30,81,0,Zn81,80.9504022625419,2.3151208435535913,0.0
300820,30,82,0,Zn82,81.9545740549177,3.8962742021357237,0.0
300830,30,83,0,Zn83,82.96104108458107,6.931471805599452,0.0
300840,30,84,0,Zn84,83.96582909127075,12.836058899258246,0.0
300850,30,85,0,Zn85,84.9730540430693,17.328679513998633,0.0
300860,30,86,0,Zn86,85.97846470533746,inf,0.0
310000,31,0,0,Ga,69.72306610339889,0.0,
310560,31,56,0,Ga56,55.99587759065283,inf,0.0
310570,31,57,0,Ga57,56.983456685406296,inf,0.0
310580,31,58,0,Ga58,57.97472877186659,inf,0.0
310581,31,58,1,Ga58m,57.974760978189614,inf,0.0
310590,31,59,0,Ga59,58.96375715115616,inf,0.0
310600,31,60,0,Ga60,59.957498389048354,9.573856085082117,0.0
310610,31,61,0,Ga61,60.94940386652814,4.17810235418894,0.0
310611,31,61,1,Ga61m,60.94950048549721,inf,0.0
310620,31,62,0,Ga62,61.94418966283043,5.969128852068904,0.0
310630,31,63,0,Ga63,62.93929419437626,0.021393431498763743,0.0
310640,31,64,0,Ga64,63.936840394625,0.004397583939601227,0.0
310641,31,64,1,Ga64m,63.93688634231252,31650.556189951843,0.0
310650,31,65,0,Ga65,64.93273441050258,0.0007633947670212398,0.0
310660,31,66,0,Ga66,65.93158979778228,2.069441997945762e-05,0.0
310670,31,67,0,Ga67,66.92820222937213,2.4596182395794844e-06,0.0
310680,31,68,0,Ga68,67.92798011309768,0.00017028467629687247,0.0
310690,31,69,0,Ga69,68.92557354928685,0.0,0.60108
310700,31,70,0,Ga70,69.92602186130335,0.0005464736522863018,0.0
310710,31,71,0,Ga71,70.92470258295785,0.0,0.39892000000000005
310720,31,72,0,Ga72,71.92636743514942,1.3728405239848391e-05,0.0
310721,31,72,1,Ga72m,71.92649593837828,17.468426929434106,0.0
310730,31,73,0,Ga73,72.9251747276534,3.9617465738451376e-05,0.0
310731,31,73,1,Ga73m,72.92517483500781,3.465735902799726,0.0
310740,31,74,0,Ga74,73.92694575335652,0.0014227158878488205,0.0
310741,31,74,1,Ga74m,73.92700973658494,0.07296286111157319,0.0
310750,31,75,0,Ga75,74.92650452673108,0.005501168099682105,0.0
310760,31,76,0,Ga76,75.92882767616527,0.022651868645749845,0.0
310770,31,77,0,Ga77,76.92915424828074,0.0525111500424201,0.0
310780,31,78,0,Ga78,77.93161083924666,0.1361782280078478,0.0
310781,31,78,1,Ga78m,77.93214643039856,6301338.005090412,0.0
310790,31,79,0,Ga79,78.93285153416399,0.2433803302527898,0.0
310800,31,80,0,Ga80,79.936420746236,0.364814305557866,0.0
310801,31,80,1,Ga80m,79.93644479362385,0.5331901388922656,0.0
310810,31,81,0,Ga81,80.93813380055768,0.5695539692357808,0.0
310820,31,82,0,Ga82,81.94317655926248,1.1552453009332422,0.0
310821,31,82,1,Ga82m,81.94332760691746,7413338.829518131,0.0
310830,31,83,0,Ga83,82.94712033087127,2.2359586469675654,0.0
310840,31,84,0,Ga84,83.95266314641823,7.101917833605997,0.0
310850,31,85,0,Ga85,84.95733735743323,7.273317739348849,0.0
310860,31,86,0,Ga86,85.96375715115616,14.145860827753985,0.0
310870,31,87,0,Ga87,86.9690067818092,23.90162691586018,0.0
310880,31,88,0,Ga88,87.97596334758254,inf,0.0
320000,32,0,0,Ge,72.6298488672402,0.0,
320580,32,58,0,Ge58,57.99186253571575,inf,0.0
320590,32,59,0,Ge59,58.9824260830695,52.11632936540941,0.0
320600,32,60,0,Ge60,59.9704453309043,33.00700859809263,0.0
320610,32,61,0,Ge61,60.96372494483314,17.03064325700111,0.0
320620,32,62,0,Ge62,61.95476085159125,8.401784006787215,0.0
320630,32,63,0,Ge63,62.949629310789305,4.512676956770478,0.0
320640,32,64,0,Ge64,63.94168937861961,0.010881431405964604,0.0
320650,32,65,0,Ge65,64.9393681615648,0.02243194759093674,0.0
320660,32,66,0,Ge66,65.9338621685805,8.519508118976714e-05,0.0
320670,32,67,0,Ge67,66.93271669702492,0.0006112408999646784,0.0
320671,32,67,1,Ge67m,66.93273602081874,50594.68471240477,0.0
320672,32,67,2,Ge67n,66.93352400218873,6353319.711823513,0.0
320680,32,68,0,Ge68,67.92809530437968,2.9597995986114754e-08,0.0
320690,32,69,0,Ge69,68.9279644393538,4.930624417128648e-06,0.0
320691,32,69,1,Ge69m,68.92805762298175,135911.2118744991,0.0
320692,32,69,2,Ge69n,68.92839160255151,246671.59450531862,0.0
320700,32,70,0,Ge70,69.92424858115761,0.0,0.2052
320710,32,71,0,Ge71,70.92495207460688,7.018842355237448e-07,0.0
320711,32,71,1,Ge71m,70.92516506575649,33.961155343456404,0.0
320720,32,72,0,Ge72,71.92207582451651,0.0,0.27449999999999997
320721,32,72,1,Ge72m,71.92281810511415,1560439.3979287376,0.0
320730,32,73,0,Ge73,72.92345895726513,0.0,0.0776
320731,32,73,1,Ge73m,72.92347321393079,238194.9074089159,0.0
320732,32,73,2,Ge73n,72.92353059486298,1.389072506132155,0.0
320740,32,74,0,Ge74,73.92117776086086,0.0,0.3652
320750,32,75,0,Ge75,74.92285837375337,0.00013955608853989394,0.0
320751,32,75,1,Ge75m,74.9230083371288,0.014531387433122541,0.0
320752,32,75,2,Ge75n,74.92306469819411,3209014.7248145617,0.0
320760,32,76,0,Ge76,75.92140272524783,1.1683498826020052e-29,0.0775
320770,32,77,0,Ge77,76.92354984350871,1.717428271241403e-05,0.0
320771,32,77,1,Ge77m,76.92372129923704,0.012907768725511085,0.0
320780,32,78,0,Ge78,77.92285297382654,0.00013127787510605024,0.0
320790,32,79,0,Ge79,78.92535647866967,0.03651987252686751,0.0
320791,32,79,1,Ge79m,78.92556045204881,0.017773004629742187,0.0
320800,32,80,0,Ge80,79.92535078888592,0.02349651459525238,0.0
320810,32,81,0,Ge81,80.92883293653136,0.07701635339554948,0.0
320811,32,81,1,Ge81m,80.92956198033023,0.11552453009332421,0.0
320820,32,82,0,Ge82,81.92977400529014,0.1608230117308458,0.0
320830,32,83,0,Ge83,82.93453914549048,0.37467415165402446,0.0
320840,32,84,0,Ge84,83.93757555762525,0.7288613886014146,0.0
320850,32,85,0,Ge85,84.9429701167319,1.400297334464536,0.0
320860,32,86,0,Ge86,85.94696692141926,3.12792048989145,0.0
320870,32,87,0,Ge87,86.95320421264505,6.729584277281021,0.0
320880,32,88,0,Ge88,87.95757353713542,11.363068533769596,0.0
320890,32,89,0,Ge89,88.96453010290875,11.552453009332423,0.0
320900,32,90,0,Ge90,89.96943619944952,23.104906018664845,0.0
330000,33,0,0,As,74.92159456543155,0.0,
330600,33,60,0,As60,59.99394521127135,inf,0.0
330601,33,60,1,As60m,59.9940096239174,inf,0.0
330610,33,61,0,As61,60.98153504146582,inf,0.0
330620,33,62,0,As62,61.97378405305786,inf,0.0
330630,33,63,0,As63,62.96403627262237,inf,0.0
330640,33,64,0,As64,63.9575628016944,10.045611312462974,0.0
330650,33,65,0,As65,64.94960783990729,5.319625330467729,0.0
330660,33,66,0,As66,65.9441488681546,7.23762326991694,0.0
330661,33,66,1,As66m,65.94560566749942,608023.8425964433,0.0
330662,33,66,2,As66n,65.9473952655155,86860.54894234904,0.0
330670,33,67,0,As67,66.93925114525781,0.016309345424939888,0.0
330680,33,68,0,As68,67.93677415695399,0.004572210953561645,0.0
330681,33,68,1,As68m,67.93723052055124,6244569.194233742,0.0
330690,33,69,0,As69,68.93224863179695,0.000760029803245554,0.0
330700,33,70,0,As70,69.93093461381754,0.0002196283842078407,0.0
330701,33,70,1,As70m,69.93096896722878,7220.283130832763,0.0
330710,33,71,0,As71,70.92711387036272,2.9485587058020475e-06,0.0
330720,33,72,0,As72,71.92675208600073,7.4054185957259116e-06,0.0
330730,33,73,0,As73,72.92382882541419,9.990705868040354e-08,0.0
330731,33,73,1,As73m,72.92428830228934,121604.76851928866,0.0
330740,33,74,0,As74,73.92392855766116,4.514652117071696e-07,0.0
330750,33,75,0,As75,74.92159456543155,0.0,1.0
330751,33,75,1,As75m,74.92192081548379,39.33865950964502,0.0
330760,33,76,0,As76,75.92239199398965,7.337909825332849e-06,0.0
330761,33,76,1,As76m,75.92243965934772,376710.42421736155,0.0
330770,33,77,0,As77,76.92064759218022,4.963673201569314e-06,0.0
330771,33,77,1,As77m,76.92115806240015,6080.238425964432,0.0
330780,33,78,0,As78,77.92182773921026,0.00012736993395074335,0.0
330790,33,79,0,As79,78.92094850659167,0.001282181244099048,0.0
330791,33,79,1,As79m,78.92177835618162,572848.9095536738,0.0
330800,33,80,0,As80,79.92247401275895,0.04560178819473325,0.0
330810,33,81,0,As81,80.92213230367166,0.020815230647445806,0.0
330820,33,82,0,As82,81.92473919081169,0.03629042830156781,0.0
330821,33,82,1,As82m,81.92488089863299,0.050966704452937155,0.0
330830,33,83,0,As83,82.92520693397641,0.05172740153432427,0.0
330840,33,84,0,As84,83.9293028267843,0.21935037359491938,0.0
330850,33,85,0,As85,84.93216382181299,0.3428027599208434,0.0
330860,33,86,0,As86,85.93670169272718,0.733489079957614,0.0
330870,33,87,0,As87,86.94029173155475,1.4088357328454173,0.0
330880,33,88,0,As88,87.9458397001134,2.567211779851649,0.0
330890,33,89,0,As89,88.95004799298863,3.150669002545206,0.0
330900,33,90,0,As90,89.9559954273072,9.902102579427789,0.0
330901,33,90,1,As90m,89.9561242525993,3150669.002545206,0.0
330910,33,91,0,As91,90.96081564031991,6.931471805599452,0.0
330920,33,92,0,As92,91.96738573021695,15.403270679109896,0.0
340000,34,0,0,Se,78.97108148181604,0.0,
340630,34,63,0,Se63,62.98191078190111,52.5111500424201,0.0
340640,34,64,0,Se64,63.97116460545185,30.67022922831616,0.0
340650,34,65,0,Se65,64.96455157379077,20.26746141988144,0.0
340660,34,66,0,Se66,65.95527615275965,12.836058899258246,0.0
340670,34,67,0,Se67,66.94999431578358,5.2116329365409415,0.0
340680,34,68,0,Se68,67.94182528930277,0.019525272691829444,0.0
340690,34,69,0,Se69,68.9394148607332,0.025297342356202384,0.0
340691,34,69,1,Se69m,68.9394565142443,346573.59027997265,0.0
340692,34,69,2,Se69n,68.94003107504706,725808.5660313563,0.0
340700,34,70,0,Se70,69.93351552119034,0.00028108158173558204,0.0
340710,34,71,0,Se71,70.93220944743727,0.002437226373276882,0.0
340711,34,71,1,Se71m,70.9322618363894,123776.28224284737,0.0
340712,34,71,2,Se71n,70.93248910567554,36481.430555786596,0.0
340720,34,72,0,Se72,71.92714049425642,9.5506390619481e-07,0.0
340730,34,73,0,Se73,72.92675530663304,2.6928794893548767e-05,0.0
340731,34,73,1,Se73m,72.92678321877966,0.00029026263842543774,0.0
340740,34,74,0,Se74,73.92247593440288,0.0,0.0086
340750,34,75,0,Se75,74.92252286975098,6.697726508629491e-08,0.0
340760,34,76,0,Se76,75.91921370334005,0.0,0.09230000000000001
340770,34,77,0,Se77,76.91991414685053,0.0,0.076
340771,34,77,1,Se77m,76.92008797511134,0.03992783298156367,0.0
340780,34,78,0,Se78,77.91730924576709,0.0,0.2369
340790,34,79,0,Se79,78.91849924793196,6.717118591106327e-14,0.0
340791,34,79,1,Se79m,78.91860206125051,0.0029621674382903644,0.0
340800,34,80,0,Se80,79.91652174749193,0.0,0.498
340810,34,81,0,Se81,80.9179930396821,0.0006261492145979632,0.0
340811,34,81,1,Se81m,80.91810361472449,0.0002016838863361107,0.0
340820,34,82,0,Se82,81.91669952639502,2.507417556269144e-28,0.0882
340830,34,83,0,Se83,82.91911811389977,0.0005192113712059515,0.0
340831,34,83,1,Se83m,82.91936395549887,0.009887976898144727,0.0
340840,34,84,0,Se84,83.9184667946938,0.0035436972421265095,0.0
340850,34,85,0,Se85,84.92226080690052,0.02106830336048466,0.0
340860,34,86,0,Se86,85.92431170555074,0.04847183080838778,0.0
340870,34,87,0,Se87,86.92868865220422,0.12602676010180824,0.0
340880,34,88,0,Se88,87.93141770866292,0.4530373729149969,0.0
340890,34,89,0,Se89,88.93666948640416,1.61197018734871,0.0
340900,34,90,0,Se90,89.94009623917398,3.3007008598092633,0.0
340910,34,91,0,Se91,90.94570013938029,2.567211779851649,0.0
340920,34,92,0,Se92,91.94984401960947,7.701635339554948,0.0
340921,34,92,1,Se92m,91.95192669516507,44149.501946493336,0.0
340930,34,93,0,Se93,92.9561349880403,5.331901388922656,0.0
340931,34,93,1,Se93m,92.95686499802886,1650350.4299046316,0.0
340940,34,94,0,Se94,93.96049357708965,13.862943611198904,0.0
340941,34,94,1,Se94m,93.96310228925466,1019334.089058743,0.0
340950,34,95,0,Se95,94.96729984668889,9.902102579427789,0.0
350000,35,0,0,Br,79.9043261632118,0.0,
350650,35,65,0,Br65,64.9822972577774,inf,0.0
350660,35,66,0,Br66,65.97469656554357,inf,0.0
350670,35,67,0,Br67,66.96507761040017,inf,0.0
350680,35,68,0,Br68,67.958357224329,inf,0.0
350690,35,69,0,Br69,68.95033784989585,28881132.52333105,0.0
350691,35,69,1,Br69m,68.95038079165988,inf,0.0
350692,35,69,2,Br69n,68.95094977003332,inf,0.0
350700,35,70,0,Br70,69.94479192107099,8.79628401725819,0.0
350701,35,70,1,Br70m,69.94725248415008,0.3209014724814561,0.0
350710,35,71,0,Br71,70.93934261121521,0.032390055166352585,0.0
350720,35,72,0,Br72,71.93659455302591,0.008818666419337727,0.0
350721,35,72,1,Br72m,71.93670276627128,0.06539124344905145,0.0
350730,35,73,0,Br73,72.93167321215891,0.003397780296862477,0.0
350740,35,74,0,Br74,73.92991045274536,0.00045482098461938666,0.0
350741,35,74,1,Br74m,73.92992548236278,0.00025114028281157435,0.0
350750,35,75,0,Br75,74.92581058782432,0.00011946693908306538,0.0
350760,35,76,0,Br76,75.92454165869714,1.1885239721535413e-05,0.0
350761,35,76,1,Br76m,75.92465223373952,0.5291199851602636,0.0
350770,35,77,0,Br77,76.92137921248492,3.3755414356394406e-06,0.0
350771,35,77,1,Br77m,76.9214929008052,0.0026991712638627153,0.0
350780,35,78,0,Br78,77.92114603870623,0.0017910779859430111,0.0
350781,35,78,1,Br78m,77.92134035018847,5805.252768508754,0.0
350790,35,79,0,Br79,78.91833753998407,0.0,0.5065
350791,35,79,1,Br79m,78.91856040773939,0.14291694444534955,0.0
350800,35,80,0,Br80,79.91852981173253,0.0006534192878581686,0.0
350801,35,80,1,Br80m,79.91862192181637,4.3556358667316754e-05,0.0
350810,35,81,0,Br81,80.91628814429559,0.0,0.4935
350811,35,81,1,Br81m,80.91686377864245,20033.15550751287,0.0
350820,35,82,0,Br82,81.91680172779343,5.4571986703949245e-06,0.0
350821,35,82,1,Br82m,81.91685100346766,0.0018845763473625482,0.0
350830,35,83,0,Br83,82.91517498641744,8.110399472993838e-05,0.0
350831,35,83,1,Br83m,82.91846969326288,950819.177722833,0.0
350840,35,84,0,Br84,83.91649651920555,0.00036374222321575633,0.0
350841,35,84,1,Br84m,83.91683253850911,0.001925408834888737,0.0
350842,35,84,2,Br84n,83.9169345251987,4951051.289713895,0.0
350850,35,85,0,Br85,84.9156462722777,0.003983604485976697,0.0
350860,35,86,0,Br86,85.91880571256642,0.012579803639926411,0.0
350870,35,87,0,Br87,86.92067367930187,0.012448764018677179,0.0
350880,35,88,0,Br88,87.92408325536609,0.04242026808812395,0.0
350881,35,88,1,Br88m,87.9243731122733,125798.03639926412,0.0
350890,35,89,0,Br89,88.9267048500603,0.15908817547852772,0.0
350900,35,90,0,Br90,89.93129317754722,0.3629042830156782,0.0
350910,35,91,0,Br91,90.93439894063091,1.2765141446776156,0.0
350920,35,92,0,Br92,91.93963139457833,2.2074750973246666,0.0
350921,35,92,1,Br92m,91.94034208077308,7876672.506363014,0.0
350922,35,92,2,Br92n,91.94085308776506,8154672.712469944,0.0
350930,35,93,0,Br93,92.94322025250739,4.560178819473324,0.0
350940,35,94,0,Br94,93.9488456235957,9.902102579427789,0.0
350941,35,94,1,Br94m,93.94915695138495,1307824.868981029,0.0
350950,35,95,0,Br95,94.95292509117884,8.664339756999317,0.0
350951,35,95,1,Br95m,94.95350480499329,101933.40890587431,0.0
350960,35,96,0,Br96,95.95897987990749,34.657359027997266,0.0
350961,35,96,1,Br96m,95.95931267857874,231049.06018664842,0.0
350970,35,97,0,Br97,96.96349950057196,17.328679513998633,0.0
350980,35,98,0,Br98,97.96988708797187,46.20981203732969,0.0
360000,36,0,0,Kr,83.7979997385272,0.0,
360670,36,67,0,Kr67,66.98330638923218,93.66853791350611,0.0
360680,36,68,0,Kr68,67.97248506469586,32.09014724814561,0.0
360690,36,69,0,Kr69,68.9654962925995,24.843984966306284,0.0
360700,36,70,0,Kr70,69.9558773374561,15.403270679109896,0.0
360710,36,71,0,Kr71,70.9502627018088,7.015659722266653,0.0
360720,36,72,0,Kr72,71.94209195765742,0.04039319234032315,0.0
360730,36,73,0,Kr73,72.93928893401016,0.02539000661391741,0.0
360731,36,73,1,Kr73m,72.93975485214992,6478011.033270516,0.0
360740,36,74,0,Kr74,73.93308406381622,0.0010045611312462974,0.0
360750,36,75,0,Kr75,74.93094534925855,0.0025114028281157438,0.0
360760,36,76,0,Kr76,75.92591042742569,1.3009519154653629e-05,0.0
360770,36,77,0,Kr77,76.92466994721718,0.00015912469709824273,0.0
360771,36,77,1,Kr77m,76.92474133789989,5874128.648813095,0.0
360780,36,78,0,Kr78,77.9203663236258,0.0,0.0035499999999999998
360790,36,79,0,Kr79,78.92008323004642,5.4948882274221945e-06,0.0
360791,36,79,1,Kr79m,78.92022279077952,0.013862943611198907,0.0
360800,36,80,0,Kr80,79.91637789258242,0.0,0.022860000000000002
360810,36,81,0,Kr81,80.9165897028335,9.591693359352704e-14,0.0
360811,36,81,1,Kr81m,80.91679432033912,0.05291199851602636,0.0
360820,36,82,0,Kr82,81.91348115390288,0.0,0.11593
360830,36,83,0,Kr83,82.91412651708617,0.0,0.115
360831,36,83,1,Kr83m,82.91413661376845,4420581.508673119,0.0
360832,36,83,2,Kr83n,82.91417113035838,0.00010521359753490366,0.0
360840,36,84,0,Kr84,83.91149772749941,0.0,0.56987
360841,36,84,1,Kr84m,83.91497179672548,378768.95112565317,0.0
360850,36,85,0,Kr85,84.91252730460158,2.047443865857354e-09,0.0
360851,36,85,1,Kr85m,84.91285462819792,4.297787577876644e-05,0.0
360852,36,85,2,Kr85n,84.9146655897416,380850.0992087612,0.0
360860,36,86,0,Kr86,85.91061062472903,0.0,0.17279
360870,36,87,0,Kr87,86.91335476018817,0.00015140829632152584,0.0
360880,36,88,0,Kr88,87.91444787499795,6.815606495181369e-05,0.0
360890,36,89,0,Kr89,88.91783544340811,0.0036674453997880704,0.0
360900,36,90,0,Kr90,89.91952788568305,0.02144638553712702,0.0
360910,36,91,0,Kr91,90.92380628098807,0.08088065117385593,0.0
360920,36,92,0,Kr92,91.92617312366716,0.37671042421736156,0.0
360930,36,93,0,Kr93,92.93114717554951,0.5385758978709754,0.0
360940,36,94,0,Kr94,93.93414021650261,3.2695621724525723,0.0
360950,36,95,0,Kr95,94.93971083684178,6.080238425964432,0.0
360951,36,95,1,Kr95m,94.93992017794145,438146.131833088,0.0
360960,36,96,0,Kr96,95.94301413204003,8.664339756999317,0.0
360970,36,97,0,Kr97,96.9490925387389,11.143845346622914,0.0
360980,36,98,0,Kr98,97.95263523427161,16.19502758317629,0.0
360990,36,99,0,Kr99,98.95877590652833,17.328679513998633,0.0
361000,36,100,0,Kr100,99.96299493484457,57.76226504666211,0.0
361010,36,101,0,Kr101,100.96931810959843,77.01635339554947,0.0
370000,37,0,0,Rb,85.46766359346174,0.0,
370710,37,71,0,Rb71,70.96533526098438,inf,0.0
370711,37,71,1,Rb71m,70.96538893818942,inf,0.0
370712,37,71,2,Rb71n,70.96561438245058,inf,0.0
370720,37,72,0,Rb72,71.9588510546154,6729584.277281022,0.0
370721,37,72,1,Rb72m,71.95895840902547,inf,0.0
370730,37,73,0,Rb73,72.95060623592106,8557372.599505497,0.0
370731,37,73,1,Rb73m,72.95106785988442,inf,0.0
370740,37,74,0,Rb74,73.94426588446159,10.70001822414241,0.0
370750,37,75,0,Rb75,74.93857320215814,0.03648143055578659,0.0
370760,37,76,0,Rb76,75.93507301897182,0.018990333713971103,0.0
370761,37,76,1,Rb76m,75.93541322509736,227261.37067539193,0.0
370770,37,77,0,Rb77,76.93040159917149,0.003056204499823392,0.0
370780,37,78,0,Rb78,77.9281423256113,0.000654159287051666,0.0
370781,37,78,1,Rb78m,77.92819278218404,761700.1984175222,0.0
370782,37,78,2,Rb78n,77.92826148900649,0.002012622475493453,0.0
370790,37,79,0,Rb79,78.92399007173813,0.0005044739305385337,0.0
370800,37,80,0,Rb80,79.92251641775093,0.020752909597603154,0.0
370801,37,80,1,Rb80m,79.92304664118232,425243.6690551812,0.0
370810,37,81,0,Rb81,80.91899358278407,4.211305413142469e-05,0.0
370811,37,81,1,Rb81m,80.91908590757674,0.00037876895112565315,0.0
370820,37,82,0,Rb82,81.91820882204637,0.009186841359310076,0.0
370821,37,82,1,Rb82m,81.91828311129815,2.9749827485919913e-05,0.0
370830,37,83,0,Rb83,82.91511422382133,9.306887252942464e-08,0.0
370831,37,83,1,Rb83m,82.91515942002798,88.86502314871093,0.0
370840,37,84,0,Rb84,83.91437519606232,2.4444048787435723e-07,0.0
370841,37,84,1,Rb84m,83.91487289110746,0.0005702099214872862,0.0
370850,37,85,0,Rb85,84.911789735789,0.0,0.7217
370851,37,85,1,Rb85m,84.9123415438981,682903.6261674339,0.0
370860,37,86,0,Rb86,85.91116744628907,4.3027818782710666e-07,0.0
370861,37,86,1,Rb86m,85.91176439048633,0.011359344158635617,0.0
370870,37,87,0,Rb87,86.90918052872017,4.419512634389878e-19,0.2783
370880,37,88,0,Rb88,87.91131559537497,0.0006497442637419809,0.0
370881,37,88,1,Rb88m,87.91279043026069,5635342.931381669,0.0
370890,37,89,0,Rb89,88.91227856443342,0.0007540765671888003,0.0
370900,37,90,0,Rb90,89.91479709889396,0.004387007471898388,0.0
370901,37,90,1,Rb90m,89.91491196811275,0.0026866169789145165,0.0
370910,37,91,0,Rb91,90.91653731388139,0.011909745370445795,0.0
370920,37,92,0,Rb92,91.91972896049315,0.1547203528035592,0.0
370930,37,93,0,Rb93,92.92203922739812,0.1186895857123194,0.0
370931,37,93,1,Rb93m,92.92678751295607,6244569.194233742,0.0
370940,37,94,0,Rb94,93.92639481052399,0.2565311549074557,0.0
370941,37,94,1,Rb94m,93.92650667381929,5331901.388922656,0.0
370942,37,94,2,Rb94n,93.92862230717878,6478011.033270516,0.0
370950,37,95,0,Rb95,94.92926417919666,1.8351791913157143,0.0
370951,37,95,1,Rb95m,94.93016058852085,1386294.3611198904,0.0
370960,37,96,0,Rb96,95.93413377523801,3.4399363799501006,0.0
370961,37,96,1,Rb96m,95.9341380694144,3.465735902799726,0.0
370962,37,96,2,Rb96n,95.93535224779244,385081.7669777474,0.0
370970,37,97,0,Rb97,96.93717716540944,4.099037141099617,0.0
370971,37,97,1,Rb97m,96.93725939888756,121604.76851928866,0.0
370980,37,98,0,Rb98,97.94163248078226,6.027366787477785,0.0
370981,37,98,1,Rb98m,97.94171084950163,7.2202831308327635,0.0
370982,37,98,2,Rb98n,97.94182357163221,1936165.3088266628,0.0
370990,37,99,0,Rb99,98.94511935202175,12.836058899258246,0.0
371000,37,100,0,Rb100,99.95033140863124,13.511640946587628,0.0
371010,37,101,0,Rb101,100.9543024482602,21.797081149683812,0.0
371020,37,102,0,Rb102,101.96001048224429,18.733707582701225,0.0
371030,37,103,0,Rb103,102.96440127761666,26.659506944613277,0.0
371040,37,104,0,Rb104,103.97053121443237,19.804205158855577,0.0
380000,38,0,0,Sr,87.61664427828413,0.0,
380730,38,73,0,Sr73,72.96570026597865,27.39712176126266,0.0
380740,38,74,0,Sr74,73.95616719436333,25.114028281157434,0.0
380750,38,75,0,Sr75,74.94995137401956,8.135530288262268,0.0
380760,38,76,0,Sr76,75.94176023253026,0.08785135368313629,0.0
380770,38,77,0,Sr77,76.93794593034004,0.07701635339554948,0.0
380780,38,78,0,Sr78,77.9321799249745,0.004440404744138022,0.0
380790,38,79,0,Sr79,78.929704332278,0.005134423559703298,0.0
380800,38,80,0,Sr80,79.92451804072692,0.00010867782699277912,0.0
380810,38,81,0,Sr81,80.92321153755621,0.0005180472201494359,0.0
380811,38,81,1,Sr81m,80.92329634754019,1777300.4629742187,0.0
380812,38,81,2,Sr81n,80.92330708298118,108304.24696249145,0.0
380820,38,82,0,Sr82,81.91839991289632,3.16470880159227e-07,0.0
380830,38,83,0,Sr83,82.91755396014487,5.940786284753895e-06,0.0
380831,38,83,1,Sr83m,82.91783200806698,0.14002973344645359,0.0
380840,38,84,0,Sr84,83.91341909768613,0.0,0.005600000000000001
380850,38,85,0,Sr85,84.91293203072759,1.2371675680899983e-07,0.0
380851,38,85,1,Sr85m,84.91318839305886,0.00017081846827343518,0.0
380860,38,86,0,Sr86,85.90926072461158,0.0,0.0986
380861,38,86,1,Sr86m,85.91243421759259,1523400.3968350445,0.0
380870,38,87,0,Sr87,86.90887749513266,0.0,0.07
380871,38,87,1,Sr87m,86.9092945981486,6.864202619924195e-05,0.0
380880,38,88,0,Sr88,87.90561225385215,0.0,0.8258
380890,38,89,0,Sr89,88.90745080440568,1.5866417760094148e-07,0.0
380900,38,90,0,Sr90,89.90772791834443,7.597709371469282e-10,0.0
380910,38,91,0,Sr91,90.91019588887782,1.9952423159468777e-05,0.0
380920,38,92,0,Sr92,91.91103862099696,7.374219972764217e-05,0.0
380930,38,93,0,Sr93,92.91402414714136,0.0015548388976221296,0.0
380940,38,94,0,Sr94,93.91535566388961,0.009205141840105515,0.0
380950,38,95,0,Sr95,94.91935858777836,0.029001974082006082,0.0
380960,38,96,0,Sr96,95.92171931125607,0.6545299155429134,0.0
380970,38,97,0,Sr97,96.92637527202135,1.6045073624072808,0.0
380971,38,97,1,Sr97m,96.9267059236044,3956319.5237439796,0.0
380972,38,97,2,Sr97n,96.92726738716912,1351164.0946587627,0.0
380980,38,98,0,Sr98,97.92869305373503,1.061481134088737,0.0
380990,38,99,0,Sr99,98.93288309636054,2.5748409381870183,0.0
381000,38,100,0,Sr100,99.93578273897687,3.4297238028695958,0.0
381001,38,100,1,Sr100m,99.93752080687611,5681534.266884797,0.0
381010,38,101,0,Sr101,100.94060617262188,6.096281271415525,0.0
381020,38,102,0,Sr102,101.94400393970099,10.045611312462974,0.0
381030,38,103,0,Sr103,102.94924283491301,13.07824868981029,0.0
381040,38,104,0,Sr104,103.95302171014791,13.69856088063133,0.0
381050,38,105,0,Sr105,104.9590013507895,17.773004629742186,0.0
381060,38,106,0,Sr106,105.96317743734171,33.00700859809263,0.0
381070,38,107,0,Sr107,106.9696723791517,27.72588722239781,0.0
390000,39,0,0,Y,88.90583815866376,0.0,
390750,39,75,0,Y75,74.96583982671176,6931.471805599454,0.0
390760,39,76,0,Y76,75.95893693814345,24.755256448569472,0.0
390770,39,77,0,Y77,76.95014461195771,11.00233619936421,0.0
390780,39,78,0,Y78,77.94399320425998,12.836058899258246,0.0
390781,39,78,1,Y78m,77.94399320425998,0.11950813457930091,0.0
390790,39,79,0,Y79,78.93794915097233,0.04683426895675306,0.0
390800,39,80,0,Y80,79.93435492532278,0.023028145533552997,0.0
390801,39,80,1,Y80m,79.93459969337776,0.14440566261665527,0.0
390802,39,80,2,Y80n,79.93469094462634,147478.12352339263,0.0
390810,39,81,0,Y81,80.9294541965025,0.009845840632953767,0.0
390820,39,82,0,Y82,81.92693029432147,0.08351170850119823,0.0
390821,39,82,1,Y82m,81.92736293259411,2686616.9789145165,0.0
390822,39,82,2,Y82n,81.92747458118059,4683426.895675306,0.0
390830,39,83,0,Y83,82.92248367465585,0.001631702402448082,0.0
390831,39,83,1,Y83m,82.9225502343901,0.004053492283976288,0.0
390840,39,84,0,Y84,83.92067153221366,0.00029246716479322586,0.0
390841,39,84,1,Y84m,83.92074345966842,0.15068416968694465,0.0
390842,39,84,2,Y84n,83.92089697647484,2373791.7142463876,0.0
390850,39,85,0,Y85,84.91643318010361,7.184361324211705e-05,0.0
390851,39,85,1,Y85m,84.91645465098563,3.9617465738451376e-05,0.0
390852,39,85,2,Y85n,84.91671874283443,3894085.2840446364,0.0
390860,39,86,0,Y86,85.91488620305432,1.3062475134930372e-05,0.0
390861,39,86,1,Y86m,85.9151202356683,0.00024372263732768822,0.0
390862,39,86,2,Y86n,85.91521041337278,5531900.882361893,0.0
390870,39,87,0,Y87,86.9108760864201,2.412793026176362e-06,0.0
390871,39,87,1,Y87m,86.9112848920137,1.440096361173326e-05,0.0
390880,39,88,0,Y88,87.90950130584459,7.523785097896824e-08,0.0
390881,39,88,1,Y88m,87.9099231013218,2302.8145533553,0.0
390882,39,88,2,Y88n,87.91022541134059,49.58134338769279,0.0
390890,39,89,0,Y89,88.90583815866376,0.0,1.0
390891,39,89,1,Y89m,88.9068140102514,0.04425379432803073,0.0
390900,39,90,0,Y90,89.90714176326539,3.006102786711533e-06,0.0
390901,39,90,1,Y90m,89.90787392034214,5.968409283598068e-05,0.0
390910,39,91,0,Y91,90.90729807128646,1.3711394312145624e-07,0.0
390911,39,91,1,Y91m,90.90789453238888,0.00023239696256955185,0.0
390920,39,92,0,Y92,91.90894628354445,5.439008008160274e-05,0.0
390921,39,92,1,Y92m,91.90981156008972,187337.07582701225,0.0
390930,39,93,0,Y93,92.90957860101985,1.891364277886775e-05,0.0
390931,39,93,1,Y93m,92.91039342099236,0.8453014397072502,0.0
390940,39,94,0,Y94,93.911592569753,0.0006177782357931777,0.0
390941,39,94,1,Y94m,93.91288296976218,531554.5863189765,0.0
390950,39,95,0,Y95,94.91281963066024,0.001121597379546837,0.0
390951,39,95,1,Y95m,94.91398764664193,14262.287665842496,0.0
390960,39,96,0,Y96,95.9159092905824,0.12980284280148788,0.0
390961,39,96,1,Y96m,95.91756254849767,0.07220283130832764,0.0
390962,39,96,2,Y96n,95.91768600606927,3829542.4340328467,0.0
390970,39,97,0,Y97,96.91828719076574,0.18483924814931874,0.0
390971,39,97,1,Y97m,96.91900431822508,0.5924334876580729,0.0
390972,39,97,2,Y97n,96.92206928663293,4.881318172957361,0.0
390980,39,98,0,Y98,97.92239457049548,1.264867117810119,0.0
390981,39,98,1,Y98m,97.92257814653672,1127068.5862763338,0.0
390982,39,98,2,Y98n,97.92289484204647,0.2987703364482523,0.0
390983,39,98,3,Y98p,97.9229270483695,100456.11312462974,0.0
390984,39,98,4,Y98q,97.92303225569138,3850817.6697774734,0.0
390985,39,98,5,Y98r,97.92343805536149,1540327.0679109895,0.0
390986,39,98,6,Y98x,97.92366242607856,909641.9692387732,0.0
390990,39,99,0,Y99,98.92416055054134,0.46708031035036746,0.0
390991,39,99,1,Y99m,98.9264600820053,84530.14397072504,0.0
391000,39,100,0,Y100,99.92772793758839,0.737390617616963,0.0
391001,39,100,1,Y100m,99.9278825279389,0.9534349113616855,0.0
391010,39,101,0,Y101,100.93016058852085,1.6271060576524539,0.0
391011,39,101,1,Y101m,100.93145420916235,796720.8971953394,0.0
391020,39,102,0,Y102,101.93432808672026,1.925408834888737,0.0
391021,39,102,1,Y102m,101.93443866176264,2.3104906018664844,0.0
391030,39,103,0,Y103,102.9372438324981,2.900197408200608,0.0
391040,39,104,0,Y104,103.94194273502741,3.518513606903275,0.0
391050,39,105,0,Y105,104.9457108748213,7.296286111157318,0.0
391060,39,106,0,Y106,105.95084241562324,9.241962407465937,0.0
391070,39,107,0,Y107,106.95494335408839,20.690960613729708,0.0
391080,39,108,0,Y108,107.96051504797167,23.104906018664845,0.0
391090,39,109,0,Y109,108.96513128760522,27.72588722239781,0.0
400000,40,0,0,Zr,91.22364279071158,0.0,
400770,40,77,0,Zr77,76.96607600641394,6931.471805599454,0.0
400780,40,78,0,Zr78,77.95614572348131,13.862943611198904,0.0
400790,40,79,0,Zr79,78.94979034240443,12.377628224284736,0.0
400800,40,80,0,Zr80,79.94121272503884,0.15068416968694465,0.0
400810,40,81,0,Zr81,80.93824974332057,0.12602676010180824,0.0
400820,40,82,0,Zr82,81.93170745821573,0.02166084939249829,0.0
400830,40,83,0,Zr83,82.92924056122645,0.016503504299046318,0.0
400831,40,83,1,Zr83m,82.92929745906379,1307824.868981029,0.0
400832,40,83,2,Zr83n,82.92932322412221,385081.7669777474,0.0
400840,40,84,0,Zr84,83.9233253332309,0.0004477694964857528,0.0
400850,40,85,0,Zr85,84.92144341042216,0.0014697777365562876,0.0
400851,40,85,1,Zr85m,84.9217568852996,0.06359148445504086,0.0
400860,40,86,0,Zr86,85.9162968400028,1.1669144453871133e-05,0.0
400870,40,87,0,Zr87,86.91481749623186,0.0001146076687433772,0.0
400871,40,87,1,Zr87m,86.91517820704975,0.049510512897138946,0.0
400880,40,88,0,Zr88,87.91022058039214,9.619348695487293e-08,0.0
400881,40,88,1,Zr88m,87.91332097575531,525111.5004242009,0.0
400890,40,89,0,Zr89,88.9088797238102,2.4571322548350394e-06,0.0
400891,40,89,1,Zr89m,88.90951075303268,0.0027763645780659514,0.0
400900,40,90,0,Zr90,89.90469875263234,0.0,0.5145000000000001
400901,40,90,1,Zr90m,89.90718830140216,0.8565832681165908,0.0
400902,40,90,2,Zr90n,89.90855215329873,5291199.851602636,0.0
400910,40,91,0,Zr91,90.905640207867,0.0,0.11220000000000001
400911,40,91,1,Zr91m,90.9090404333621,159344.1794390679,0.0
400920,40,92,0,Zr92,91.90503534091427,0.0,0.17149999999999999
400930,40,93,0,Zr93,92.90647069084795,1.364284334963832e-14,0.0
400940,40,94,0,Zr94,93.90631252559558,0.0,0.17379999999999998
400950,40,95,0,Zr95,94.90804031967777,1.2528949294159802e-07,0.0
400960,40,96,0,Zr96,95.90827761586581,9.386742646546024e-28,0.027999999999999997
400970,40,97,0,Zr97,96.91096380570858,1.1495664427062732e-05,0.0
400971,40,97,1,Zr97m,96.91232114119245,6613999.814503294,0.0
400980,40,98,0,Zr98,97.91274018839677,0.022578084057327207,0.0
400981,40,98,1,Zr98m,97.91982772655042,364814.305557866,0.0
400990,40,99,0,Zr99,98.9166747275263,0.3300700859809263,0.0
400991,40,99,1,Zr99m,98.91694526063971,2062938.0373807892,0.0
401000,40,100,0,Zr100,99.91801021638771,0.09762636345914723,0.0
401010,40,101,0,Zr101,100.92145844003957,0.3026843583231202,0.0
401020,40,102,0,Zr102,101.92315463971887,0.34484934356216185,0.0
401030,40,103,0,Zr103,102.92720404806718,0.5022805656231488,0.0
401040,40,104,0,Zr104,103.929448828782,0.7534208484347231,0.0
401050,40,105,0,Zr105,104.93402212665151,1.0345480306864854,0.0
401060,40,106,0,Zr106,105.93692928407656,3.8723306176533256,0.0
401070,40,107,0,Zr107,106.94200714767345,4.757358823335246,0.0
401080,40,108,0,Zr108,107.94530292806299,8.829900389298666,0.0
401081,40,108,1,Zr108m,107.94752516435169,1283605.8899258245,0.0
401090,40,109,0,Zr109,108.9509068282693,12.377628224284736,0.0
401100,40,110,0,Zr110,109.95467496806319,18.483924814931875,0.0
401110,40,111,0,Zr111,110.96083711120191,28.881132523331054,0.0
401120,40,112,0,Zr112,111.96519570025127,16.1197018734871,0.0
401130,40,113,0,Zr113,112.97172284838427,46.20981203732969,0.0
410000,41,0,0,Nb,92.90637321304361,0.0,
410790,41,79,0,Nb79,78.9660223292089,inf,0.0
410800,41,80,0,Nb80,79.95875443564631,inf,0.0
410810,41,81,0,Nb81,80.95023049548577,inf,0.0
410820,41,82,0,Nb82,81.94437968013628,13.591121187449907,0.0
410821,41,82,1,Nb82m,81.94564646217525,7453195.489891884,0.0
410830,41,83,0,Nb83,82.93815312435149,0.17773004629742187,0.0
410840,41,84,0,Nb84,83.93430575700296,0.07072930413876992,0.0
410841,41,84,1,Nb84m,83.9343572871198,3938336.253181507,0.0
410842,41,84,2,Nb84n,83.9346682928458,7534208.484347231,0.0
410850,41,85,0,Nb85,84.92884549699734,0.03381205758829001,0.0
410851,41,85,1,Nb85m,84.92900652861246,0.2100446001696804,0.0
410860,41,86,0,Nb86,85.92578160213358,0.007876672506363015,0.0
410861,41,86,1,Nb86m,85.92594692792511,0.03465735902799726,0.0
410870,41,87,0,Nb87,86.92069300309568,0.0031222845971168706,0.0
410871,41,87,1,Nb87m,86.92069729727208,0.004443251157435547,0.0
410880,41,88,0,Nb88,87.91822814584019,0.0007967208971953394,0.0
410881,41,88,1,Nb88m,87.91836770657329,0.0015003185726405741,0.0
410890,41,89,0,Nb89,88.91344443332692,9.484772585658803e-05,0.0
410891,41,89,1,Nb89m,88.91344013915051,0.00017503716680806696,0.0
410900,41,90,0,Nb90,89.91125869753763,1.3187731745813266e-05,0.0
410901,41,90,1,Nb90m,89.91138966991794,11002.33619936421,0.0
410902,41,90,2,Nb90n,89.91139289055023,0.036849929854329895,0.0
410903,41,90,3,Nb90p,89.91144227357887,693147.1805599453,0.0
410904,41,90,4,Nb90q,89.91166879138414,111.97854290144511,0.0
410905,41,90,5,Nb90r,89.91327696044718,1471650.064883111,0.0
410910,41,91,0,Nb91,90.90699028619275,3.2301437930761316e-11,0.0
410911,41,91,1,Nb91m,90.90710257890571,1.3181953355301354e-07,0.0
410912,41,91,2,Nb91n,90.90917430431148,184347.65440424078,0.0
410920,41,92,0,Nb92,91.90718856978818,6.329964781820661e-16,0.0
410921,41,92,1,Nb92m,91.90733403501383,7.930542518818113e-07,0.0
410922,41,92,2,Nb92n,91.90743097604614,117482.5729762619,0.0
410923,41,92,3,Nb92p,91.90955390950552,4150581.9195206305,0.0
410930,41,93,0,Nb93,92.90637321304361,0.0,1.0
410931,41,93,1,Nb93m,92.90640627820191,1.3625916744986161e-09,0.0
410932,41,93,2,Nb93n,92.91438163732693,462098.12037329684,0.0
410940,41,94,0,Nb94,93.90727896220147,1.076714597692044e-12,0.0
410941,41,94,1,Nb94m,93.90732287015518,0.0018445558054179182,0.0
410950,41,95,0,Nb95,94.9068310796026,2.292742937337145e-07,0.0
410951,41,95,1,Nb95m,94.90708411394716,2.2223093662150703e-06,0.0
410960,41,96,0,Nb96,95.9081015868396,8.245862247917504e-06,0.0
410970,41,97,0,Nb97,96.9081014043371,0.00016022819707811958,0.0
410971,41,97,1,Nb97m,96.90889904760402,0.011808299498465848,0.0
410980,41,98,0,Nb98,97.91033222897862,0.24235915404193892,0.0
410981,41,98,1,Nb98m,97.9104224066831,0.00022607540135679885,0.0
410990,41,99,0,Nb99,98.91160974645861,0.046209812037329684,0.0
410991,41,99,1,Nb99m,98.91200159005541,0.0046209812037329686,0.0
411000,41,100,0,Nb100,99.9143408426511,0.46209812037329684,0.0
411001,41,100,1,Nb100m,99.91467632518261,0.23182179951837634,0.0
411002,41,100,2,Nb100n,99.9147133624541,1506841.6968694462,0.0
411003,41,100,3,Nb100p,99.91512882402111,55764.05314239302,0.0
411010,41,101,0,Nb101,100.91530703234184,0.09762636345914723,0.0
411020,41,102,0,Nb102,101.91809041013205,0.161197018734871,0.0
411021,41,102,1,Nb102m,101.91819164534076,0.5291199851602636,0.0
411030,41,103,0,Nb103,102.91945305965923,0.5172740153432427,0.0
411040,41,104,0,Nb104,103.92290772457568,0.7072930413876993,0.0
411041,41,104,1,Nb104m,103.92291824530787,0.14145860827753984,0.0
411050,41,105,0,Nb105,104.92494209064674,0.23819490740891588,0.0
411060,41,106,0,Nb106,105.92892848195633,0.7701635339554948,0.0
411061,41,106,1,Nb106m,105.92903873493549,0.5776226504666211,0.0
411062,41,106,2,Nb106n,105.92914834378819,845301.4397072502,0.0
411070,41,107,0,Nb107,106.93158947571905,2.423591540419389,0.0
411080,41,108,0,Nb108,107.9360758165164,3.448493435621618,0.0
411081,41,108,1,Nb108m,107.93625509838124,6359148.445504084,0.0
411090,41,109,0,Nb109,108.93914078492425,6.484070912628113,0.0
411091,41,109,1,Nb109m,108.9394735835955,6027366.787477785,0.0
411100,41,110,0,Nb110,109.94384290808587,9.241962407465937,0.0
411101,41,110,1,Nb110m,109.94395026249595,7.373906176169631,0.0
411110,41,111,0,Nb111,110.94743928082363,12.836058899258246,0.0
411120,41,112,0,Nb112,111.95268891147666,18.240715277893297,0.0
411130,41,113,0,Nb113,112.95683279170584,21.66084939249829,0.0
411140,41,114,0,Nb114,113.96246889823517,40.77336356234972,0.0
411150,41,115,0,Nb115,114.96684895816654,30.136833937388925,0.0
411160,41,116,0,Nb116,115.9729144823362,57.76226504666211,0.0
420000,42,0,0,Mo,95.94877707734298,0.0,
420810,42,81,0,Mo81,80.96622630258805,693.1471805599452,0.0
420820,42,82,0,Mo82,81.9566610246497,23.104906018664845,0.0
420830,42,83,0,Mo83,82.95025196636779,30.136833937388925,0.0
420840,42,84,0,Mo84,83.94184611605833,0.3013683393738893,0.0
420850,42,85,0,Mo85,84.93826047876158,0.21660849392498288,0.0
420860,42,86,0,Mo86,85.93117412150644,0.03629042830156781,0.0
420870,42,87,0,Mo87,86.92819621752517,0.04915937450779754,0.0
420880,42,88,0,Mo88,87.92196729994336,0.0014440566261665526,0.0
420890,42,89,0,Mo89,88.91946808927663,0.005475096212953754,0.0
420891,42,89,1,Mo89m,88.91988355084366,3.648143055578659,0.0
420900,42,90,0,Mo90,89.91393074880459,3.462965530375426e-05,0.0
420901,42,90,1,Mo90m,89.91701718809446,608023.8425964433,0.0
420910,42,91,0,Mo91,90.9117450130153,0.0007458007107380518,0.0
420911,42,91,1,Mo91m,90.91244603731315,0.010729832516407823,0.0
420920,42,92,0,Mo92,91.9068071503046,0.0,0.14648999999999998
420921,42,92,1,Mo92m,91.9097706902658,3648143.0555786593,0.0
420930,42,93,0,Mo93,92.90680877135618,5.491244448229424e-12,0.0
420931,42,93,1,Mo93m,92.90941206212348,2.8108158173558204e-05,0.0
420932,42,93,2,Mo93n,92.91721686729721,385081.7669777474,0.0
420940,42,94,0,Mo94,93.90508358598616,0.0,0.09187
420950,42,95,0,Mo95,94.9058374393892,0.0,0.15872999999999998
420960,42,96,0,Mo96,95.90467476965713,0.0,0.16673
420970,42,97,0,Mo97,96.90601690375654,0.0,0.09582
420980,42,98,0,Mo98,97.90540360948262,0.0,0.24292000000000002
420990,42,99,0,Mo99,98.90770729556226,2.9202949021548518e-06,0.0
420991,42,99,1,Mo99m,98.90781226670444,44719.17293935131,0.0
420992,42,99,2,Mo99n,98.90844170708164,912035.7638946648,0.0
421000,42,100,0,Mo100,99.90746801331763,3.106786109323578e-27,0.09744
421010,42,101,0,Mo101,100.91033759669912,0.0007907223141226847,0.0
421011,42,101,1,Mo101m,100.91035208954449,3067022.9228316164,0.0
421012,42,101,2,Mo101n,100.91039878871287,5211632.936540942,0.0
421020,42,102,0,Mo102,101.91029358139099,0.0010223409742772054,0.0
421030,42,103,0,Mo103,102.91309231086184,0.010268847119406597,0.0
421040,42,104,0,Mo104,103.91374717276335,0.011552453009332421,0.0
421050,42,105,0,Mo105,104.91698176113913,0.01909496365178913,0.0
421060,42,106,0,Mo106,105.91827323469242,0.07939830246963864,0.0
421070,42,107,0,Mo107,106.92211974320567,0.19804205158855578,0.0
421071,42,107,1,Mo107m,106.92218952357223,1557634.1136178544,0.0
421080,42,108,0,Mo108,107.92404782841076,0.6272825163438419,0.0
421090,42,109,0,Mo109,108.92843862378314,0.9902102579427788,0.0
421091,42,109,1,Mo109m,108.92851377187019,3300700.859809263,0.0
421100,42,110,0,Mo110,109.93071775790918,2.373791714246388,0.0
421110,42,111,0,Mo111,110.93565176659658,3.5803056847104613,0.0
421111,42,111,1,Mo111m,110.93575912100665,3.465735902799726,0.0
421120,42,112,0,Mo112,111.9382926850846,5.545177444479562,0.0
421130,42,113,0,Mo113,112.94347790309158,8.664339756999317,0.0
421140,42,114,0,Mo114,113.94666632907104,11.95081345793009,0.0
421150,42,115,0,Mo115,114.95217361030826,15.234003968350446,0.0
421160,42,116,0,Mo116,115.95575924760502,21.66084939249829,0.0
421170,42,117,0,Mo117,116.96168521104157,31.50669002545206,0.0
421180,42,118,0,Mo118,117.9652493774563,33.00700859809263,0.0
421190,42,119,0,Mo119,118.97146519780009,57.76226504666211,0.0
430830,43,83,0,Tc83,82.96637659876217,inf,0.0
430840,43,84,0,Tc84,83.95952738739891,inf,0.0
430850,43,85,0,Tc85,84.95077800297719,inf,0.0
430860,43,86,0,Tc86,85.94463733072047,12.602676010180824,0.0
430861,43,86,1,Tc86m,85.94626911775373,630133.8005090412,0.0
430870,43,87,0,Tc87,86.93806724082343,0.3239005516635258,0.0
430871,43,87,1,Tc87m,86.93807475563213,0.34657359027997264,0.0
430872,43,87,2,Tc87n,86.93814346245459,1071324.8540339186,0.0
430880,43,88,0,Tc88,87.93379453530214,0.10830424696249144,0.0
430881,43,88,1,Tc88m,87.9338696833892,0.11950813457930091,0.0
430882,43,88,2,Tc88n,87.93389652199173,4747583.428492775,0.0
430890,43,89,0,Tc89,88.92764849532492,0.05415212348124572,0.0
430891,43,89,1,Tc89m,88.92771612860328,0.05373233957829033,0.0
430900,43,90,0,Tc90,89.9240739155324,0.014088357328454171,0.0
430901,43,90,1,Tc90m,89.92422850588292,0.07967208971953395,0.0
430910,43,91,0,Tc91,90.91842492647388,0.0036791251622077773,0.0
430911,43,91,1,Tc91m,90.91857447116712,0.00350074333616134,0.0
430920,43,92,0,Tc92,91.91526945829831,0.0027182242374899817,0.0
430921,43,92,1,Tc92m,91.91555931520554,672958.4277281023,0.0
430922,43,92,2,Tc92n,91.91583736312765,6931471.805599453,0.0
430923,43,92,3,Tc92p,91.916032748154,6931471.805599453,0.0
430930,43,93,0,Tc93,92.91024516455205,7.00148667232268e-05,0.0
430931,43,93,1,Tc93m,92.91066577913075,0.00026557363239844645,0.0
430932,43,93,2,Tc93n,92.91259107312116,67955.60593724955,0.0
430940,43,94,0,Tc94,93.9096526755628,3.942816726734615e-05,0.0
430941,43,94,1,Tc94m,93.90973426491446,0.00022216255787177734,0.0
430950,43,95,0,Tc95,94.90765266290296,9.997968817575744e-06,0.0
430951,43,95,1,Tc95m,94.9076945311229,1.2947929005868955e-07,0.0
430960,43,96,0,Tc96,95.90786629817903,1.8744244887935522e-06,0.0
430961,43,96,1,Tc96m,95.90790279867845,0.0002243194759093674,0.0
430970,43,97,0,Tc97,96.90636118934967,5.21733439261703e-15,0.0
430971,43,97,1,Tc97m,96.90646532312745,8.806297268975197e-08,0.0
430980,43,98,0,Tc98,97.90721143627752,5.229756617361356e-15,0.0
430981,43,98,1,Tc98m,97.9073091287907,47152.86942584663,0.0
430990,43,99,0,Tc99,98.9062496481176,1.0405010797213497e-13,0.0
430991,43,99,1,Tc99m,98.90640284286079,3.2054886872585775e-05,0.0
431000,43,100,0,Tc100,99.90765266290296,0.04483487584475713,0.0
431001,43,100,1,Tc100m,99.907868123204,83310.9592019165,0.0
431002,43,100,2,Tc100n,99.90791450030916,216608.4939249829,0.0
431010,43,101,0,Tc101,100.9073048346143,0.000812408791092294,0.0
431011,43,101,1,Tc101m,100.90752813178727,1089.854057484191,0.0
431020,43,102,0,Tc102,101.90920715476096,0.13127787510605024,0.0
431021,43,102,1,Tc102m,101.9092640525983,0.002655736323984465,0.0
431030,43,103,0,Tc103,102.90917387489384,0.012788693368264673,0.0
431040,43,104,0,Tc104,103.91143368522607,0.000631281585209422,0.0
431041,43,104,1,Tc104m,103.91150883331312,198042.0515885558,0.0
431042,43,104,2,Tc104n,103.91154748090075,1732867.951399863,0.0
431050,43,105,0,Tc105,104.91165805594314,0.0015121011792319924,0.0
431060,43,106,0,Tc106,105.91435694581261,0.01947042642022318,0.0
431070,43,107,0,Tc107,106.91545840206005,0.032695621724525725,0.0
431071,43,107,1,Tc107m,106.91549060838308,180038.22871686894,0.0
431072,43,107,2,Tc107n,106.91552925597071,3767104.2421736154,0.0
431080,43,108,0,Tc108,107.91849331123309,0.13407102138490237,0.0
431090,43,109,0,Tc109,108.92025392355845,0.7659084868065693,0.0
431100,43,110,0,Tc110,109.92374079479792,0.7701635339554948,0.0
431110,43,111,0,Tc111,110.92589861844058,1.9804205158855577,0.0
431120,43,112,0,Tc112,111.92994158552429,2.1459665032815645,0.0
431121,43,112,1,Tc112m,111.93031947304777,4620981.203732968,0.0
431130,43,113,0,Tc113,112.932568547939,4.560178819473324,0.0
431131,43,113,1,Tc113m,112.93269093196649,1315269.792333862,0.0
431140,43,114,0,Tc114,113.93709031569168,5.728489095536738,0.0
431141,43,114,1,Tc114m,113.93726530338012,7.701635339554948,0.0
431150,43,115,0,Tc115,114.94009623917398,8.886502314871093,0.0
431160,43,116,0,Tc116,115.94502380659677,12.160476851928864,0.0
431170,43,117,0,Tc117,116.9483195869863,15.576341136178547,0.0
431180,43,118,0,Tc118,117.9535262758753,23.104906018664845,0.0
431190,43,119,0,Tc119,118.95687573346987,31.50669002545206,0.0
431200,43,120,0,Tc120,119.96242595647114,33.00700859809263,0.0
431210,43,121,0,Tc121,120.96614041906,31.50669002545206,0.0
431220,43,122,0,Tc122,121.9717550547073,53.319013889226554,0.0
440000,44,0,0,Ru,101.06493684068074,0.0,
440850,44,85,0,Ru85,84.96711734419173,693.1471805599452,0.0
440860,44,86,0,Ru86,85.9573051511102,13.862943611198904,0.0
440870,44,87,0,Ru87,86.9509068282693,13.862943611198904,0.0
440880,44,88,0,Ru88,87.94166361356119,0.46209812037329684,0.0
440890,44,89,0,Ru89,88.93733830437897,0.525111500424201,0.0
440900,44,90,0,Ru90,89.9303441645621,0.059243348765807294,0.0
440910,44,91,0,Ru91,90.92674156526854,0.08664339756999316,0.0
440911,44,91,1,Ru91m,90.92637634556544,0.0912035763894665,0.0
440920,44,92,0,Ru92,91.9202343850558,0.003165055618995184,0.0
440921,44,92,1,Ru92m,91.92327702374637,6931471.805599452,0.0
440930,44,93,0,Ru93,92.91710446722985,0.011610505537017509,0.0
440931,44,93,1,Ru93m,92.9178928780175,0.06418029449629123,0.0
440932,44,93,2,Ru93n,92.91934012281982,301368.3393738893,0.0
440940,44,94,0,Ru94,93.9113424339775,0.00022302032836549077,0.0
440941,44,94,1,Ru94m,93.91418088458008,10268.847119406597,0.0
440950,44,95,0,Ru95,94.91040415643337,0.00011981386651454493,0.0
440960,44,96,0,Ru96,95.90758890511881,0.0,0.0554
440970,44,97,0,Ru97,96.90754573791052,2.827824043720974e-06,0.0
440980,44,98,0,Ru98,97.90528657170475,0.0,0.0187
440990,44,99,0,Ru99,98.9059302687476,0.0,0.1276
441000,44,100,0,Ru100,99.90421045109808,0.0,0.126
441010,44,101,0,Ru101,100.90557310062526,0.0,0.17059999999999997
441011,44,101,1,Ru101m,100.90613950249285,39608.41031771116,0.0
441020,44,102,0,Ru102,101.90434034993427,0.0,0.3155
441030,44,103,0,Ru103,102.90631481224452,2.0442188334912483e-07,0.0
441031,44,103,1,Ru103m,102.90657053044933,410.1462606863582,0.0
441040,44,104,0,Ru104,103.90542527360257,0.0,0.1862
441050,44,105,0,Ru105,104.90774552446769,4.337483295536691e-05,0.0
441051,44,105,1,Ru105m,104.90776763947616,2038668.178117486,0.0
441060,44,106,0,Ru106,105.90732845258451,2.1577560010856383e-08,0.0
441070,44,107,0,Ru107,106.90996937107255,0.003080654135821979,0.0
441080,44,108,0,Ru108,107.91018622698091,0.002539000661391741,0.0
441090,44,109,0,Ru109,108.91332419638762,0.020149627341858874,0.0
441091,44,109,1,Ru109m,108.9134272566213,1019334.089058743,0.0
441100,44,110,0,Ru110,109.91403810321466,0.057570363833882504,0.0
441110,44,111,0,Ru111,110.91756791621818,0.3269562172452572,0.0
441120,44,112,0,Ru112,111.91880678611054,0.39608410317711157,0.0
441130,44,113,0,Ru113,112.92284438547374,0.8664339756999315,0.0
441131,44,113,1,Ru113m,112.92298394620684,1.3591121187449908,0.0
441140,44,114,0,Ru114,113.92461465969599,1.2836058899258245,0.0
441150,44,115,0,Ru115,114.92903336721498,2.1797081149683812,0.0
441151,44,115,1,Ru115m,114.92902799949448,9.120357638946649,0.0
441160,44,116,0,Ru116,115.93121910300427,3.397780296862477,0.0
441170,44,117,0,Ru117,116.93613486144194,4.590378679204936,0.0
441171,44,117,1,Ru117m,116.93632809938009,278372.3616706607,0.0
441180,44,118,0,Ru118,117.938807986253,7.001486672322679,0.0
441190,44,119,0,Ru119,118.94408982322905,9.973340727481226,0.0
441191,44,119,1,Ru119m,118.94433673837224,1805070.7827081906,0.0
441200,44,120,0,Ru120,119.946623387307,15.403270679109896,0.0
441210,44,121,0,Ru121,120.9520984622212,23.90162691586018,0.0
441220,44,122,0,Ru122,121.95514732746754,27.72588722239781,0.0
441230,44,123,0,Ru123,122.96076196311486,36.481430555786595,0.0
441240,44,124,0,Ru124,123.9639396536533,46.20981203732969,0.0
441250,44,125,0,Ru125,124.96954355385961,57.76226504666211,0.0
450000,45,0,0,Rh,102.90549408777943,0.0,
450880,45,88,0,Rh88,87.96042916444361,693.1471805599452,0.0
450890,45,89,0,Rh89,88.95099271179735,inf,0.0
450900,45,90,0,Rh90,89.94457291807443,23.90162691586018,0.0
450901,45,90,1,Rh90m,89.94457291807443,1.2377628224284736,0.0
450910,45,91,0,Rh91,90.9371225220147,0.47152869425846616,0.0
450911,45,91,1,Rh91m,90.93730502451184,0.3850817669777474,0.0
450920,45,92,0,Rh92,91.93236779519215,0.12355564715863551,0.0
450921,45,92,1,Rh92m,91.93242039885308,0.21797081149683814,0.0
450922,45,92,2,Rh92n,91.93248481149914,2987703.3644825225,0.0
450930,45,93,0,Rh93,92.9259127892227,0.04986670363740613,0.0
450940,45,94,0,Rh94,93.92173004669708,0.009817948733143702,0.0
450941,45,94,1,Rh94m,93.92178909162263,1444056.6261665525,0.0
450942,45,94,2,Rh94n,93.92204996283913,0.026866169789145165,0.0
450950,45,95,0,Rh95,94.9158974815973,0.0023012854600263787,0.0
450951,45,95,1,Rh95m,94.91648041604404,0.005894108678230828,0.0
450960,45,96,0,Rh96,95.91445141769348,0.0011669144453871133,0.0
450961,45,96,1,Rh96m,95.91450724198673,0.007650631132008227,0.0
450970,45,97,0,Rh97,96.91132525727188,0.00037630140095545346,0.0
450971,45,97,1,Rh97m,96.9116043787381,0.0002500530954400957,0.0
450980,45,98,0,Rh98,97.9107079694139,0.001324822592813351,0.0
450981,45,98,1,Rh98m,97.91076808788355,0.0032090147248145617,0.0
450990,45,99,0,Rh99,98.90812072813092,4.982942119277268e-07,0.0
450991,45,99,1,Rh99m,98.90818943495337,4.096614542316461e-05,0.0
451000,45,100,0,Rh100,99.90811428686632,9.256773244657388e-06,0.0
451001,45,100,1,Rh100m,99.90819480267388,3239005.516635258,0.0
451002,45,100,2,Rh100n,99.90823022962921,0.0025114028281157438,0.0
451003,45,100,3,Rh100p,99.9083504665685,5331901.388922656,0.0
451010,45,101,0,Rh101,100.90615936305872,5.396800440520318e-09,0.0
451011,45,101,1,Rh101m,100.90632790948254,1.8472338963933695e-06,0.0
451020,45,102,0,Rh102,101.90683462229813,3.875621648326765e-08,0.0
451021,45,102,1,Rh102m,101.90698599201635,5.869849757594253e-09,0.0
451030,45,103,0,Rh103,102.90549408777943,0.0,1.0
451031,45,103,1,Rh103m,102.90553681483465,0.00020587470166682863,0.0
451040,45,104,0,Rh104,103.90664535647316,0.016386458169265847,0.0
451041,45,104,1,Rh104m,103.90678384366217,0.0026618555321042446,0.0
451050,45,105,0,Rh105,104.90568775513522,5.4480881550854155e-06,0.0
451051,45,105,1,Rh105m,104.9058269938051,0.016195027583176293,0.0
451060,45,106,0,Rh106,105.90728551082049,0.02305112007183057,0.0
451061,45,106,1,Rh106m,105.90742721864179,8.818666419337726e-05,0.0
451070,45,107,0,Rh107,106.90674766522596,0.0005323711064208489,0.0
451071,45,107,1,Rh107m,106.90703537504498,69314.71805599454,0.0
451080,45,108,0,Rh108,107.90871547156279,0.04125876074761579,0.0
451081,45,108,1,Rh108m,107.90883785559028,0.001925408834888737,0.0
451090,45,109,0,Rh109,108.90874982497401,0.008578554214850808,0.0
451091,45,109,1,Rh109m,108.9089924459408,417558.5425059912,0.0
451100,45,110,0,Rh110,109.9110794156728,0.2069096061372971,0.0
451101,45,110,1,Rh110m,109.91131452183087,0.02432095370385773,0.0
451110,45,111,0,Rh111,110.91164302632573,0.06301338005090412,0.0
451120,45,112,0,Rh112,111.91440632884125,0.20386681781174862,0.0
451121,45,112,1,Rh112m,111.91477133383553,0.10299363752748072,0.0
451130,45,113,0,Rh113,112.91544015181034,0.24755256448569476,0.0
451140,45,114,0,Rh114,113.91872197612656,0.37467415165402446,0.0
451141,45,114,1,Rh114m,113.91893668494673,0.37467415165402446,0.0
451150,45,115,0,Rh115,114.92031189493989,0.6729584277281022,0.0
451160,45,116,0,Rh116,115.92405749030766,1.0118936942480952,0.0
451161,45,116,1,Rh116m,115.92427219912783,1.2160476851928863,0.0
451170,45,117,0,Rh117,116.92603603208549,1.6464303576245731,0.0
451171,45,117,1,Rh117m,116.92638063974185,5022805.656231487,0.0
451180,45,118,0,Rh118,117.93034094392979,2.4579687253898768,0.0
451181,45,118,1,Rh118m,117.93055243211765,2.2359586469675654,0.0
451190,45,119,0,Rh119,118.93255673895389,3.648143055578659,0.0
451200,45,120,0,Rh120,119.93706884480966,5.348357874690936,0.0
451201,45,120,1,Rh120m,119.93724061186579,2349651.459525238,0.0
451210,45,121,0,Rh121,120.93961314432862,9.366853791350612,0.0
451220,45,122,0,Rh122,121.94430453204922,13.591121187449907,0.0
451221,45,122,1,Rh122m,121.94459438895645,835117.0850119821,0.0
451230,45,123,0,Rh123,122.94719236568044,16.503504299046316,0.0
451240,45,124,0,Rh124,123.95200184325213,23.104906018664845,0.0
451250,45,125,0,Rh125,124.95509365026251,26.15649737962058,0.0
451260,45,126,0,Rh126,125.96006415944932,36.481430555786595,0.0
451270,45,127,0,Rh127,126.96378935747919,24.755256448569472,0.0
451280,45,128,0,Rh128,127.97064930428346,86.64339756999316,0.0
460000,46,0,0,Pd,106.41532790009742,0.0,
460900,46,90,0,Pd90,89.95736956375626,69.31471805599453,0.0
460910,46,91,0,Pd91,90.95043446886493,21.66084939249829,0.0
460920,46,92,0,Pd92,91.94119125415682,0.6539124344905144,0.0
460930,46,93,0,Pd93,92.93668236893336,0.5924334876580729,0.0
460940,46,94,0,Pd94,93.92903658784729,0.07617001984175223,0.0
460941,46,94,1,Pd94m,93.93427870369162,1345916.8554562044,0.0
460942,46,94,2,Pd94n,93.93677684081423,3364792.138640511,0.0
460950,46,95,0,Pd95,94.9248884134417,0.09366853791350611,0.0
460951,46,95,1,Pd95m,94.92690130863075,0.052116329365409414,0.0
460960,46,96,0,Pd96,95.91821418976687,0.0056815342668847975,0.0
460961,46,96,1,Pd96m,95.92093132988606,384227.92713965924,0.0
460970,46,97,0,Pd97,96.91647182769124,0.0037265977449459425,0.0
460980,46,98,0,Pd98,97.91269832017684,0.0006526809609792328,0.0
460990,46,99,0,Pd99,98.91177292516193,0.000539834252772543,0.0
461000,46,100,0,Pd100,99.90852008653643,2.210065237475593e-06,0.0
461010,46,101,0,Pd101,100.90828498037835,2.2732099585463243e-05,0.0
461020,46,102,0,Pd102,101.9056322529052,0.0,0.0102
461030,46,103,0,Pd103,102.90611105357418,4.721638992429171e-07,0.0
461040,46,104,0,Pd104,103.90403041775237,0.0,0.1114
461050,46,105,0,Pd105,104.9050794850477,0.0,0.22329999999999997
461051,46,105,1,Pd105m,104.9056045554674,19525.272691829447,0.0
461060,46,106,0,Pd106,105.90348033375511,0.0,0.2733
461070,46,107,0,Pd107,106.90512800924105,3.3792273527565687e-15,0.0
461071,46,107,1,Pd107m,106.90525221829353,815467.2712469945,0.0
461072,46,107,2,Pd107n,106.9053583918051,0.032542121153049074,0.0
461080,46,108,0,Pd108,107.90389182320895,0.0,0.2646
461090,46,109,0,Pd109,108.9059505587311,1.4167835429644863e-05,0.0
461091,46,109,1,Pd109m,108.90607229863214,1824071.5277893296,0.0
461092,46,109,2,Pd109n,108.90615345856617,0.0024564008099792517,0.0
461100,46,110,0,Pd110,109.90517288338447,0.0,0.11720000000000001
461110,46,111,0,Pd111,110.9076903443009,0.0004903418085455188,0.0
461111,46,111,1,Pd111m,110.90787520859506,3.4610980314376004e-05,0.0
461120,46,112,0,Pd112,111.90733059967272,9.151182675326696e-06,0.0
461130,46,113,0,Pd113,112.91026244861207,0.007453195489891885,0.0
461131,46,113,1,Pd113m,112.91034940568423,2.3104906018664844,0.0
461140,46,114,0,Pd114,113.91036980302215,0.004773740912947282,0.0
461150,46,115,0,Pd115,114.91365914214708,0.027725887222397813,0.0
461151,46,115,1,Pd115m,114.91375468757205,0.013862943611198907,0.0
461160,46,116,0,Pd116,115.91429790088706,0.058741286488130956,0.0
461170,46,117,0,Pd117,116.91795546563858,0.161197018734871,0.0
461171,46,117,1,Pd117m,116.91817339509105,36.290428301567815,0.0
461180,46,118,0,Pd118,117.9190672279094,0.364814305557866,0.0
461190,46,119,0,Pd119,118.92334143639242,0.7534208484347231,0.0
461191,46,119,1,Pd119m,118.92366027899035,231.04906018664843,0.0
461200,46,120,0,Pd120,119.92455175001169,1.4088357328454173,0.0
461210,46,121,0,Pd121,120.92895070431922,2.3901626915860184,0.0
461211,46,121,1,Pd121m,120.92909563277284,1506841.6968694462,0.0
461212,46,121,2,Pd121n,120.92912247137535,1506841.6968694462,0.0
461220,46,122,0,Pd122,121.93063187438112,3.5914361687043797,0.0
461230,46,123,0,Pd123,122.93512572998716,6.418029449629123,0.0
461231,46,123,1,Pd123m,122.93523308439725,6.931471805599452,0.0
461240,46,124,0,Pd124,123.93730502451184,7.876672506363015,0.0
461241,46,124,1,Pd124m,123.93837856861266,34657.35902799727,0.0
461250,46,125,0,Pd125,124.9420715603195,11.552453009332423,0.0
461251,46,125,1,Pd125m,124.94217891472958,13.862943611198904,0.0
461252,46,125,2,Pd125n,124.94400393970099,4813522.087221841,0.0
461260,46,126,0,Pd126,125.9444011510183,14.262287665842495,0.0
461261,46,126,1,Pd126m,125.94656971010195,2100446.0016968036,0.0
461262,46,126,2,Pd126n,125.94666632907104,1575334.501272603,0.0
461263,46,126,3,Pd126p,125.94698839230128,30.136833937388925,0.0
461270,46,127,0,Pd127,126.94930724755906,18.240715277893297,0.0
461271,46,127,1,Pd127m,126.95115374341248,17773.004629742187,0.0
461280,46,128,0,Pd128,127.9523453773644,19.804205158855577,0.0
461281,46,128,1,Pd128m,127.95465349718117,119508.13457930092,0.0
461290,46,129,0,Pd129,128.95933414946077,22.359586469675655,0.0
461300,46,130,0,Pd130,129.96486290158,25.672117798516492,0.0
461310,46,131,0,Pd131,130.97236697484476,34.657359027997266,0.0
470000,47,0,0,Ag,107.86814983359372,0.0,
470920,47,92,0,Ag92,91.95970988989605,693.1471805599452,0.0
470930,47,93,0,Ag93,92.95018755372173,3040119.212982216,0.0
470940,47,94,0,Ag94,93.94374628911679,25.672117798516492,0.0
470941,47,94,1,Ag94m,93.9451955736529,1.474781235233926,0.0
470942,47,94,2,Ag94n,93.95072432577214,1.732867951399863,0.0
470950,47,95,0,Ag95,94.93568397291959,0.38940852840446366,0.0
470951,47,95,1,Ag95m,94.93604897791387,1.3862943611198906,0.0
470952,47,95,2,Ag95n,94.93840003949468,43.32169878499658,0.0
470953,47,95,3,Ag95p,94.9409013972496,17.328679513998633,0.0
470960,47,96,0,Ag96,95.9307456700558,0.15576341136178545,0.0
470961,47,96,1,Ag96m,95.9307456700558,0.10045611312462975,0.0
470962,47,96,2,Ag96n,95.93338658854383,6716.5424472862915,0.0
470963,47,96,3,Ag96p,95.93363350368702,444040.47441380227,0.0
470964,47,96,4,Ag96q,95.93820680155653,5251115.0042420095,0.0
470970,47,97,0,Ag97,96.92388142907512,0.027182242374899815,0.0
470971,47,97,1,Ag97m,96.92454058515304,6.931471805599452,0.0
470980,47,98,0,Ag98,97.92155613255274,0.014592572222314637,0.0
470981,47,98,1,Ag98m,97.92167422240384,4305261.991055561,0.0
470990,47,99,0,Ag99,98.91764628493755,0.005580895173590542,0.0
470991,47,99,1,Ag99m,98.91818949825256,0.06601401719618527,0.0
471000,47,100,0,Ag100,99.91611541104976,0.005747489059369364,0.0
471001,47,100,1,Ag100m,99.91613258775538,0.005157345093451973,0.0
471010,47,101,0,Ag101,100.91268436410353,0.0010407615323722902,0.0
471011,47,101,1,Ag101m,100.91297851518715,0.22359586469675655,0.0
471020,47,102,0,Ag102,101.91170421833948,0.0008955389929715056,0.0
471021,47,102,1,Ag102m,101.91171388023638,0.0015003185726405741,0.0
471030,47,103,0,Ag103,102.90896023961777,0.00017583642327751023,0.0
471031,47,103,1,Ag103m,102.90910409452728,0.12160476851928864,0.0
471040,47,104,0,Ag104,103.90862422031421,0.00016694296256260726,0.0
471041,47,104,1,Ag104m,103.90863173512291,0.00034484934356216184,0.0
471050,47,105,0,Ag105,104.9065254415971,1.9429733136440794e-07,0.0
471051,47,105,1,Ag105m,104.90655228019962,0.0015978496555093251,0.0
471060,47,106,0,Ag106,105.9066639287861,0.0004821558017250593,0.0
471061,47,106,1,Ag106m,105.90676054775518,9.689054120816913e-07,0.0
471070,47,107,0,Ag107,106.90509150874162,0.0,0.51839
471071,47,107,1,Ag107m,106.90519145569742,0.015646663218057456,0.0
471080,47,108,0,Ag108,107.90595023666788,0.004849896309543417,0.0
471081,47,108,1,Ag108m,107.90606778974691,5.003411797931138e-11,0.0
471090,47,109,0,Ag109,108.9047558115013,0.0,0.48161000000000004
471091,47,109,1,Ag109m,108.90485028338217,0.017420135223924233,0.0
471100,47,110,0,Ag110,109.90611073151095,0.02822260507165901,0.0
471101,47,110,1,Ag110m,109.90611191240946,1050223.0008484018,0.0
471102,47,110,2,Ag110n,109.90623698029721,3.210774229092104e-08,0.0
471110,47,111,0,Ag111,110.90529687772812,1.0793134416838967e-06,0.0
471111,47,111,1,Ag111m,110.90536107566534,0.010696715749381872,0.0
471120,47,112,0,Ag112,111.90704857963743,6.151465926162098e-05,0.0
471130,47,113,0,Ag113,112.90657267753754,3.5854913126419684e-05,0.0
471131,47,113,1,Ag113m,112.90661883993387,0.010089478610770673,0.0
471140,47,114,0,Ag114,113.90882282597286,0.15068416968694465,0.0
471141,47,114,1,Ag114m,113.90903646124893,462.09812037329687,0.0
471150,47,115,0,Ag115,114.90876700167962,0.0005776226504666211,0.0
471151,47,115,1,Ag115m,114.90881101698776,0.03850817669777474,0.0
471160,47,116,0,Ag116,115.91138644928563,0.003016306268755201,0.0
471161,47,116,1,Ag116m,115.91143797940248,0.03465735902799726,0.0
471162,47,116,2,Ag116n,115.91152601001873,0.07453195489891884,0.0
471170,47,117,0,Ag117,116.91177399870602,0.00941776060543404,0.0
471171,47,117,1,Ag117m,116.91180513148495,0.12980284280148788,0.0
471180,47,118,0,Ag118,117.91459548731181,0.18434765440424078,0.0
471181,47,118,1,Ag118m,117.91464465563163,6931471.805599453,0.0
471182,47,118,2,Ag118n,117.91473247153908,0.34657359027997264,0.0
471183,47,118,3,Ag118p,117.9148954355336,6931471.805599453,0.0
471190,47,119,0,Ag119,118.91557005064655,0.11552453009332421,0.0
471191,47,119,1,Ag119m,118.91559152152857,0.3300700859809263,0.0
471200,47,120,0,Ag120,119.91878424168442,0.4560178819473324,0.0
471201,47,120,1,Ag120m,119.91878638877262,0.737390617616963,0.0
471202,47,120,2,Ag120n,119.91900217113688,1.8050707827081909,0.0
471210,47,121,0,Ag121,120.92012509826634,0.8920813134619631,0.0
471211,47,121,1,Ag121m,120.92014656914836,3.465735902799726,0.0
471220,47,122,0,Ag122,121.92366027899035,1.310297127712562,0.0
471221,47,122,1,Ag122m,121.92374616251843,1.2602676010180822,0.0
471222,47,122,2,Ag122n,121.92374616251843,3.465735902799726,0.0
471223,47,122,3,Ag122p,121.9238427814875,110023.36199364212,0.0
471230,47,123,0,Ag123,122.92531353690563,2.357643471292331,0.0
471231,47,123,1,Ag123m,122.92537794955167,6.931471805599452,0.0
471232,47,123,2,Ag123n,122.92687017585183,3431421.685940323,0.0
471233,47,123,3,Ag123p,122.92689164673384,1763733.2838675452,0.0
471240,47,124,0,Ag124,123.92889917420239,3.8962742021357237,0.0
471241,47,124,1,Ag124m,123.92895285140743,4.813522087221842,0.0
471242,47,124,2,Ag124n,123.92907094125852,4951051.289713895,0.0
471243,47,124,3,Ag124p,123.92914608934558,468342.6895675306,0.0
471250,47,125,0,Ag125,124.93073493461479,4.332169878499658,0.0
471251,47,125,1,Ag125m,124.93084228902488,13.862943611198904,0.0
471252,47,125,2,Ag125n,124.93234525076603,1411705.052056915,0.0
471260,47,126,0,Ag126,125.93481440219793,13.329753472306638,0.0
471261,47,126,1,Ag126m,125.934921756608,6.394346684132336,0.0
471262,47,126,2,Ag126n,125.93508278822314,25672.117798516494,0.0
471270,47,127,0,Ag127,126.93703663848663,7.788170568089273,0.0
471271,47,127,1,Ag127m,126.93705810936865,34.657359027997266,0.0
471272,47,127,2,Ag127n,126.93911931404223,10.268847119406596,0.0
471280,47,128,0,Ag128,127.94126640224388,11.552453009332423,0.0
471290,47,129,0,Ag129,128.94431526749023,13.890725061321548,0.0
471291,47,129,1,Ag129m,128.94433673837224,69.31471805599453,0.0
471300,47,130,0,Ag130,129.95072432577214,17.07259065418584,0.0
471310,47,131,0,Ag131,130.9562530778914,19.804205158855577,0.0
471320,47,132,0,Ag132,131.96307008293164,23.104906018664845,0.0
471330,47,133,0,Ag133,132.96878133754802,inf,0.0
480000,48,0,0,Cd,112.4138186347567,0.0,
480940,48,94,0,Cd94,93.95658587656266,8.664339756999317,0.0
480950,48,95,0,Cd95,94.94947901461519,21.66084939249829,0.0
480960,48,96,0,Cd96,95.94034315431718,0.6910739586838935,0.0
480961,48,96,1,Cd96m,95.94681662524515,1.3564524081407932,0.0
480962,48,96,2,Cd96n,95.94635500128179,3500743.3361613397,0.0
480970,48,97,0,Cd97,96.93480366675692,0.5975406728965046,0.0
480971,48,97,1,Cd97m,96.93614559688295,949.5166856985552,0.0
480972,48,97,2,Cd97n,96.93761635230108,0.179571808435219,0.0
480980,48,98,0,Cd98,97.92738547702022,0.074612183052739,0.0
480981,48,98,1,Cd98m,97.92999418918522,4500955.717921723,0.0
480982,48,98,2,Cd98n,97.9345030744087,3094407.056071184,0.0
480990,48,99,0,Cd99,98.92492588013083,0.04077336356234972,0.0
481000,48,100,0,Cd100,99.92034882485696,0.01411705052056915,0.0
481010,48,101,0,Cd101,100.91858617279782,0.008494450742156191,0.0
481020,48,102,0,Cd102,101.91448179899155,0.002100446001696804,0.0
481030,48,103,0,Cd103,102.91341695059793,0.001582527809497592,0.0
481040,48,104,0,Cd104,103.90985621952431,0.0002002158233853106,0.0
481050,48,105,0,Cd105,104.90946394650987,0.00020815230647445806,0.0
481051,48,105,1,Cd105m,104.9121667011381,154032.70679109896,0.0
481060,48,106,0,Cd106,105.90645974069812,0.0,0.012450000000000001
481070,48,107,0,Cd107,106.90661207660604,2.9621674382903646e-05,0.0
481080,48,108,0,Cd108,107.90418361249556,0.0,0.00888
481090,48,109,0,Cd109,108.9049867308374,1.7391148519480606e-08,0.0
481091,48,109,1,Cd109m,108.9050507140658,58741.28648813095,0.0
481092,48,109,2,Cd109n,108.90548388911049,65391.24344905145,0.0
481100,48,110,0,Cd110,109.9030074375787,0.0,0.1247
481110,48,111,0,Cd111,110.90418382720438,0.0,0.12795
481111,48,111,1,Cd111m,110.90460916537712,0.00023819490740891591,0.0
481120,48,112,0,Cd112,111.90276389336398,0.0,0.24109000000000003
481130,48,113,0,Cd113,112.90440810130248,2.7319624120544403e-24,0.12227
481131,48,113,1,Cd113m,112.90469102311481,1.581351892938639e-09,0.0
481140,48,114,0,Cd114,113.90336500291235,0.0,0.28754
481150,48,115,0,Cd115,114.90543740465091,3.6015877944046708e-06,0.0
481151,48,115,1,Cd115m,114.90563171613316,1.80038976930799e-07,0.0
481160,48,116,0,Cd116,115.90476322969104,8.16541925387275e-28,0.07511999999999999
481170,48,117,0,Cd117,116.9072260364773,7.692404454209894e-05,0.0
481171,48,117,1,Cd117m,116.90737246789264,5.595492109528443e-05,0.0
481180,48,118,0,Cd118,117.9069215793703,0.00022967103398275192,0.0
481190,48,119,0,Cd119,118.90984376641275,0.004294592196777852,0.0
481191,48,119,1,Cd119m,118.91000479802787,0.00525111500424201,0.0
481200,48,120,0,Cd120,119.90986845792706,0.013644629538581601,0.0
481210,48,121,0,Cd121,120.91296370027857,0.05134423559703299,0.0
481211,48,121,1,Cd121m,120.91319440490584,0.08351170850119823,0.0
481220,48,122,0,Cd122,121.91345903352668,0.1322799962900659,0.0
481230,48,123,0,Cd123,122.91689244226994,0.3300700859809263,0.0
481231,48,123,1,Cd123m,122.91704617378518,0.3808500992087611,0.0
481240,48,124,0,Cd124,123.91765981159321,0.5545177444479562,0.0
481250,48,125,0,Cd125,124.9212575799383,1.019334089058743,0.0
481251,48,125,1,Cd125m,124.92145736649547,1.4440566261665528,0.0
481252,48,125,2,Cd125n,124.92302688797088,36481.430555786596,0.0
481260,48,126,0,Cd126,125.92243031951405,1.353803087031143,0.0
481270,48,127,0,Cd127,126.92620350496522,1.4440566261665528,0.0
481271,48,127,1,Cd127m,126.92650946503394,1.925408834888737,0.0
481272,48,127,2,Cd127n,126.92818419383123,39608.41031771116,0.0
481280,48,128,0,Cd128,127.92781704174875,2.8176714656908346,0.0
481281,48,128,1,Cd128m,127.92982456921729,2567211.779851649,0.0
481282,48,128,2,Cd128n,127.9307317139825,194704.26420223183,0.0
481283,48,128,3,Cd128p,127.93241932530898,110.02336199364211,0.0
481290,48,129,0,Cd129,128.93223574926776,4.715286942584662,0.0
481291,48,129,1,Cd129m,128.93260397489433,4.414950194649333,0.0
481292,48,129,2,Cd129n,128.93468665044992,192.54088348887367,0.0
481300,48,130,0,Cd130,129.9343871316458,5.4664604145106095,0.0
481301,48,130,1,Cd130m,129.93667378058055,2888113.252333105,0.0
481310,48,131,0,Cd131,130.94072748310526,7.072930413876993,0.0
481320,48,132,0,Cd132,131.94581822923138,8.251752149523158,0.0
481330,48,133,0,Cd133,132.9526137633896,11.363068533769596,0.0
481340,48,134,0,Cd134,133.95763794978146,10.663802777845312,0.0
481350,48,135,0,Cd135,134.96476628261092,inf,0.0
490000,49,0,0,In,114.81826654999895,0.0,
490960,49,96,0,In96,95.95910870519958,693.1471805599452,0.0
490970,49,97,0,In97,96.94912474506192,19.254088348887368,0.0
490971,49,97,1,In97m,96.94955416270226,5776.2265046662105,0.0
490980,49,98,0,In98,97.94212523752455,23.104906018664845,0.0
490981,49,98,1,In98m,97.94300554368722,0.7788170568089273,0.0
490990,49,99,0,In99,98.93410586309139,0.2228769069324583,0.0
490991,49,99,1,In99m,98.93453528073171,0.6931471805599453,0.0
491000,49,100,0,In100,99.93110197934287,0.12333579725265931,0.0
491010,49,101,0,In101,100.92641391960898,0.04590378679204936,0.0
491011,49,101,1,In101m,100.927095620113,0.06931471805599453,0.0
491020,49,102,0,In102,101.9241057997922,0.029748806032615677,0.0
491030,49,103,0,In103,102.91987925666726,0.011552453009332421,0.0
491031,49,103,1,In103m,102.92055773653898,0.02038668178117486,0.0
491040,49,104,0,In104,103.91821418976687,0.0064180294496291234,0.0
491041,49,104,1,In104m,103.91831402936825,0.04414950194649333,0.0
491050,49,105,0,In105,104.91450187426622,0.002278590337146434,0.0
491051,49,105,1,In105m,104.91522544299018,0.014440566261665526,0.0
491060,49,106,0,In106,105.91346375712072,0.0018632988724729713,0.0
491061,49,106,1,In106m,105.91349488989965,0.0022216255787177734,0.0
491070,49,107,0,In107,106.91028714012639,0.0003565571916460624,0.0
491071,49,107,1,In107m,106.91101500302675,0.013752920249205264,0.0
491080,49,108,0,In108,107.90969347023864,0.00019918022429883485,0.0
491081,49,108,1,In108m,107.90972567656166,0.0002917286113467783,0.0
491090,49,109,0,In109,108.90714917071968,4.629499482781286e-05,0.0
491091,49,109,1,In109m,108.90784697438521,0.008621233589054046,0.0
491092,49,109,2,In109n,108.90940576041962,3.3007008598092633,0.0
491100,49,110,0,In110,109.9071706416017,3.91343259123727e-05,0.0
491101,49,110,1,In110m,109.90723720133595,0.00016718455874576587,0.0
491110,49,111,0,In111,110.9051072898399,2.860288367097976e-06,0.0
491111,49,111,1,In111m,110.90568378302206,0.0015003185726405741,0.0
491120,49,112,0,In112,111.90553885456843,0.0007763745301970713,0.0
491121,49,112,1,In112m,111.90570740099227,0.0005588995166585593,0.0
491122,49,112,2,In112n,111.90591566854783,1004561.1312462974,0.0
491123,49,112,3,In112p,111.90619801064635,246671.59450531862,0.0
491130,49,113,0,In113,112.90406045551632,0.0,0.042809999999999994
491131,49,113,1,In113m,112.9044809627406,0.00011613540230947204,0.0
491140,49,114,0,In114,113.90491641369879,0.00964043366564597,0.0
491141,49,114,1,In114m,113.90512070914117,1.6203871565413862e-07,0.0
491142,49,114,2,In114n,113.90545522548298,16.082301173084577,0.0
491150,49,115,0,In115,114.90387877213333,4.9807205879631965e-23,0.95719
491151,49,115,1,In115m,114.90423974489596,4.2920393109423474e-05,0.0
491160,49,116,0,In116,115.90525999075281,0.04915937450779754,0.0
491161,49,116,1,In116m,115.90539662071052,0.00021279154557620963,0.0
491162,49,116,2,In116n,115.90557095353705,0.31795742227520424,0.0
491170,49,117,0,In117,116.90451576704035,0.0002674178937345468,0.0
491171,49,117,1,In117m,116.90485393343211,9.941870059666456e-05,0.0
491180,49,118,0,In118,117.90635689517327,0.13862943611198905,0.0
491181,49,118,1,In118m,117.90646210249515,0.0026472165465931305,0.0
491182,49,118,2,In118n,117.90661239866927,0.08154672712469944,0.0
491190,49,119,0,In119,118.90585125590178,0.004813522087221842,0.0
491191,49,119,1,In119m,118.90618512811713,0.0006418029449629123,0.0
491192,49,119,2,In119n,118.90655335374372,5331901.388922656,0.0
491193,49,119,3,In119p,118.90870366257766,2615649.737962058,0.0
491200,49,120,0,In120,119.90796506423631,0.22504778589608612,0.0
491201,49,120,1,In120m,119.90801874144134,0.015003185726405742,0.0
491202,49,120,2,In120n,119.90828712746655,0.014654274430442819,0.0
491210,49,121,0,In121,120.90785234210571,0.030006371452811483,0.0
491211,49,121,1,In121m,120.90818943495337,0.002977436342611449,0.0
491212,49,121,2,In121n,120.91058451184232,94951.66856985552,0.0
491220,49,122,0,In122,121.91028391949409,0.46209812037329684,0.0
491221,49,122,1,In122m,121.91032686125811,0.06729584277281021,0.0
491222,49,122,2,In122n,121.91059524728333,0.06418029449629123,0.0
491230,49,123,0,In123,122.9104352892123,0.11234152035007217,0.0
491231,49,123,1,In123m,122.91078633813328,0.014623358239661294,0.0
491232,49,123,2,In123n,122.91266611385382,495105.1289713895,0.0
491233,49,123,3,In123p,122.91269295245634,6931.471805599454,0.0
491240,49,124,0,In124,123.9131824885663,0.22216255787177733,0.0
491241,49,124,1,In124m,123.91316101768429,0.1888684415694674,0.0
491250,49,125,0,In125,124.91367384970125,0.2937064324406548,0.0
491251,49,125,1,In125m,124.91405205928798,0.056815342668847975,0.0
491252,49,125,2,In125n,124.91583102921746,73739.06176169631,0.0
491253,49,125,3,In125p,124.91599399321196,138.62943611198907,0.0
491260,49,126,0,In126,125.91646860705893,0.4530373729149969,0.0
491261,49,126,1,In126m,125.91656522602801,0.4226507198536252,0.0
491262,49,126,2,In126n,125.91672947827544,31506.69002545206,0.0
491270,49,127,0,In127,126.9174659295286,0.6382570723388078,0.0
491271,49,127,1,In127m,126.91788890590432,0.19158296864564547,0.0
491272,49,127,2,In127n,126.91936610258706,0.666487673615332,0.0
491273,49,127,3,In127p,126.92000486132706,77016.35339554948,0.0
491280,49,128,0,In128,127.92035365580541,0.8494450742156192,0.0
491281,49,128,1,In128m,127.920619787388,30136.833937388925,0.0
491282,49,128,2,In128n,127.92065972322855,0.9627044174443685,0.0
491283,49,128,3,In128p,127.92228345868105,2.3104906018664844,0.0
491290,49,129,0,In129,128.92180852277085,1.2160476851928863,0.0
491291,49,129,1,In129m,128.92229236909708,0.5635342931381669,0.0
491292,49,129,2,In129n,128.92362066521304,61888.14112142369,0.0
491293,49,129,3,In129p,128.9235851309033,1.0345480306864854,0.0
491294,49,129,4,In129q,128.92389645869255,6.301338005090412,0.0
491300,49,130,0,In130,129.9249522893157,2.5390006613917406,0.0
491301,49,130,1,In130m,129.92502367999842,1.2836058899258245,0.0
491302,49,130,2,In130n,129.92536603321216,1.2836058899258245,0.0
491303,49,130,3,In130p,129.92536914649006,150684.16968694466,0.0
491310,49,131,0,In131,130.92697280666786,2.650658434263653,0.0
491311,49,131,1,In131m,130.92737645924979,2.1132535992681256,0.0
491312,49,131,2,In131n,130.930992585199,2.1526309955277805,0.0
491313,49,131,3,In131p,130.93103466812775,1036094.4402988717,0.0
491320,49,132,0,In132,131.93300011266754,3.4280275992084337,0.0
491330,49,133,0,In133,132.93806724082341,4.252436690551812,0.0
491331,49,133,1,In133m,132.93842151037668,4.15058191952063,0.0
491340,49,134,0,In134,133.94420791308013,5.096670445293715,0.0
491341,49,134,1,In134m,133.9442723257262,198042.0515885558,0.0
491350,49,135,0,In135,134.94942533741016,6.729584277281021,0.0
491360,49,136,0,In136,135.9560168981892,8.05985093674355,0.0
491370,49,137,0,In137,136.96153491486746,9.902102579427789,0.0
500000,50,0,0,Sn,118.71011319620648,0.0,
500990,50,99,0,Sn99,98.94849135404243,28.881132523331054,0.0
501000,50,100,0,Sn100,99.93864695463787,0.5874128648813096,0.0
501001,50,100,1,Sn100m,99.94347790309158,6931471.805599452,0.0
501010,50,101,0,Sn101,100.93525455527927,0.31222845971168706,0.0
501020,50,102,0,Sn102,101.93029478153346,0.182407152778933,0.0
501021,50,102,1,Sn102m,101.93246334061712,1888684.4156946735,0.0
501030,50,103,0,Sn103,102.92797592627568,0.09902102579427789,0.0
501040,50,104,0,Sn104,103.92310525669023,0.0333243836807666,0.0
501050,50,105,0,Sn105,104.92126842273372,0.021197161485013615,0.0
501060,50,106,0,Sn106,105.91695706962481,0.006016902609027304,0.0
501070,50,107,0,Sn107,106.91571390555606,0.003983604485976697,0.0
501080,50,108,0,Sn108,107.91189423564532,0.001121597379546837,0.0
501090,50,109,0,Sn109,108.91129305094886,0.0006382570723388078,0.0
501100,50,110,0,Sn110,109.90784482729701,4.635071822072068e-05,0.0
501110,50,111,0,Sn111,110.90774069351923,0.0003272649577714567,0.0
501111,50,111,1,Sn111m,110.90801444726495,55451.77444479563,0.0
501120,50,112,0,Sn112,111.90482489406419,0.0,0.0097
501130,50,113,0,Sn113,112.90517588930796,6.971269388283284e-08,0.0
501131,50,113,1,Sn113m,112.90525898162136,0.000539834252772543,0.0
501140,50,114,0,Sn114,113.90278013071851,0.0,0.0066
501141,50,114,1,Sn114m,113.90609455320136,945630.5328239362,0.0
501150,50,115,0,Sn115,114.90334469575215,0.0,0.0034000000000000002
501151,50,115,1,Sn115m,114.90400257001839,212621.8345275906,0.0
501152,50,115,2,Sn115n,114.90411081547008,4359.416229936764,0.0
501160,50,116,0,Sn116,115.9017428240988,0.0,0.1454
501161,50,116,1,Sn116m,115.90428280797047,1991802.2429883482,0.0
501162,50,116,2,Sn116n,115.90555085679149,832109.4604561168,0.0
501170,50,117,0,Sn117,116.90295408243688,0.0,0.0768
501171,50,117,1,Sn117m,116.90329181941101,5.755460802092261e-07,0.0
501172,50,117,2,Sn117n,116.9055374589611,396084.1031771116,0.0
501180,50,118,0,Sn118,117.90160667723595,0.0,0.2422
501181,50,118,1,Sn118m,117.90437094594115,3013683.3937388924,0.0
501182,50,118,2,Sn118n,117.90494335965572,275058.40498410526,0.0
501190,50,119,0,Sn119,118.90331125055923,0.0,0.0859
501191,50,119,1,Sn119m,118.90340733275626,2.7371329962594347e-08,0.0
501192,50,119,2,Sn119n,118.90559467886169,72202.83130832764,0.0
501193,50,119,3,Sn119p,118.90585447653409,7220283.130832762,0.0
501200,50,120,0,Sn120,119.9022026015663,0.0,0.3258
501201,50,120,1,Sn120m,119.90486670860692,58741.28648813095,0.0
501202,50,120,2,Sn120n,119.90531824125573,110726.38667091778,0.0
501210,50,121,0,Sn121,120.90424351625639,7.1232291338836e-06,0.0
501211,50,121,1,Sn121m,120.90425027958422,5.003411797931138e-10,0.0
501212,50,121,2,Sn121n,120.9063892088507,130782.4868981029,0.0
501213,50,121,3,Sn121p,120.90662893124842,1332975.347230664,0.0
501214,50,121,4,Sn121q,120.90728583288372,4150581.9195206305,0.0
501220,50,122,0,Sn122,121.90344544357183,0.0,0.0463
501221,50,122,1,Sn122m,121.90603161131072,92419.62407465938,0.0
501222,50,122,2,Sn122n,121.90641432978266,11179.793234837827,0.0
501223,50,122,3,Sn122p,121.90851385998064,4986670.363740613,0.0
501230,50,123,0,Sn123,122.90572704684932,6.209393817365639e-08,0.0
501231,50,123,1,Sn123m,122.90575345603419,0.000288378757097664,0.0
501232,50,123,2,Sn123n,122.90781498277101,93668.53791350612,0.0
501233,50,123,3,Sn123p,122.90803806523516,115524.53009332421,0.0
501234,50,123,4,Sn123q,122.9086390352228,20386.681781174862,0.0
501240,50,124,0,Sn124,123.9052795936681,0.0,0.0579
501241,50,124,1,Sn124m,123.90764632899277,2567211.779851649,0.0
501242,50,124,2,Sn124n,123.9077755837025,223595.86469675656,0.0
501243,50,124,3,Sn124p,123.90813157092634,13591.121187449908,0.0
501244,50,124,4,Sn124q,123.91016679583268,2665950.694461328,0.0
501250,50,125,0,Sn125,124.907789325067,8.327316599581071e-07,0.0
501251,50,125,1,Sn125m,124.90781884752977,0.001182441454384076,0.0
501252,50,125,2,Sn125n,124.90982132934104,111797.93234837828,0.0
501253,50,125,3,Sn125p,124.91000028914264,1066380.2777845312,0.0
501254,50,125,4,Sn125q,124.91060576801551,3013683.3937388924,0.0
501260,50,126,0,Sn126,125.90765910416756,9.549990344746823e-14,0.0
501261,50,126,1,Sn126m,125.9100412985273,113630.68533769596,0.0
501262,50,126,2,Sn126n,125.91041167124209,91203.5763894665,0.0
501263,50,126,3,Sn126p,125.91232580037385,6080238.425964432,0.0
501270,50,127,0,Sn127,126.91039127390417,9.168613499470175e-05,0.0
501271,50,127,1,Sn127m,126.91039664162467,0.0027972041184824267,0.0
501272,50,127,2,Sn127n,126.91235263897637,153351.14614158086,0.0
501273,50,127,3,Sn127p,126.91246428756286,550116.8099682105,0.0
501274,50,127,4,Sn127q,126.91313095844947,2772588.7222397807,0.0
501280,50,128,0,Sn128,127.91050829021115,0.00019557225341683464,0.0
501281,50,128,1,Sn128m,127.91275307092599,0.10663802777845312,0.0
501282,50,128,2,Sn128n,127.91318356211042,238194.9074089159,0.0
501283,50,128,3,Sn128p,127.91490874748044,3150669.002545206,0.0
501290,50,129,0,Sn129,128.91348200737045,0.005180472201494359,0.0
501291,50,129,1,Sn129m,128.91351958141396,0.0016742685520771624,0.0
501292,50,129,2,Sn129n,128.9153735920761,198609.50732376656,0.0
501293,50,129,3,Sn129p,128.91541760738423,312228.45971168706,0.0
501294,50,129,4,Sn129q,128.91622276545985,3136412.5817192094,0.0
501300,50,130,0,Sn130,129.9139745494039,0.003105498120788285,0.0
501301,50,130,1,Sn130m,129.9160646324138,0.006795560593724954,0.0
501302,50,130,2,Sn130n,129.9165884145806,461790.26019983034,0.0
501310,50,131,0,Sn131,130.91705261504978,0.012377628224284737,0.0
501311,50,131,1,Sn131m,130.91712239541633,0.01186895857123194,0.0
501312,50,131,2,Sn131n,130.92206606600064,2193503.7359491936,0.0
501320,50,132,0,Sn132,131.91782384913182,0.017459626714356302,0.0
501321,50,132,1,Sn132m,131.92302892770468,333243.836807666,0.0
501330,50,133,0,Sn133,132.92391374275257,0.5059468471240476,0.0
501340,50,134,0,Sn134,133.92868017120583,0.7453195489891884,0.0
501341,50,134,1,Sn134m,133.93001888069955,7967208.971953393,0.0
501350,50,135,0,Sn135,134.93490887407881,1.3459168554562044,0.0
501360,50,136,0,Sn136,135.93969902785668,1.9525272691829445,0.0
501370,50,137,0,Sn137,136.94616176334364,2.7837236167066077,0.0
501380,50,138,0,Sn138,137.95114300797147,4.683426895675306,0.0
501381,50,138,1,Sn138m,137.95258155706657,3300700.859809263,0.0
501390,50,139,0,Sn139,138.9577989813966,5.776226504666211,0.0
501400,50,140,0,Sn140,139.96297346396256,13.862943611198904,0.0
510000,51,0,0,Sb,121.75978416815207,0.0,
511020,51,102,0,Sb102,101.94514189644786,inf,0.0
511030,51,103,0,Sb103,102.93916225580627,inf,0.0
511040,51,104,0,Sb104,103.9363388348211,1.474781235233926,0.0
511050,51,105,0,Sb105,104.9312770743857,0.6188814112142368,0.0
511060,51,106,0,Sb106,105.92863830298589,1.1552453009332422,0.0
511061,51,106,1,Sb106m,105.92874887802827,3067022.9228316164,0.0
511070,51,107,0,Sb107,106.92415088864443,0.17328679513998632,0.0
511080,51,108,0,Sb108,107.92222709761576,0.09366853791350611,0.0
511090,51,109,0,Sb109,108.91814118876802,0.04029925468371775,0.0
511100,51,110,0,Sb110,109.91685400939113,0.029370643244065478,0.0
511110,51,111,0,Sb111,110.91321791552164,0.009241962407465937,0.0
511120,51,112,0,Sb112,111.91239987491682,0.012956022066541034,0.0
511121,51,112,1,Sb112m,111.91328662234409,1293185.0383581067,0.0
511130,51,113,0,Sb113,112.90937462764069,0.001732001950424651,0.0
511140,51,114,0,Sb114,113.90928874411262,0.0033101584553961094,0.0
511141,51,114,1,Sb114m,113.90982014844253,3165.055618995184,0.0
511150,51,115,0,Sb115,114.90659844259595,0.00035988950184836203,0.0
511151,51,115,1,Sb115m,114.90960007190186,4359416.229936763,0.0
511160,51,116,0,Sb116,115.9067927540782,0.0007311679119830646,0.0
511161,51,116,1,Sb116m,115.90689366722368,3572923.6111337384,0.0
511162,51,116,2,Sb116n,115.90720284792472,0.00019158296864564547,0.0
511170,51,117,0,Sb117,116.9048410509029,6.482858029928407e-05,0.0
511171,51,117,1,Sb117m,116.90820231748259,1952.5272691829443,0.0
511172,51,117,2,Sb117n,116.90830967189267,2390162.691586018,0.0
511180,51,118,0,Sb118,117.90553241330383,0.0032090147248145617,0.0
511181,51,118,1,Sb118m,117.90558716405297,33647.92138640511,0.0
511182,51,118,2,Sb118n,117.90580079932904,3.843131406963547e-05,0.0
511190,51,119,0,Sb119,118.90394356803462,5.041657069622249e-06,0.0
511191,51,119,1,Sb119m,118.90668539966812,5331901.388922656,0.0
511192,51,119,2,Sb119n,118.90699458036916,0.8301163839041261,0.0
511200,51,120,0,Sb120,119.90508045123738,0.0007270266211033619,0.0
511201,51,120,1,Sb120m,119.90507723060509,1.3928015298674312e-06,0.0
511202,51,120,2,Sb120n,119.90516418767726,2817671.4656908344,0.0
511203,51,120,3,Sb120p,119.90757858836001,1732867.951399863,0.0
511210,51,121,0,Sb121,120.9038113074014,0.0,0.5721
511211,51,121,1,Sb121m,120.90676484193158,3872.330617653326,0.0
511220,51,122,0,Sb122,121.90516934068894,2.945347239898819e-06,0.0
511221,51,122,1,Sb122m,121.90523525629672,372659.77449459425,0.0
511222,51,122,2,Sb122n,121.9053169530028,1307.8248689810289,0.0
511223,51,122,3,Sb122p,121.90534497250383,0.002756490815875071,0.0
511230,51,123,0,Sb123,122.90421528204654,0.0,0.4279
511231,51,123,1,Sb123m,122.90661765903536,3239005.516635258,0.0
511232,51,123,2,Sb123n,122.90702088219963,10663.802777845312,0.0
511240,51,124,0,Sb124,123.90593703207544,1.3326473109695023e-07,0.0
511241,51,124,1,Sb124m,123.90594873370614,0.007453195489891885,0.0
511242,51,124,2,Sb124n,123.90597653849835,0.0005719036143233872,0.0
511243,51,124,3,Sb124p,123.90598083267474,216608.4939249829,0.0
511250,51,125,0,Sb125,124.90525425802731,7.965251593022083e-09,0.0
511251,51,125,1,Sb125m,124.90737042815886,169060.28794145008,0.0
511252,51,125,2,Sb125n,124.90752169052266,24320.95370385773,0.0
511254,51,125,4,Sb125q,124.90790698550045,2502336.3919131598,0.0
511260,51,126,0,Sb126,125.90725652512975,6.495981224320975e-07,0.0
511261,51,126,1,Sb126m,125.90727799601177,0.0006032612537510403,0.0
511262,51,126,2,Sb126n,125.90729946689379,0.06301338005090412,0.0
511263,51,126,3,Sb126p,125.90736387953984,1253430.706256682,0.0
511264,51,126,4,Sb126q,125.90919963995225,7701635.339554947,0.0
511270,51,127,0,Sb127,126.90692587354671,2.083775795334131e-06,0.0
511271,51,127,1,Sb127m,126.90898707822029,59243.3487658073,0.0
511272,51,127,2,Sb127n,126.90942186358112,2576755.3180667106,0.0
511280,51,128,0,Sb128,127.90914596274722,2.1275235744626926e-05,0.0
511281,51,128,1,Sb128m,127.90915669818821,0.0011097457261606551,0.0
511282,51,128,2,Sb128n,127.91088188355825,1386294.3611198904,0.0
511283,51,128,3,Sb128p,127.91104613580568,3194226.638525093,0.0
511290,51,129,0,Sb129,128.9091470362913,4.410006493102925e-05,0.0
511291,51,129,1,Sb129m,128.91113416642193,0.0006526809609792328,0.0
511292,51,129,2,Sb129n,128.91114490186294,310828.33208966156,0.0
511293,51,129,3,Sb129p,128.91144334712297,778817.0568089273,0.0
511300,51,130,0,Sb130,129.91166235011954,0.00029246716479322586,0.0
511301,51,130,1,Sb130m,129.91166771784006,0.0018337226998940352,0.0
511302,51,130,2,Sb130n,129.9117536013681,866433.9756999315,0.0
511303,51,130,3,Sb130p,129.9132812546236,1155245.300933242,0.0
511304,51,130,4,Sb130q,129.9133209757553,554517.7444479563,0.0
511310,51,131,0,Sb131,130.91198935165266,0.0005016262704877299,0.0
511311,51,131,1,Sb131m,130.91378871892005,10796.68505545086,0.0
511312,51,131,2,Sb131n,130.91380063525958,161197.018734871,0.0
511313,51,131,3,Sb131p,130.9143142187574,714584.7222267477,0.0
511320,51,132,0,Sb132,131.9145079934676,0.004140664161051047,0.0
511321,51,132,1,Sb132m,131.91466397942546,0.0028176714656908347,0.0
511322,51,132,2,Sb132n,131.91478121044125,6795560.593724954,0.0
511330,51,133,0,Sb133,132.91527160538652,0.0049369457304839414,0.0
511331,51,133,1,Sb133m,132.92014656914836,41907.32651511157,0.0
511340,51,134,0,Sb134,133.92053733920105,1.02840827976253,0.0
511341,51,134,1,Sb134m,133.9208368580052,0.06924547258341111,0.0
511350,51,135,0,Sb135,134.9251843895503,0.41555586364505115,0.0
511360,51,136,0,Sb136,135.9307488906881,0.7509720266088248,0.0
511361,51,136,1,Sb136m,135.93103767405123,1216047.6851928863,0.0
511370,51,137,0,Sb137,136.93552294130447,1.3946623351306746,0.0
511380,51,138,0,Sb138,137.94133081488994,2.08152306474458,0.0
511390,51,139,0,Sb139,138.94626911775373,3.8085009920876116,0.0
511400,51,140,0,Sb140,139.9523453773644,4.077336356234972,0.0
511401,51,140,1,Sb140m,139.95269964691767,16906.028794145008,0.0
511410,51,141,0,Sb141,140.95755206625338,6.729584277281021,0.0
511420,51,142,0,Sb142,141.9639181827713,8.664339756999317,0.0
520000,52,0,0,Te,127.60312689366073,0.0,
521040,52,104,0,Te104,103.94672000627607,173286795.1399863,0.0
521050,52,105,0,Te105,104.94330613603545,1095019.2425907508,0.0
521060,52,106,0,Te106,105.93749826244999,8886.502314871093,0.0
521070,52,107,0,Te107,106.93487881484398,215.26309955277802,0.0
521080,52,108,0,Te108,107.92938012195955,0.3300700859809263,0.0
521090,52,109,0,Te109,108.92730496121266,0.15753345012726028,0.0
521100,52,110,0,Te110,109.92245790959744,0.03726597744945942,0.0
521110,52,111,0,Te111,110.92100111025262,0.02645599925801318,0.0
521120,52,112,0,Te112,111.91672733118723,0.0057762265046662105,0.0
521130,52,113,0,Te113,112.9158910403327,0.006795560593724954,0.0
521140,52,114,0,Te114,113.91208747358347,0.000760029803245554,0.0
521150,52,115,0,Te115,114.91190175045402,0.0019918022429883486,0.0
521151,52,115,1,Te115m,114.91191248589503,0.001724246717810809,0.0
521152,52,115,2,Te115n,114.91220234280226,92419.62407465938,0.0
521160,52,116,0,Te116,115.90846533578728,7.7325656019628e-05,0.0
521170,52,117,0,Te117,116.90864569119623,0.00018632988724729711,0.0
521171,52,117,1,Te117m,116.90896346025008,6.729584277281021,0.0
521180,52,118,0,Te118,117.90585984425459,1.3370894686727339e-06,0.0
521190,52,119,0,Te119,118.9064052046578,1.1996316728278734e-05,0.0
521191,52,119,1,Te119m,118.90668539966812,1.7069227259651922e-06,0.0
521200,52,120,0,Te120,119.90406573735329,0.0,0.0009
521210,52,121,0,Te121,120.90494518468068,4.154602181272089e-07,0.0
521211,52,121,1,Te121m,120.90526080664633,4.87099988587517e-08,0.0
521220,52,122,0,Te122,121.903044689559,0.0,0.0255
521230,52,123,0,Te123,122.90427099898537,0.0,0.0089
521231,52,123,1,Te123m,122.90453670115032,6.730316117480205e-08,0.0
521240,52,124,0,Te124,123.90281838646254,0.0,0.047400000000000005
521250,52,125,0,Te125,124.90443117176521,0.0,0.0707
521251,52,125,1,Te125m,124.90458662095101,1.3976544968704536e-07,0.0
521260,52,126,0,Te126,125.9033121093945,0.0,0.1884
521270,52,127,0,Te127,126.90522699000715,2.0592607859772586e-05,0.0
521271,52,127,1,Te127m,126.90532167659684,7.561297655076723e-08,0.0
521280,52,128,0,Te128,127.90446123100003,9.762212352407865e-33,0.31739999999999996
521281,52,128,1,Te128m,127.90745727787662,1909496.3651789126,0.0
521290,52,129,0,Te129,128.90659640286216,0.00016598352024902905,0.0
521291,52,129,1,Te129m,128.9067096617648,2.387659765487025e-07,0.0
521300,52,130,0,Te130,129.90622274510244,2.776861920722844e-29,0.3408
521301,52,130,1,Te130m,129.90852701089588,3726597.744945942,0.0
521302,52,130,2,Te130n,129.9090860589864,364814.305557866,0.0
521303,52,130,3,Te130p,129.91091827670326,13078248.689810287,0.0
521310,52,131,0,Te131,130.90852221215374,0.00046209812037329687,0.0
521311,52,131,1,Te131m,130.90871787630158,5.927982866036752e-06,0.0
521312,52,131,2,Te131n,130.91060490918022,7.453195489891885,0.0
521320,52,132,0,Te132,131.90854692513895,2.503912862683022e-06,0.0
521321,52,132,1,Te132m,131.91045246591793,4780325.383172036,0.0
521322,52,132,2,Te132n,131.91061349753303,24320.95370385773,0.0
521323,52,132,3,Te132p,131.9114701857255,191477.12170164235,0.0
521330,52,133,0,Te133,132.9109633655555,0.0009241962407465937,0.0
521331,52,133,1,Te133m,132.9113222513484,0.00020852803265943,0.0
521332,52,133,2,Te133n,132.91269220097547,6931471.805599452,0.0
521340,52,134,0,Te134,133.91139632589136,0.0002763744739074742,0.0
521341,52,134,1,Te134m,133.9132120110291,4213660.672096932,0.0
521350,52,135,0,Te135,134.91655470529582,0.03648143055578659,0.0
521351,52,135,1,Te135m,134.9182239590182,1356452.408140793,0.0
521360,52,136,0,Te136,135.9201011582329,0.03931634603289537,0.0
521370,52,137,0,Te137,136.92559931434528,0.2783723616706607,0.0
521380,52,138,0,Te138,137.92947244675221,0.4747583428492776,0.0
521390,52,139,0,Te139,138.93536727740985,0.9573856085082117,0.0
521400,52,140,0,Te140,139.93948753966882,1.9747782921935761,0.0
521410,52,141,0,Te141,140.94560352041123,3.5914361687043797,0.0
521420,52,142,0,Te142,141.9500265221066,4.715286942584662,0.0
521430,52,143,0,Te143,142.95648925759357,5.776226504666211,0.0
521440,52,144,0,Te144,143.96111623266813,7.453195489891885,0.0
521450,52,145,0,Te145,144.96778294153424,9.241962407465937,0.0
530000,53,0,0,I,126.90447282527632,0.0,
531060,53,106,0,I106,105.9535155404343,inf,0.0
531070,53,107,0,I107,106.94693471509623,34657.35902799727,0.0
531080,53,108,0,I108,107.94334907779948,26.25557502121005,0.0
531090,53,109,0,I109,108.93808549107314,7469.258411206308,0.0
531100,53,110,0,I110,109.93508278822314,1.0438963562649777,0.0
531110,53,111,0,I111,110.93026901647504,0.2772588722239781,0.0
531120,53,112,0,I112,111.9280049119664,0.20752909597603153,0.0
531130,53,113,0,I113,112.92364954354935,0.1050223000848402,0.0
531140,53,114,0,I114,113.9220188300602,0.34484934356216185,0.0
531141,53,114,1,I114m,113.92230439279102,0.11179793234837827,0.0
531150,53,115,0,I115,114.91804779043125,0.008886502314871094,0.0
531160,53,116,0,I116,115.91688621571416,0.23819490740891588,0.0
531161,53,116,1,I116m,115.91734783967752,211971.61485013616,0.0
531170,53,117,0,I117,116.91364518607377,0.005203807661861451,0.0
531180,53,118,0,I118,117.91307406061213,0.0008432447452067461,0.0
531181,53,118,1,I118m,117.91327696044718,0.0013591121187449908,0.0
531190,53,119,0,I119,118.91006062232111,0.000604840471692797,0.0
531200,53,120,0,I120,119.91009390218824,0.00014145283469245038,0.0
531201,53,120,1,I120m,119.9101722709076,2864244.547768369,0.0
531202,53,120,2,I120n,119.9104342156682,0.00021797081149683815,0.0
531210,53,121,0,I121,120.90741111548027,9.082117145701589e-05,0.0
531211,53,121,1,I121m,120.90996292980793,77016.35339554948,0.0
531220,53,122,0,I122,121.90759039734512,0.003182493941964855,0.0
531221,53,122,1,I122m,121.90792856373687,3585862.289497906,0.0
531222,53,122,2,I122n,121.90799727055933,8762.922636661762,0.0
531223,53,122,3,I122p,121.90801337372083,8863.77468746733,0.0
531224,53,122,4,I122q,121.90806705092588,4731380.072081537,0.0
531230,53,123,0,I123,122.90558931114118,1.4560838790071517e-05,0.0
531240,53,124,0,I124,123.9062102490491,1.921105558437836e-06,0.0
531250,53,125,0,I125,124.90463063625914,1.3507773457766035e-07,0.0
531260,53,126,0,I126,125.9056247380965,6.204591501961642e-07,0.0
531261,53,126,1,I126m,125.9057439014917,5415212.348124572,0.0
531270,53,127,0,I127,126.90447282527632,0.0,1.0
531280,53,128,0,I128,127.90580938768184,0.0004622830335867316,0.0
531281,53,128,1,I128m,127.90595753676776,820292.5213727163,0.0
531282,53,128,2,I128n,127.90598866954669,3960841.0317711155,0.0
531290,53,129,0,I129,128.9049838322683,1.3609032089787917e-15,0.0
531300,53,130,0,I130,129.9066703700507,1.5577741382594957e-05,0.0
531301,53,130,1,I130m,129.90671331181474,0.0013068385757163373,0.0
531302,53,130,2,I130n,129.90674551813777,5211632.936540942,0.0
531303,53,130,3,I130p,129.90675840066697,2200467.239872842,0.0
531304,53,130,4,I130q,129.90676162129927,2728925.90771632,0.0
531310,53,131,0,I131,130.9061264052548,9.997055180795278e-07,0.0
531311,53,131,1,I131m,130.90818589225785,28881.132523331053,0.0
531320,53,132,0,I132,131.90799297638293,8.389580979907351e-05,0.0
531321,53,132,1,I132m,131.90811106623403,0.00013881822890329755,0.0
531330,53,133,0,I133,132.9078287241355,9.24344135808323e-06,0.0
531331,53,133,1,I133m,132.90958289519625,0.07701635339554948,0.0
531332,53,133,2,I133n,132.90968488188582,4077336.356234972,0.0
531333,53,133,3,I133p,132.91050614312294,1477925.7581235506,0.0
531340,53,134,0,I134,133.9097761331344,0.0002200467239872842,0.0
531341,53,134,1,I134m,133.91011537307025,0.0032819468776512564,0.0
531350,53,135,0,I135,134.9100593340682,2.926153244511758e-05,0.0
531360,53,136,0,I136,135.9146049344999,0.008311117272901023,0.0
531361,53,136,1,I136m,135.91482608458466,0.014874403016307838,0.0
531370,53,137,0,I137,136.91802846663742,0.028725535870698107,0.0
531380,53,138,0,I138,137.92272629562265,0.11072638667091778,0.0
531381,53,138,1,I138m,137.9227992966215,550116.8099682105,0.0
531390,53,139,0,I139,138.92649336187245,0.30401192129822163,0.0
531400,53,140,0,I140,139.93171615392293,1.1788217356461654,0.0
531410,53,141,0,I141,140.93566572266988,1.6503504299046317,0.0
531420,53,142,0,I142,141.9411665626425,2.949562470467852,0.0
531430,53,143,0,I143,142.94547469511912,3.8085009920876116,0.0
531440,53,144,0,I144,143.95133624590963,7.373906176169631,0.0
531450,53,145,0,I145,144.9558451311331,7.727393317279211,0.0
531460,53,146,0,I146,145.9618462426567,7.373906176169631,0.0
531470,53,147,0,I147,146.96650542405428,11.552453009332423,0.0
540000,54,0,0,Xe,131.29277126876246,0.0,
541080,54,108,0,Xe108,107.95423481498185,9627.044174443685,0.0
541090,54,109,0,Xe109,108.95043446886493,53.319013889226554,0.0
541100,54,110,0,Xe110,109.94426159028518,7.453195489891885,0.0
541110,54,111,0,Xe111,110.94147037562304,0.9366853791350612,0.0
541120,54,112,0,Xe112,111.9355594418039,0.2567211779851649,0.0
541130,54,113,0,Xe113,112.9332212627523,0.2529734235620238,0.0
541131,54,113,1,Xe113m,112.93365497456904,100456.11312462974,0.0
541140,54,114,0,Xe114,113.92798022045208,0.06931471805599453,0.0
541150,54,115,0,Xe115,114.92629368266968,0.03850817669777474,0.0
541160,54,116,0,Xe116,115.92158082406706,0.01174825729762619,0.0
541170,54,117,0,Xe117,116.92035913088033,0.011363068533769595,0.0
541180,54,118,0,Xe118,117.91617875015172,0.003040119212982216,0.0
541190,54,119,0,Xe119,118.91541116611963,0.0019918022429883486,0.0
541200,54,120,0,Xe120,119.91178473414703,0.00025114028281157435,0.0
541210,54,121,0,Xe121,120.91145300901988,0.0002880910974895866,0.0
541220,54,122,0,Xe122,121.90836764327412,9.579148432282273e-06,0.0
541230,54,123,0,Xe123,122.9084825124929,9.256773244657389e-05,0.0
541231,54,123,1,Xe123m,122.90868111815155,126256.3170418844,0.0
541240,54,124,0,Xe124,123.90588517989536,0.0,0.00095
541250,54,125,0,Xe125,124.90638759853455,1.141321182506661e-05,0.0
541251,54,125,1,Xe125m,124.90665877577442,0.012181848515992008,0.0
541252,54,125,2,Xe125n,124.90670526023399,4951051.289713895,0.0
541260,54,126,0,Xe126,125.90429742212632,0.0,0.00089
541270,54,127,0,Xe127,126.90518351147107,2.2075110924099952e-07,0.0
541271,54,127,1,Xe127m,126.90550235406901,0.010016577753756434,0.0
541280,54,128,0,Xe128,127.90353075382735,0.0,0.0191
541281,54,128,1,Xe128m,127.90652297244567,8351170.850119823,0.0
541290,54,129,0,Xe129,128.90478085728517,0.0,0.26401
541291,54,129,1,Xe129m,128.90503436398913,9.034388301842796e-07,0.0
541300,54,130,0,Xe130,129.90350934735798,0.0,0.040709999999999996
541310,54,131,0,Xe131,130.90508412812594,0.0,0.21231999999999998
541311,54,131,1,Xe131m,130.9052601142104,6.714543699394378e-07,0.0
541320,54,132,0,Xe132,131.90415508306108,0.0,0.26909
541321,54,132,1,Xe132m,131.90710969650308,82.6158737258576,0.0
541330,54,133,0,Xe133,132.90591073024495,1.5288593993285064e-06,0.0
541331,54,133,1,Xe133m,132.90616108072928,3.6499257561585098e-06,0.0
541332,54,133,2,Xe133n,132.9082152000118,80.22536812036404,0.0
541340,54,134,0,Xe134,133.90539303077904,0.0,0.10436
541341,54,134,1,Xe134m,133.90750311820972,2.3901626915860184,0.0
541342,54,134,2,Xe134n,133.90864075289338,138629.43611198908,0.0
541350,54,135,0,Xe135,134.90723183361544,2.1065742176025568e-05,0.0
541351,54,135,1,Xe135m,134.90779759135657,0.0007555561157182748,0.0
541360,54,136,0,Xe136,135.90721447440734,1.0075677886659492e-29,0.08857
541361,54,136,1,Xe136m,135.90924534072462,237379.1714246388,0.0
541370,54,137,0,Xe137,136.9115577761887,0.0030257865398984865,0.0
541380,54,138,0,Xe138,137.91414631646003,0.0008170051633191245,0.0
541390,54,139,0,Xe139,138.91879218591077,0.017468426929434105,0.0
541400,54,140,0,Xe140,139.92164577348515,0.050966704452937155,0.0
541410,54,141,0,Xe141,140.92678719089284,0.4006631101502574,0.0
541420,54,142,0,Xe142,141.92997314772086,0.5635342931381669,0.0
541430,54,143,0,Xe143,142.93536942449805,1.3564524081407932,0.0
541440,54,144,0,Xe144,143.9389453998979,1.7864618055668693,0.0
541450,54,145,0,Xe145,144.94471999361625,3.6869530880848154,0.0
541460,54,146,0,Xe146,145.94851819264497,4.747583428492776,0.0
541470,54,147,0,Xe147,146.95448173012502,7.876672506363015,0.0
541480,54,148,0,Xe148,147.95850752050313,8.154672712469944,0.0
541490,54,149,0,Xe149,148.9645730446728,13.862943611198904,0.0
541500,54,150,0,Xe150,149.9688779565171,17.328679513998633,0.0
550000,55,0,0,Cs,132.90545195868827,0.0,
551110,55,111,0,Cs111,110.95394495807463,693147.1805599453,0.0
551120,55,112,0,Cs112,111.95016608283971,1414.5860827753986,0.0
551130,55,113,0,Cs113,112.9444279896208,40917.77925383384,0.0
551140,55,114,0,Cs114,113.9412878731259,1.2160476851928863,0.0
551150,55,115,0,Cs115,114.93590941718077,0.49510512897138953,0.0
551160,55,116,0,Cs116,115.93339732398483,0.9902102579427788,0.0
551161,55,116,1,Cs116m,115.93350467839493,0.1800382287168689,0.0
551170,55,117,0,Cs117,116.92862005273616,0.08251752149523157,0.0
551171,55,117,1,Cs117m,116.9287810843513,0.10663802777845312,0.0
551180,55,118,0,Cs118,117.92655992160668,0.049510512897138946,0.0
551181,55,118,1,Cs118m,117.92666620247267,0.04077336356234972,0.0
551190,55,119,0,Cs119,118.92237739378987,0.0161197018734871,0.0
551191,55,119,1,Cs119m,118.92242570327441,0.022800894097366624,0.0
551200,55,120,0,Cs120,119.92067689993416,0.01147594669801234,0.0
551201,55,120,1,Cs120m,119.92078318080016,0.012160476851928864,0.0
551210,55,121,0,Cs121,120.91722760273822,0.004471917293935131,0.0
551211,55,121,1,Cs121m,120.91730060373708,0.0056815342668847975,0.0
551220,55,122,0,Cs122,121.91611326396156,0.03272649577714567,0.0
551221,55,122,1,Cs122m,121.91616694116661,693147.1805599453,0.0
551222,55,122,2,Cs122n,121.91625819241517,0.0031222845971168706,0.0
551223,55,122,3,Cs122p,121.91625282469467,1.925408834888737,0.0
551230,55,123,0,Cs123,122.91299569189277,0.001964702892743609,0.0
551231,55,123,1,Cs123m,122.9131631647725,0.4226507198536252,0.0
551232,55,123,2,Cs123n,122.91326622500618,6080238.425964432,0.0
551240,55,124,0,Cs124,123.91224743165449,0.02243194759093674,0.0
551241,55,124,1,Cs124m,123.91274448257317,0.10813528557877461,0.0
551250,55,125,0,Cs125,124.90972567656166,0.00026048372061628907,0.0
551251,55,125,1,Cs125m,124.91001123929247,770.1635339554948,0.0
551260,55,126,0,Cs126,125.90944548155134,0.007044178664227086,0.0
551261,55,126,1,Cs126m,125.90973855909087,693147.1805599453,0.0
551262,55,126,2,Cs126n,125.91008531383544,4053.4922839762885,0.0
551270,55,127,0,Cs127,126.90741755674489,3.080654135821979e-05,0.0
551271,55,127,1,Cs127m,126.90790279867845,12602.676010180825,0.0
551280,55,128,0,Cs128,127.90774820832793,0.003173750826739676,0.0
551290,55,129,0,Cs129,128.90606596472193,6.0056420302206385e-06,0.0
551291,55,129,1,Cs129m,128.9066832525799,965386.0453481132,0.0
551300,55,130,0,Cs130,129.90670901763835,0.000395496508364684,0.0
551301,55,130,1,Cs130m,129.9068840053268,0.003338859251252145,0.0
551310,55,131,0,Cs131,130.90546846228176,8.280046250424609e-07,0.0
551320,55,132,0,Cs132,131.90643773304407,1.2380458043266055e-06,0.0
551330,55,133,0,Cs133,132.90545195868827,0.0,1.0
551340,55,134,0,Cs134,133.90671850240048,1.0636793120056996e-08,0.0
551341,55,134,1,Cs134m,133.9068674502032,6.611980889040993e-05,0.0
551350,55,135,0,Cs135,134.90597686056157,1.6515020896930598e-14,0.0
551351,55,135,1,Cs135m,134.90772985072383,0.00021797081149683815,0.0
551360,55,136,0,Cs136,135.90731138323332,6.166438748682862e-07,0.0
551361,55,136,1,Cs136m,135.90786737172314,0.03960841031771116,0.0
551370,55,137,0,Cs137,136.90708926695885,7.311910050904692e-10,0.0
551380,55,138,0,Cs138,137.91101715011496,0.00034484934356216184,0.0
551381,55,138,1,Cs138m,137.911103033643,0.003969915123481931,0.0
551390,55,139,0,Cs139,138.91336391751935,0.001246219310607597,0.0
551400,55,140,0,Cs140,139.91728342703146,0.010881431405964604,0.0
551401,55,140,1,Cs140m,139.91729845664887,1471650.064883111,0.0
551410,55,141,0,Cs141,140.92004565600288,0.027904475867952708,0.0
551420,55,142,0,Cs142,141.92429903773035,0.4108756257023979,0.0
551430,55,143,0,Cs143,142.9273468294326,0.38465437322971435,0.0
551440,55,144,0,Cs144,143.93207579119672,0.6973311675653373,0.0
551441,55,144,1,Cs144m,143.932174557254,630133.8005090412,0.0
551450,55,145,0,Cs145,144.9355293825691,1.1909745370445797,0.0
551451,55,145,1,Cs145m,144.936348496718,1386294.3611198904,0.0
551460,55,146,0,Cs146,145.94062184636576,2.155308397263511,0.0
551461,55,146,1,Cs146m,145.94067198087527,554517.7444479563,0.0
551470,55,147,0,Cs147,146.94426159028518,3.007146119565923,0.0
551471,55,147,1,Cs147m,146.94501414469985,3648143.0555786593,0.0
551480,55,148,0,Cs148,147.94963897268622,4.566186960210443,0.0
551481,55,148,1,Cs148m,147.94968728217074,144405.6626166553,0.0
551490,55,149,0,Cs149,148.9535155404343,6.172281216028008,0.0
551500,55,150,0,Cs150,149.9590228216715,8.557372599505497,0.0
551510,55,151,0,Cs151,150.96319890822375,11.748257297626191,0.0
551520,55,152,0,Cs152,151.96872766034298,40.77336356234972,0.0
560000,56,0,0,Ba,137.3266717224825,0.0,
561130,56,113,0,Ba113,112.95736956375626,23.104906018664845,0.0
561140,56,114,0,Ba114,113.95071359033115,1.5068416968694462,0.0
561150,56,115,0,Ba115,114.94748222258765,1.5403270679109895,0.0
561160,56,116,0,Ba116,115.94162067179715,0.5331901388922656,0.0
561170,56,117,0,Ba117,116.93831415596662,0.39608410317711157,0.0
561180,56,118,0,Ba118,117.9332255569287,0.1332975347230664,0.0
561190,56,119,0,Ba119,118.93065978652774,0.12836058899258246,0.0
561200,56,120,0,Ba120,119.92604354689419,0.028881132523331052,0.0
561210,56,121,0,Ba121,120.92405749030766,0.023338288907742265,0.0
561220,56,122,0,Ba122,121.91990394818157,0.005924334876580729,0.0
561230,56,123,0,Ba123,122.91878102105211,0.004278686299752749,0.0
561231,56,123,1,Ba123m,122.91891091988832,835117.0850119821,0.0
561240,56,124,0,Ba124,123.91509339706577,0.001050223000848402,0.0
561250,56,125,0,Ba125,124.9144718150314,0.00350074333616134,0.0
561251,56,125,1,Ba125m,124.9146006403235,251140.2828115744,0.0
561260,56,126,0,Ba126,125.91125010918483,0.00011552453009332422,0.0
561270,56,127,0,Ba127,126.91109122465791,0.0009096419692387733,0.0
561271,56,127,1,Ba127m,126.91117710818597,0.359143616870438,0.0
561280,56,128,0,Ba128,127.90835239894788,3.301455478204281e-06,0.0
561290,56,129,0,Ba129,128.90868326523974,8.634120335823932e-05,0.0
561291,56,129,1,Ba129m,128.90869185359256,9.018308360134601e-05,0.0
561300,56,130,0,Ba130,129.90632599857403,0.0,0.0011
561301,56,130,1,Ba130m,129.90898310610712,72.65693716561272,0.0
561310,56,131,0,Ba131,130.90694627088462,6.964007649337156e-07,0.0
561311,56,131,1,Ba131m,130.90714809717556,0.0008101299445534658,0.0
561320,56,132,0,Ba132,131.90506123479798,0.0,0.001
561330,56,133,0,Ba133,132.90600745656846,2.0843790312033416e-09,0.0
561331,56,133,1,Ba133m,132.9063169593327,4.949637107683128e-06,0.0
561340,56,134,0,Ba134,133.90450825223164,0.0,0.0242
561341,56,134,1,Ba134m,133.9076829368466,265573.6323984465,0.0
561350,56,135,0,Ba135,134.9056884529389,0.0,0.0659
561351,56,135,1,Ba135m,134.9059763989376,6.849551173563632e-06,0.0
561352,56,135,2,Ba135n,134.90825202257446,653.9124344905143,0.0
561360,56,136,0,Ba136,135.90457579962649,0.0,0.0785
561361,56,136,1,Ba136m,135.90675566312953,2.2475589512319885,0.0
561362,56,136,2,Ba136n,135.90817988041087,7617001.984175222,0.0
561370,56,137,0,Ba137,136.90582720851393,0.0,0.11230000000000001
561371,56,137,1,Ba137m,136.90653752970368,0.004526823279518974,0.0
561372,56,137,2,Ba137n,136.90834907096118,1176820.340509245,0.0
561380,56,138,0,Ba138,137.9052470545464,0.0,0.7170000000000001
561381,56,138,1,Ba138m,137.90749134143093,815467.2712469945,0.0
561390,56,139,0,Ba139,138.9088411621061,0.00013930366585472592,0.0
561400,56,140,0,Ba140,139.91060812981254,6.290508266059563e-07,0.0
561410,56,141,0,Ba141,140.91440418175304,0.0006323181723772535,0.0
561420,56,142,0,Ba142,141.9164331801036,0.0010898540574841907,0.0
561430,56,143,0,Ba143,142.92062536981732,0.04780325383172036,0.0
561440,56,144,0,Ba144,143.9229549605161,0.059091831249782206,0.0
561450,56,145,0,Ba145,144.9275185964887,0.1608230117308458,0.0
561460,56,146,0,Ba146,145.93036316629266,0.322394037469742,0.0
561470,56,147,0,Ba147,146.9353039383079,0.776200650123119,0.0
561480,56,148,0,Ba148,147.93822301207246,1.1179793234837827,0.0
561490,56,149,0,Ba149,148.94328402102698,1.9860950732376654,0.0
561500,56,150,0,Ba150,149.94644088480985,2.6866169789145165,0.0
561510,56,151,0,Ba151,150.95175492810895,4.15058191952063,0.0
561520,56,152,0,Ba152,151.95532982996468,4.986670363740613,0.0
561530,56,153,0,Ba153,152.96084784664293,6.134045845663232,0.0
561540,56,154,0,Ba154,153.96465892820086,13.07824868981029,0.0
570000,57,0,0,La,138.90547548299114,0.0,
571160,57,116,0,La116,115.95700455876198,69.31471805599453,0.0
571170,57,117,0,La117,116.95032711445485,31.942266385250935,0.0
571180,57,118,0,La118,117.94673074171708,3.465735902799726,0.0
571190,57,119,0,La119,118.94093360357263,0.6931471805599453,0.0
571200,57,120,0,La120,119.93819606611552,0.24755256448569476,0.0
571210,57,121,0,La121,120.93323629236971,0.1307824868981029,0.0
571220,57,122,0,La122,121.93071346373277,0.0805985093674355,0.0
571230,57,123,0,La123,122.9263011974784,0.04077336356234972,0.0
571240,57,124,0,La124,123.92457279147607,0.023729790501881044,0.0
571241,57,124,1,La124m,123.92468014588614,0.033007008598092635,0.0
571250,57,125,0,La125,124.92081646066728,0.010696715749381872,0.0
571251,57,125,1,La125m,124.92093132988606,1.7773004629742186,0.0
571260,57,126,0,La126,125.91951639876117,0.012836058899258247,0.0
571261,57,126,1,La126m,125.91974184302235,0.03465735902799726,0.0
571270,57,127,0,La127,126.91637520872216,0.0022651868645749847,0.0
571271,57,127,1,La127m,126.91639023833957,0.0031222845971168706,0.0
571280,57,128,0,La128,127.91558722735216,0.0022302032836549078,0.0
571281,57,128,1,La128m,127.91569458176224,0.008251752149523159,0.0
571290,57,129,0,La129,128.91269509954455,0.0009959011214941743,0.0
571291,57,129,1,La129m,128.91287974912987,1.2377628224284736,0.0
571300,57,130,0,La130,129.91236981568198,0.0013278681619922324,0.0
571301,57,130,1,La130m,129.91259955411957,934160.6207007348,0.0
571310,57,131,0,La131,130.91007028421802,0.00019580428829376985,0.0
571311,57,131,1,La131m,130.91039771516878,4077.3363562349728,0.0
571320,57,132,0,La132,131.91012288787897,4.1947904899536755e-05,0.0
571321,57,132,1,La132m,131.9103268612581,0.00047540958886141654,0.0
571330,57,133,0,La133,132.9082184206441,4.921801725175708e-05,0.0
571340,57,134,0,La134,133.90851364527182,0.0017910779859430111,0.0
571341,57,134,1,La134m,133.9089849311321,23901.626915860183,0.0
571350,57,135,0,La135,134.90698491847226,1.018196105176487e-05,0.0
571360,57,136,0,La136,135.90763226556504,0.0011704612978047035,0.0
571361,57,136,1,La136m,135.90791138703128,6.080238425964432,0.0
571362,57,136,2,La136n,135.91033759669912,3706669.4147590655,0.0
571370,57,137,0,La137,136.90645040086446,3.660829632152949e-13,0.0
571371,57,137,1,La137m,136.90845739156094,2026746.141988144,0.0
571380,57,138,0,La138,137.9071240497877,2.132522115817252e-19,0.0008881
571381,57,138,1,La138m,137.90720198908943,5975406.728965045,0.0
571382,57,138,2,La138n,137.9079171841694,346573.59027997265,0.0
571390,57,139,0,La139,138.90636290702022,0.0,0.9991119
571391,57,139,1,La139m,138.90829571581935,2200467.239872842,0.0
571400,57,140,0,La140,139.90948724241687,4.77899385660785e-06,0.0
571410,57,141,0,La141,140.9109709877186,4.911757231859023e-05,0.0
571420,57,142,0,La142,141.9140907068756,0.00012681068067324283,0.0
571421,57,142,1,La142m,141.91424744431433,796720.8971953394,0.0
571430,57,143,0,La143,142.91607998409444,0.0008135530288262268,0.0
571440,57,144,0,La144,143.91964522405328,0.01575334501272603,0.0
571450,57,145,0,La145,144.92180841541645,0.02794948308709457,0.0
571460,57,146,0,La146,145.925687989088,0.07001486672322679,0.0
571461,57,146,1,La146m,145.92583989557826,0.1140044704868331,0.0
571470,57,147,0,La147,146.92841822644522,0.1721677050571151,0.0
571480,57,148,0,La148,147.9326791229814,0.49020309799147477,0.0
571490,57,149,0,La149,148.93535117424835,0.6471962470214242,0.0
571500,57,150,0,La150,149.93954755078406,1.3752920249205263,0.0
571510,57,151,0,La151,150.94276936398504,1.4906390979783768,0.0
571520,57,152,0,La152,151.94708501127036,2.4151469705921436,0.0
571530,57,153,0,La153,152.95055255871603,2.8291721655507973,0.0
571540,57,154,0,La154,153.95541571349276,4.305261991055561,0.0
571550,57,155,0,La155,154.95928047225573,6.862843371880646,0.0
571560,57,156,0,La156,155.96451936746774,8.251752149523158,0.0
571570,57,157,0,La157,156.96879207298903,23.104906018664845,0.0
580000,58,0,0,Ce,140.11569548377065,0.0,
581190,58,119,0,Ce119,118.95295729750187,3.465735902799726,0.0
581200,58,120,0,Ce120,119.94661265186599,2.772588722239781,0.0
581210,58,121,0,Ce121,120.94343496132755,0.6301338005090411,0.0
581220,58,122,0,Ce122,121.93787400288528,0.34657359027997264,0.0
581230,58,123,0,Ce123,122.93527602616128,0.182407152778933,0.0
581240,58,124,0,Ce124,123.93030551697447,0.07617001984175223,0.0
581250,58,125,0,Ce125,124.92843755023902,0.07145847222267478,0.0
581251,58,125,1,Ce125m,124.9285341692081,0.05331901388922656,0.0
581260,58,126,0,Ce126,125.9239705332355,0.013591121187449907,0.0
581270,58,127,0,Ce127,126.92272736916675,0.02038668178117486,0.0
581271,58,127,1,Ce127m,126.92273488397545,0.02423591540419389,0.0
581272,58,127,2,Ce127n,126.92276709029848,69314.71805599454,0.0
581280,58,128,0,Ce128,127.91891091988832,0.002939555473112575,0.0
581290,58,129,0,Ce129,128.9181014676363,0.0033007008598092634,0.0
581300,58,130,0,Ce130,129.9147359068802,0.0005044739305385337,0.0
581301,58,130,1,Ce130m,129.91737038410363,6931471.805599452,0.0
581310,58,131,0,Ce131,130.91442779972326,0.001121597379546837,0.0
581311,58,131,1,Ce131m,130.9144922123693,0.0021393431498763745,0.0
581320,58,132,0,Ce132,131.91146589154908,5.485495256093267e-05,0.0
581321,58,132,1,Ce132m,131.91397905828913,73.7390617616963,0.0
581330,58,133,0,Ce133,132.91152064229823,0.00011909745370445796,0.0
581331,58,133,1,Ce133m,132.91156036342997,3.7753114409583074e-05,0.0
581340,58,134,0,Ce134,133.90892803329476,2.538777472163419e-06,0.0
581341,58,134,1,Ce134m,133.91237303631428,2250477.8589608613,0.0
581350,58,135,0,Ce135,134.90916099236463,1.0878016016320548e-05,0.0
581351,58,135,1,Ce135m,134.9096397930336,0.03465735902799726,0.0
581360,58,136,0,Ce136,135.9071293101538,0.0,0.0018599999999999999
581361,58,136,1,Ce136m,135.91045192914586,353646.52069384966,0.0
581370,58,137,0,Ce137,136.90776237911007,2.1393431498763742e-05,0.0
581371,58,137,1,Ce137m,136.9080353813749,5.59711870607191e-06,0.0
581380,58,138,0,Ce138,137.9059941446216,0.0,0.00251
581381,58,138,1,Ce138m,137.9082800420755,79.39830246963864,0.0
581390,58,139,0,Ce139,138.90664707414373,5.828552921373131e-08,0.0
581391,58,139,1,Ce139m,138.90745674110457,0.012037985073983072,0.0
581400,58,140,0,Ce140,139.90544846215516,0.0,0.88449
581401,58,140,1,Ce140m,139.90771138576528,94951.66856985552,0.0
581410,58,141,0,Ce141,140.90828594656804,2.468093158602185e-07,0.0
581420,58,142,0,Ce142,141.9092502038794,0.0,0.11114
581430,58,143,0,Ce143,142.91239193069046,5.827684962888516e-06,0.0
581440,58,144,0,Ce144,143.9136528082369,2.8160516178528967e-08,0.0
581450,58,145,0,Ce145,144.91726195614945,0.0038380242555921666,0.0
581460,58,146,0,Ce146,145.91881215383103,0.0008563716092907652,0.0
581470,58,147,0,Ce147,146.9226897951232,0.012289843626949385,0.0
581480,58,148,0,Ce148,147.92442464239014,0.012203295432393403,0.0
581490,58,149,0,Ce149,148.92842681479803,0.14031319444533305,0.0
581500,58,150,0,Ce150,149.93038388569383,0.11456978191073476,0.0
581510,58,151,0,Ce151,150.93427226242702,0.39383362531815075,0.0
581520,58,152,0,Ce152,151.93668236893336,0.4881318172957361,0.0
581530,58,153,0,Ce153,152.94105169342373,0.8013262203005148,0.0
581540,58,154,0,Ce154,153.94393952705494,0.9600376462049104,0.0
581550,58,155,0,Ce155,154.9487060628626,2.2145277334183557,0.0
581560,58,156,0,Ce156,155.95188375340103,2.9748806032615676,0.0
581570,58,157,0,Ce157,156.95713338405406,3.9608410317711154,0.0
581580,58,158,0,Ce158,157.96077269855587,7.001486672322679,0.0
581590,58,159,0,Ce159,158.96635512788015,inf,0.0
590000,59,0,0,Pr,140.9076596409396,0.0,
591210,59,121,0,Pr121,120.95539424261074,57.76226504666211,0.0
591220,59,122,0,Pr122,121.95192669516507,1.3862943611198906,0.0
591230,59,123,0,Pr123,122.94607587981558,0.8664339756999315,0.0
591240,59,124,0,Pr124,123.94294113104117,0.5776226504666211,0.0
591250,59,125,0,Pr125,124.93765929406511,0.2100446001696804,0.0
591260,59,126,0,Pr126,125.93524381983826,0.22216255787177733,0.0
591270,59,127,0,Pr127,126.93071346373277,0.16503504299046315,0.0
591271,59,127,1,Pr127m,126.93135759019327,346573.59027997265,0.0
591280,59,128,0,Pr128,127.9287907462482,0.24320953703857728,0.0
591290,59,129,0,Pr129,128.92509453390906,0.023104906018664842,0.0
591291,59,129,1,Pr129m,128.92550677484377,26659.50694461328,0.0
591300,59,130,0,Pr130,129.9235851309033,0.01732867951399863,0.0
591301,59,130,1,Pr130m,129.92369248531338,0.06931471805599453,0.0
591310,59,131,0,Pr131,130.92023567330872,0.007701635339554948,0.0
591311,59,131,1,Pr131m,130.92039670492386,0.12096809433855937,0.0
591320,59,132,0,Pr132,131.91924049792726,0.007753324167337195,0.0
591321,59,132,1,Pr132m,131.919269483618,0.6931471805599453,0.0
591322,59,132,2,Pr132n,131.91950566332017,281767.1465690835,0.0
591323,59,132,3,Pr132p,131.9195593405252,1426228.7665842497,0.0
591330,59,133,0,Pr133,132.91633011986994,0.0017773004629742187,0.0
591331,59,133,1,Pr133m,132.91653624033728,0.6301338005090411,0.0
591340,59,134,0,Pr134,133.91569672885043,0.0006795560593724954,0.0
591341,59,134,1,Pr134m,133.9157697298493,0.001050223000848402,0.0
591350,59,135,0,Pr135,134.91311163465565,0.0004813522087221842,0.0
591351,59,135,1,Pr135m,134.91349596344375,6601.401719618527,0.0
591360,59,136,0,Pr136,135.91267792283892,0.0008818666419337727,0.0
591370,59,137,0,Pr137,136.9106789837232,0.00015042256522568257,0.0
591371,59,137,1,Pr137m,136.91128124196376,260581.6468270471,0.0
591380,59,138,0,Pr138,137.91075735244254,0.007967208971953394,0.0
591381,59,138,1,Pr138m,137.91113309287783,9.082117145701589e-05,0.0
591390,59,139,0,Pr139,138.90893232747115,4.366006428319131e-05,0.0
591400,59,140,0,Pr140,139.90908584427757,0.0034078032475906845,0.0
591401,59,140,1,Pr140m,139.90922325792246,1980420.5158855577,0.0
591402,59,140,2,Pr140n,139.9099060319706,227261.37067539193,0.0
591410,59,141,0,Pr141,140.9076596409396,0.0,1.0
591420,59,142,0,Pr142,141.91005160455066,1.0070129889585444e-05,0.0
591421,59,142,1,Pr142m,141.91005557666384,0.000791263904748796,0.0
591430,59,143,0,Pr143,142.91082262392388,5.911965226261167e-07,0.0
591440,59,144,0,Pr144,143.91331066973194,0.0006685447343363669,0.0
591441,59,144,1,Pr144m,143.9133740088339,0.0016045073624072809,0.0
591450,59,145,0,Pr145,144.91451797742775,3.217594978089467e-05,0.0
591460,59,146,0,Pr146,145.91769137378978,0.00047955388166593695,0.0
591470,59,147,0,Pr147,146.9190075388574,0.0008627672150360284,0.0
591480,59,148,0,Pr148,147.9221304786467,0.005044739305385336,0.0
591481,59,148,1,Pr148m,147.92221314154244,0.005747489059369364,0.0
591490,59,149,0,Pr149,148.92373650062152,0.0051117048713860275,0.0
591500,59,150,0,Pr150,149.92667586436957,0.11197854290144511,0.0
591510,59,151,0,Pr151,150.92830872494693,0.036674453997880704,0.0
591511,59,151,1,Pr151m,150.92834629899045,13862.943611198907,0.0
591520,59,152,0,Pr152,151.93155297521963,0.19415887410642726,0.0
591521,59,152,1,Pr152m,151.93167643279122,166621.918403833,0.0
591530,59,153,0,Pr153,152.93390403680044,0.1619502758317629,0.0
591540,59,154,0,Pr154,153.9378847383263,0.3013683393738893,0.0
591550,59,155,0,Pr155,154.94050955365282,0.47152869425846616,0.0
591560,59,156,0,Pr156,155.94476690749343,1.5611422985584353,0.0
591570,59,157,0,Pr157,156.94800289147656,2.257808405732721,0.0
591580,59,158,0,Pr158,157.95260302794858,3.829542434032847,0.0
591590,59,159,0,Pr159,158.95623160700939,5.172740153432427,0.0
591600,59,160,0,Pr160,159.96113770355015,4.077336356234972,0.0
591610,59,161,0,Pr161,160.9651205521642,7.701635339554948,0.0
600000,60,0,0,Nd,144.24158578536938,0.0,
601240,60,124,0,Nd124,123.95187301796003,1.3862943611198906,0.0
601250,60,125,0,Nd125,124.94839473507336,1.0663802777845313,0.0
601260,60,126,0,Nd126,125.94269421589799,0.6931471805599453,0.0
601270,60,127,0,Nd127,126.9399781493229,0.3850817669777474,0.0
601280,60,128,0,Nd128,127.93501837557709,0.13862943611198905,0.0
601290,60,129,0,Nd129,128.93303231899057,0.10193340890587431,0.0
601291,60,129,1,Nd129m,128.9330859961956,0.2665950694461328,0.0
601300,60,130,0,Nd130,129.92850625706149,0.033007008598092635,0.0
601310,60,131,0,Nd131,130.92724806337532,0.027289259077163203,0.0
601320,60,132,0,Nd132,131.92332103905449,0.007405418595725911,0.0
601330,60,133,0,Nd133,132.92235055518736,0.00990210257942779,0.0
601331,60,133,1,Nd133m,132.92249011592045,0.00990210257942779,0.0
601332,60,133,2,Nd133n,132.9225437931255,2302814.5533553,0.0
601340,60,134,0,Nd134,133.918790682949,0.0013591121187449908,0.0
601341,60,134,1,Nd134m,133.9212523195722,1781.8693587659263,0.0
601350,60,135,0,Nd135,134.91818090989975,0.0009316494362364856,0.0
601351,60,135,1,Nd135m,134.9182506902663,0.002100446001696804,0.0
601360,60,136,0,Nd136,135.9149763807588,0.00022808396859491455,0.0
601370,60,137,0,Nd137,136.91456306627998,0.00030006371452811483,0.0
601371,60,137,1,Nd137m,136.9151202356683,0.43321698784996576,0.0
601380,60,138,0,Nd138,137.91195113348266,3.82025562477924e-05,0.0
601381,60,138,1,Nd138m,137.9153585624587,1873370.7582701223,0.0
601390,60,139,0,Nd139,138.91195113348266,0.0003889714817957044,0.0
601391,60,139,1,Nd139m,138.91219912216997,3.50074333616134e-05,0.0
601392,60,139,2,Nd139n,138.91476059839454,2504144.4384391084,0.0
601400,60,140,0,Nd140,139.90954639469683,2.380574721672523e-06,0.0
601401,60,140,1,Nd140m,139.91193180968884,1155.2453009332423,0.0
601402,60,140,2,Nd140n,139.91752819508645,568153.4266884797,0.0
601410,60,141,0,Nd141,140.90961617506338,7.7325656019628e-05,0.0
601411,60,141,1,Nd141m,140.91042884794768,0.011179793234837827,0.0
601420,60,142,0,Nd142,141.9077287771797,0.0,0.27153
601430,60,143,0,Nd143,142.9098198263793,0.0,0.12173
601440,60,144,0,Nd144,143.91009282864414,9.591693359352705e-24,0.23797999999999997
601450,60,145,0,Nd145,144.91257915678165,0.0,0.08292999999999999
601460,60,146,0,Nd146,145.91312247745108,0.0,0.17189
601470,60,147,0,Nd147,146.91610596386167,7.306499828812754e-07,0.0
601480,60,148,0,Nd148,147.91689899088897,0.0,0.05756
601490,60,149,0,Nd149,148.9201546207291,0.0001114241223893945,0.0
601500,60,150,0,Nd150,149.92090127065123,2.361825569130935e-27,0.05638
601510,60,151,0,Nd151,150.92383934614637,0.0009286537788852429,0.0
601520,60,152,0,Nd152,151.92469088132717,0.001013373070994072,0.0
601530,60,153,0,Nd153,152.92771784627385,0.021935037359491937,0.0
601531,60,153,1,Nd153m,152.92792364467797,630133.8005090412,0.0
601540,60,154,0,Nd154,153.92959740728557,0.026762439403858893,0.0
601541,60,154,1,Nd154m,153.930990760174,216608.4939249829,0.0
601550,60,155,0,Nd155,154.93313537922424,0.07788170568089273,0.0
601560,60,156,0,Nd156,155.93537039068775,0.1369856088063133,0.0
601561,60,156,1,Nd156m,155.93690695435924,1899033.3713971104,0.0
601570,60,157,0,Nd157,156.9393510922136,0.6027366787477786,0.0
601580,60,158,0,Nd158,157.9422056459777,0.8557372599505497,0.0
601581,60,158,1,Nd158m,157.94397495401026,2044681.9485544108,0.0
601590,60,159,0,Nd159,158.9466190931306,1.3862943611198906,0.0
601600,60,160,0,Nd160,159.9498440196095,1.5789229625511283,0.0
601601,60,160,1,Nd160m,159.95103565356138,425243.6690551812,0.0
601610,60,161,0,Nd161,160.95466423262218,3.22394037469742,0.0
601620,60,162,0,Nd162,161.95812104462684,2.2359586469675654,0.0
601630,60,163,0,Nd163,162.9634136170439,8.664339756999317,0.0
611260,61,126,0,Pm126,125.95732662199222,1.3862943611198906,0.0
611270,61,127,0,Pm127,126.95135771679163,0.6931471805599453,0.0
611280,61,128,0,Pm128,127.94823370345824,0.6931471805599453,0.0
611290,61,129,0,Pm129,128.94290892471815,0.28881132523331055,0.0
611300,61,130,0,Pm130,129.94045050872725,0.2665950694461328,0.0
611310,61,131,0,Pm131,130.9358342690937,0.11002336199364211,0.0
611320,61,132,0,Pm132,131.9338374770662,0.11179793234837827,0.0
611330,61,133,0,Pm133,132.92977948036506,0.05134423559703299,0.0
611331,61,133,1,Pm133m,132.92991904109817,0.08664339756999316,0.0
611340,61,134,0,Pm134,133.92833019582895,0.03150669002545206,0.0
611341,61,134,1,Pm134m,133.928383873034,0.13862943611198905,0.0
611342,61,134,2,Pm134n,133.92845902112106,34657.35902799727,0.0
611350,61,135,0,Pm135,134.92478750029622,0.014145860827753985,0.0
611351,61,135,1,Pm135m,134.92503441543943,0.01732867951399863,0.0
611360,61,136,0,Pm136,135.9235958663443,0.006478011033270517,0.0
611361,61,136,1,Pm136m,135.9237032207544,0.007701635339554948,0.0
611362,61,136,2,Pm136n,135.92363880810834,462098.12037329684,0.0
611370,61,137,0,Pm137,136.9204793678196,0.0057762265046662105,0.0
611371,61,137,1,Pm137m,136.92065435550805,0.004813522087221842,0.0
611380,61,138,0,Pm138,137.91957651723084,0.003565571916460624,0.0
611390,61,139,0,Pm139,138.916799258642,0.0027837236167066073,0.0
611391,61,139,1,Pm139m,138.91700215847703,3.850817669777474,0.0
611400,61,140,0,Pm140,139.9160359687863,0.07534208484347232,0.0
611401,61,140,1,Pm140m,139.91649651920557,0.0019415887410642726,0.0
611410,61,141,0,Pm141,140.9135550083693,0.0005527489478149484,0.0
611411,61,141,1,Pm141m,140.91423026760873,1100233.619936421,0.0
611412,61,141,2,Pm141n,140.91627214848847,346573.59027997265,0.0
611420,61,142,0,Pm142,141.91289048457088,0.017114745199010996,0.0
611421,61,142,1,Pm142m,141.9138384240119,346.5735902799726,0.0
611422,61,142,2,Pm142n,141.91592754083212,10345.480306864854,0.0
611430,61,143,0,Pm143,142.91093802991472,3.02737238190053e-08,0.0
611440,61,144,0,Pm144,143.91259622613285,2.2100652374755932e-08,0.0
611441,61,144,1,Pm144m,143.91349896936723,888650.2314871093,0.0
611442,61,144,2,Pm144n,143.92182451857795,256721.17798516492,0.0
611450,61,145,0,Pm145,144.91275575478625,1.2409591973399828e-09,0.0
611460,61,146,0,Pm146,145.91470262701307,3.971967051160524e-09,0.0
611470,61,147,0,Pm147,146.9151449271826,8.372713956284856e-09,0.0
611480,61,148,0,Pm148,147.91748095914602,1.4945113286207905e-06,0.0
611481,61,148,1,Pm148m,147.91762910823192,1.9429733136440794e-07,0.0
611490,61,149,0,Pm149,148.91834151209724,3.627371580423393e-06,0.0
611491,61,149,1,Pm149m,148.91859937739025,19804.20515885558,0.0
611500,61,150,0,Pm150,149.92099037481162,7.136430077423044e-05,0.0
611510,61,151,0,Pm151,150.92121689261688,6.77960857355189e-06,0.0
611520,61,152,0,Pm152,151.92350568863984,0.0028039934488670922,0.0
611521,61,152,1,Pm152m,151.92366027899035,0.001536230453368673,0.0
611530,61,153,0,Pm153,152.92415625636494,0.0022004672398728423,0.0
611540,61,154,0,Pm154,153.92671236486902,0.004310616794527023,0.0
611541,61,154,1,Pm154m,153.92647296453453,0.00667771850250429,0.0
611550,61,155,0,Pm155,154.92813695789079,0.016702341700239647,0.0
611560,61,156,0,Pm156,155.9311141103912,0.025297342356202384,0.0
611561,61,156,1,Pm156m,155.93127546406956,0.3013683393738893,0.0
611570,61,157,0,Pm157,156.93312142315094,0.06563893755302512,0.0
611580,61,158,0,Pm158,157.93654699502224,0.14440566261665527,0.0
611581,61,158,1,Pm158m,157.93670383981538,43321.69878499658,0.0
611590,61,159,0,Pm159,158.93928678692197,0.4651994500402317,0.0
611591,61,159,1,Pm159m,158.94085952902967,156820.62908596048,0.0
611600,61,160,0,Pm160,159.9432153142045,0.9560650766344073,0.0
611601,61,160,1,Pm160m,159.94341993171014,0.9902102579427788,0.0
611610,61,161,0,Pm161,160.946229396622,0.6601401719618526,0.0
611611,61,161,1,Pm161m,160.9472664402234,778817.0568089273,0.0
611620,61,162,0,Pm162,161.95057402959804,1.100233619936421,0.0
611630,61,163,0,Pm163,162.95388054542858,2.7182242374899817,0.0
611640,61,164,0,Pm164,163.95881884829237,2.3104906018664844,0.0
611650,61,165,0,Pm165,164.96278022602442,2.665950694461328,0.0
620000,62,0,0,Sm,150.36465322000856,0.0,
621280,62,128,0,Sm128,127.95797074845271,1.3862943611198906,0.0
621290,62,129,0,Sm129,128.9545568782121,1.2602676010180822,0.0
621300,62,130,0,Sm130,129.94879194639066,0.6931471805599453,0.0
621310,62,131,0,Sm131,130.94602220261055,0.5776226504666211,0.0
621320,62,132,0,Sm132,131.94080477828052,0.17328679513998632,0.0
621330,62,133,0,Sm133,132.9385610711098,0.23984331507264542,0.0
621331,62,133,1,Sm133m,132.9386898964019,0.19804205158855578,0.0
621340,62,134,0,Sm134,133.9341058630914,0.07296286111157319,0.0
621350,62,135,0,Sm135,134.93251701782216,0.06729584277281021,0.0
621360,62,136,0,Sm136,135.9282754450798,0.014747812352339261,0.0
621361,62,136,1,Sm136m,135.93070702246817,46209.81203732969,0.0
621370,62,137,0,Sm137,136.92700758949672,0.015403270679109895,0.0
621371,62,137,1,Sm137m,136.927117090995,0.03465735902799726,0.0
621380,62,138,0,Sm138,137.92324374387925,0.0037265977449459425,0.0
621390,62,139,0,Sm139,138.92229687798232,0.0044951179024639775,0.0
621391,62,139,1,Sm139m,138.92278748763638,0.06478011033270517,0.0
621400,62,140,0,Sm140,139.91899465632818,0.0007795177469185169,0.0
621410,62,141,0,Sm141,140.91848150224797,0.0011325934322874924,0.0
621411,62,141,1,Sm141m,140.9186704460097,0.0005111704871386027,0.0
621420,62,142,0,Sm142,141.9152094471831,0.0001593661609785132,0.0
621421,62,142,1,Sm142m,141.91775600114465,4077336.356234972,0.0
621422,62,142,2,Sm142n,141.91914098038913,1444056.6261665525,0.0
621430,62,143,0,Sm143,142.91463488638033,0.0013202803439237053,0.0
621431,62,143,1,Sm143m,142.91544433863234,0.01050223000848402,0.0
621432,62,143,2,Sm143n,142.9176341538892,23.104906018664845,0.0
621440,62,144,0,Sm144,143.91200631364944,0.0,0.0308
621441,62,144,1,Sm144m,143.91450080072212,787667.2506363015,0.0
621450,62,145,0,Sm145,144.91341716530675,2.3595696505989422e-08,0.0
621451,62,145,1,Sm145m,144.92288045655553,196916.81265907537,0.0
621460,62,146,0,Sm146,145.9130472220096,3.230143793076132e-16,0.0
621470,62,147,0,Sm147,146.91490445330405,2.0605044833881516e-19,0.15
621480,62,148,0,Sm148,147.91482919786256,3.486504411574237e-24,0.1125
621490,62,149,0,Sm149,148.9171912095932,0.0,0.1382
621500,62,150,0,Sm150,149.91728203142412,0.0,0.0737
621510,62,151,0,Sm151,150.91993883836486,2.3218792592936253e-10,0.0
621511,62,151,1,Sm151m,150.92021914072959,495105.1289713895,0.0
621520,62,152,0,Sm152,151.91973862239004,0.0,0.26739999999999997
621530,62,153,0,Sm153,152.92210353268976,4.159934049097836e-06,0.0
621531,62,153,1,Sm153m,152.92220916942927,65.39124344905144,0.0
621540,62,154,0,Sm154,153.92221571804828,0.0,0.2274
621550,62,155,0,Sm155,154.9246466513102,0.0005208500004207584,0.0
621551,62,155,1,Sm155m,154.92466436478787,247552.56448569475,0.0
621552,62,155,2,Sm155n,154.92522421803645,693147.1805599453,0.0
621560,62,156,0,Sm156,155.9255379076227,2.0483072711582307e-05,0.0
621561,62,156,1,Sm156m,155.92703872227565,3746741.5165402447,0.0
621570,62,157,0,Sm157,156.92841822644522,0.001438661644997811,0.0
621580,62,158,0,Sm158,157.929949100333,0.0021797081149683814,0.0
621590,62,159,0,Sm159,158.9332169685759,0.06096281271415526,0.0
621591,62,159,1,Sm159m,158.93458681084854,5975406.728965045,0.0
621600,62,160,0,Sm160,159.9353370034662,0.07220283130832764,0.0
621601,62,160,1,Sm160m,159.93679841905066,5776226.50466621,0.0
621602,62,160,2,Sm160n,159.93829708661542,385081.7669777474,0.0
621610,62,161,0,Sm161,160.93916010871806,0.14440566261665527,0.0
621611,62,161,1,Sm161m,160.94065018793,266595.0694461328,0.0
621620,62,162,0,Sm162,161.94162174534125,0.2567211779851649,0.0
621621,62,162,1,Sm162m,161.94270495133898,389408.52840446366,0.0
621630,62,163,0,Sm163,162.94567866849826,0.5331901388922656,0.0
621640,62,164,0,Sm164,163.94855039896797,0.48471830808387784,0.0
621641,62,164,1,Sm164m,163.9501446119577,1155245.300933242,0.0
621650,62,165,0,Sm165,164.95329009617313,0.7072930413876993,0.0
621660,62,166,0,Sm166,165.95657514112165,0.8664339756999315,0.0
621670,62,167,0,Sm167,166.96207168691785,3.648143055578659,0.0
621680,62,168,0,Sm168,167.9660330646499,2.038668178117486,0.0
630000,63,0,0,Eu,151.9643769042824,0.0,
631300,63,130,0,Eu130,129.96402553718136,693.1471805599452,0.0
631310,63,131,0,Eu131,130.95763794978146,38.94085284044637,0.0
631320,63,132,0,Eu132,131.9546964389452,6.931471805599452,0.0
631330,63,133,0,Eu133,132.94928577667704,3.465735902799726,0.0
631340,63,134,0,Eu134,133.94653750377893,1.3862943611198906,0.0
631350,63,135,0,Eu135,134.94186758694033,0.46209812037329684,0.0
631360,63,136,0,Eu136,135.9396238797696,0.2100446001696804,0.0
631361,63,136,1,Eu136m,135.9397312341797,0.182407152778933,0.0
631370,63,137,0,Eu137,136.9354306165118,0.08251752149523157,0.0
631380,63,138,0,Eu138,137.93370865177408,0.13862943611198905,0.0
631381,63,138,1,Eu138m,137.93381600618417,0.05728489095536738,0.0
631390,63,139,0,Eu139,138.92979236289426,0.03872330617653326,0.0
631391,63,139,1,Eu139m,138.9299512474212,69314.71805599454,0.0
631400,63,140,0,Eu140,139.92808328068577,0.45903786792049356,0.0
631401,63,140,1,Eu140m,139.92830872494693,5.545177444479562,0.0
631402,63,140,2,Eu140n,139.92880255523332,2312031.9565041536,0.0
631410,63,141,0,Eu141,140.92493135520573,0.017030643257001113,0.0
631411,63,141,1,Eu141m,140.92503441543943,0.2567211779851649,0.0
631420,63,142,0,Eu142,141.9234455701702,0.2937064324406548,0.0
631421,63,142,1,Eu142m,141.92393295919197,0.00944599591932332,0.0
631430,63,143,0,Eu143,142.92029901241068,0.0044604065673098155,0.0
631431,63,143,1,Eu143m,142.92071769461,13862.943611198907,0.0
631440,63,144,0,Eu144,143.91881966863974,0.06795560593724954,0.0
631441,63,144,1,Eu144m,143.92003062638548,693147.1805599453,0.0
631450,63,145,0,Eu145,144.91627214848847,1.3528729868526819e-06,0.0
631451,63,145,1,Eu145m,144.91704080606468,1414586.0827753984,0.0
631460,63,146,0,Eu146,145.9172104260326,1.7402465969710203e-06,0.0
631461,63,146,1,Eu146m,145.91792540640375,2949.5624704678526,0.0
631470,63,147,0,Eu147,146.9167524521192,3.3288534489777605e-07,0.0
631471,63,147,1,Eu147m,146.91742373924544,906074.7458299937,0.0
631480,63,148,0,Eu148,147.91809180573938,1.4720251031259457e-07,0.0
631481,63,148,1,Eu148m,147.91886475749197,4278686.299752749,0.0
631490,63,149,0,Eu149,148.91793721538886,8.617117950629866e-08,0.0
631491,63,149,1,Eu149m,148.91846969326286,282917.2165550797,0.0
631500,63,150,0,Eu150,149.9197074896111,5.952568507565771e-10,0.0
631501,63,150,1,Eu150m,149.91975257846335,1.5042256522568257e-05,0.0
631510,63,151,0,Eu151,150.91985660488672,4.774995172373412e-27,0.4781
631511,63,151,1,Eu151m,150.9200672342393,11768.20340509245,0.0
631520,63,152,0,Eu152,151.92175098080705,1.6249891094856622e-09,0.0
631521,63,152,1,Eu152m,151.92179993441803,2.067752947816419e-05,0.0
631522,63,152,2,Eu152n,151.92182108323684,737390.617616963,0.0
631523,63,152,3,Eu152p,151.92183493195571,4200892.003393607,0.0
631524,63,152,4,Eu152q,151.9218473850673,1805070.7827081906,0.0
631525,63,152,5,Eu152r,151.92190975797956,0.00012058927984689375,0.0
631530,63,153,0,Eu153,152.92123675318274,0.0,0.5219
631531,63,153,1,Eu153m,152.9231379997853,1459257.2222314638,0.0
631540,63,154,0,Eu154,153.9229856638774,2.5564452738498247e-09,0.0
631541,63,154,1,Eu154m,153.92305887958508,315066.9002545206,0.0
631542,63,154,2,Eu154n,153.92314164983526,0.00024951302395966355,0.0
631550,63,155,0,Eu155,154.92289988770375,4.632007126300653e-09,0.0
631560,63,156,0,Eu156,155.9247628087819,5.281459389095723e-07,0.0
631570,63,157,0,Eu157,156.92543270030083,1.2683852667251232e-05,0.0
631580,63,158,0,Eu158,157.92778215156548,0.00025168742939722053,0.0
631590,63,159,0,Eu159,158.92909992694925,0.0006382570723388078,0.0
631600,63,160,0,Eu160,159.9318370349887,0.016271060576524537,0.0
631601,63,160,1,Eu160m,159.93193687459006,0.02250477858960861,0.0
631610,63,161,0,Eu161,160.93366356292185,0.02645599925801318,0.0
631620,63,162,0,Eu162,161.9369583771217,0.06931471805599453,0.0
631621,63,162,1,Eu162m,161.9371278897352,0.046209812037329684,0.0
631630,63,163,0,Eu163,162.93926553074877,0.09001911435843445,0.0
631631,63,163,1,Eu163m,162.940300964034,760864.0840394569,0.0
631640,63,164,0,Eu164,163.9428529930705,0.166621918403833,0.0
631650,63,165,0,Eu165,164.94554018130927,0.2739712176126266,0.0
631660,63,166,0,Eu166,165.94981181328646,0.5589896617418914,0.0
631670,63,167,0,Eu167,166.9530109747069,0.5211632936540942,0.0
631680,63,168,0,Eu168,167.95786339404265,3.465735902799726,0.0
631690,63,169,0,Eu169,168.96171741736458,1.6503504299046317,0.0
631700,63,170,0,Eu170,169.96687042904856,inf,0.0
640000,64,0,0,Gd,157.25212949889055,0.0,
641330,64,133,0,Gd133,132.96128799972428,69.31471805599453,0.0
641340,64,134,0,Gd134,133.95541571349276,1.732867951399863,0.0
641350,64,135,0,Gd135,134.95249567353852,0.6301338005090411,0.0
641360,64,136,0,Gd136,135.9472997200905,0.6931471805599453,0.0
641370,64,137,0,Gd137,136.94502380659677,0.31506690025452055,0.0
641380,64,138,0,Gd138,137.9402465353481,0.1474781235233926,0.0
641381,64,138,1,Gd138m,137.94264053869293,111797.93234837828,0.0
641390,64,139,0,Gd139,138.93813165346947,0.12160476851928864,0.0
641391,64,139,1,Gd139m,138.9384000394947,0.14440566261665527,0.0
641400,64,140,0,Gd140,139.93367429836286,0.043870074718983874,0.0
641410,64,141,0,Gd141,140.93212624776947,0.049510512897138946,0.0
641411,64,141,1,Gd141m,140.93253204743957,0.02829172165550797,0.0
641420,64,142,0,Gd142,141.9281154870088,0.009873891460967881,0.0
641430,64,143,0,Gd143,142.92675208600073,0.017773004629742187,0.0
641431,64,143,1,Gd143m,142.92691311761587,0.006301338005090412,0.0
641440,64,144,0,Gd144,143.92296247532482,0.002584441389112399,0.0
641441,64,144,1,Gd144m,143.92664795222296,4780325.383172036,0.0
641450,64,145,0,Gd145,144.92170964935917,0.0005022805656231487,0.0
641451,64,145,1,Gd145m,144.92251373389067,0.008154672712469944,0.0
641460,64,146,0,Gd146,145.91831832354467,1.6620130126447902e-07,0.0
641470,64,147,0,Gd147,146.91910104454857,5.058877653412341e-06,0.0
641471,64,147,1,Gd147m,146.92832042657764,1359112.1187449908,0.0
641480,64,148,0,Gd148,147.91812143555657,3.080642046692524e-10,0.0
641490,64,149,0,Gd149,148.91934785233735,8.644975012970263e-07,0.0
641500,64,150,0,Gd150,149.91866400474512,1.227093731447916e-14,0.0
641510,64,151,0,Gd151,150.92035494405832,6.475009533524135e-08,0.0
641520,64,152,0,Gd152,151.91979841879646,2.0337942400849716e-22,0.002
641530,64,153,0,Gd153,152.921756992654,3.334387702425771e-08,0.0
641531,64,153,1,Gd153m,152.92185919405242,198042.0515885558,0.0
641532,64,153,2,Gd153n,152.92194078340407,9120.357638946649,0.0
641540,64,154,0,Gd154,153.92087292908698,0.0,0.0218
641550,64,155,0,Gd155,154.92262935459033,0.0,0.14800000000000002
641551,64,155,1,Gd155m,154.92275936078096,21.681175494524407,0.0
641560,64,156,0,Gd156,155.92213015658345,0.0,0.2047
641561,64,156,1,Gd156m,155.92442496445338,533190.1388922656,0.0
641570,64,157,0,Gd157,156.92396741995762,0.0,0.1565
641571,64,157,1,Gd157m,156.92403601942564,1506841.6968694462,0.0
641572,64,157,2,Gd157n,156.9244252865166,37467.415165402446,0.0
641580,64,158,0,Gd158,157.9241111675127,0.0,0.2484
641590,64,159,0,Gd159,158.92639577671366,1.0419442799332956e-05,0.0
641600,64,160,0,Gd160,159.92706115934737,0.0,0.2186
641610,64,161,0,Gd161,160.92967631277696,0.0031685279784235934,0.0
641620,64,162,0,Gd162,161.9309915116549,0.0013752920249205263,0.0
641630,64,163,0,Gd163,162.93409663061212,0.01019334089058743,0.0
641631,64,163,1,Gd163m,162.93424499440684,0.029495624704678522,0.0
641640,64,164,0,Gd164,163.9359161805086,0.015403270679109895,0.0
641641,64,164,1,Gd164m,163.9370925701343,1176820.340509245,0.0
641650,64,165,0,Gd165,164.93931706086562,0.05975406728965046,0.0
641660,64,166,0,Gd166,165.94163044104846,0.1359112118744991,0.0
641661,64,166,1,Gd166m,165.94334972192596,729628.6111157319,0.0
641670,64,167,0,Gd167,166.94548972473652,0.16503504299046315,0.0
641680,64,168,0,Gd168,167.9483088515453,0.2287614457293549,0.0
641690,64,169,0,Gd169,168.95288214941482,0.9241962407465937,0.0
641700,64,170,0,Gd170,169.9561457234813,1.6503504299046317,0.0
641710,64,171,0,Gd171,170.96112696810914,2.3104906018664844,0.0
641720,64,172,0,Gd172,171.96460525099582,4.332169878499658,0.0
650000,65,0,0,Tb,158.92535368745502,0.0,
651350,65,135,0,Tb135,134.96451936746774,686.2843371880646,0.0
651360,65,136,0,Tb136,135.9614597667804,3.465735902799726,0.0
651370,65,137,0,Tb137,136.9560168981892,1.1552453009332422,0.0
651380,65,138,0,Tb138,137.95319347720405,0.8664339756999315,0.0
651390,65,139,0,Tb139,138.94833032242732,0.43321698784996576,0.0
651400,65,140,0,Tb140,139.94580749379037,0.3026843583231202,0.0
651410,65,141,0,Tb141,140.94144890474104,0.19804205158855578,0.0
651420,65,142,0,Tb142,141.93928034565735,1.161050553701751,0.0
651421,65,142,1,Tb142m,141.93958093800558,2.287614457293549,0.0
651422,65,142,2,Tb142n,141.93997814932288,26659.50694461328,0.0
651430,65,143,0,Tb143,142.93513646542817,0.057762265046662105,0.0
651431,65,143,1,Tb143m,142.93513646542817,0.04077336356234972,0.0
651440,65,144,0,Tb144,143.93304520151977,0.6931471805599453,0.0
651441,65,144,1,Tb144m,143.9334713985278,0.1630934542493989,0.0
651442,65,144,2,Tb144n,143.93355620851176,247552.56448569475,0.0
651443,65,144,3,Tb144p,143.9336002238199,1034548.0306864855,0.0
651444,65,144,4,Tb144q,143.93362920951063,2310490.601866484,0.0
651450,65,145,0,Tb145,144.92871667170525,0.02243194759093674,0.0
651451,65,145,1,Tb145m,144.92963991963197,inf,0.0
651460,65,146,0,Tb146,145.92725665172813,0.08664339756999316,0.0
651461,65,146,1,Tb146m,145.92741768334324,0.028761293799167854,0.0
651462,65,146,2,Tb146n,145.92825504774189,587.4128648813096,0.0
651470,65,147,0,Tb147,146.92405426967537,0.0001174029777371181,0.0
651471,65,147,1,Tb147m,146.9241090204245,0.006177782357931776,0.0
651480,65,148,0,Tb148,147.92427541976014,0.0001925408834888737,0.0
651481,65,148,1,Tb148m,147.92437203872922,0.00525111500424201,0.0
651482,65,148,2,Tb148n,147.93352829636515,529119.9851602636,0.0
651490,65,149,0,Tb149,148.92325340577614,4.675592119690959e-05,0.0
651491,65,149,1,Tb149m,148.92329205336378,0.0027770319733972162,0.0
651500,65,150,0,Tb150,149.92366457316677,5.532784008300968e-05,0.0
651501,65,150,1,Tb150m,149.92415947699723,0.0019918022429883486,0.0
651510,65,151,0,Tb151,150.92310847732253,1.0934231557094307e-05,0.0
651511,65,151,1,Tb151m,150.92321583173262,0.027725887222397813,0.0
651520,65,152,0,Tb152,151.92407896118968,1.1002336199364212e-05,0.0
651521,65,152,1,Tb152m,151.92444396618396,722028.3130832763,0.0
651522,65,152,2,Tb152n,151.9246157332401,0.0027505840498410527,0.0
651530,65,153,0,Tb153,152.92344127599378,3.428434535058292e-06,0.0
651531,65,153,1,Tb153m,152.92361626368222,3726.5977449459424,0.0
651540,65,154,0,Tb154,153.92468014588616,1.9265647737529886e-05,0.0
651541,65,154,1,Tb154m,153.92481970661925,8.955389929715056e-06,0.0
651542,65,154,2,Tb154n,153.9248948547063,8.48197724620589e-06,0.0
651543,65,154,3,Tb154p,153.92510956352646,1351164.0946587627,0.0
651550,65,155,0,Tb155,154.92350998281626,1.5079956413602264e-06,0.0
651560,65,156,0,Tb156,155.9247542204291,1.499539591034842e-06,0.0
651561,65,156,1,Tb156m,155.92484869230998,3.6328468582806354e-05,0.0
651562,65,156,2,Tb156n,155.92486264838328,7.891019815117774e-06,0.0
651570,65,157,0,Tb157,156.92403193995807,3.0936588440729144e-10,0.0
651580,65,158,0,Tb158,157.92541992512602,1.220276544050983e-10,0.0
651581,65,158,1,Tb158m,157.92553833704034,0.06478011033270517,0.0
651582,65,158,2,Tb158n,157.9258368896548,1732.8679513998634,0.0
651590,65,159,0,Tb159,158.92535368745502,0.0,1.0
651600,65,160,0,Tb160,159.9271745256044,1.1096178163259204e-07,0.0
651610,65,161,0,Tb161,160.927576782579,1.1546541180248133e-06,0.0
651620,65,162,0,Tb162,161.92927545140972,0.001520059606491108,0.0
651621,65,162,1,Tb162m,161.9295819482505,0.0011552453009332421,0.0
651630,65,163,0,Tb163,162.93065334526312,0.0005924334876580728,0.0
651640,65,164,0,Tb164,163.93332754361828,0.003850817669777474,0.0
651641,65,164,1,Tb164m,163.9334832075129,0.0057762265046662105,0.0
651650,65,165,0,Tb165,164.93495525118396,0.005475096212953754,0.0
651651,65,165,1,Tb165m,164.935177260104,855737.2599505498,0.0
651660,65,166,0,Tb166,165.93793970378425,0.025577386736529345,0.0
651661,65,166,1,Tb166m,165.93811039729627,198042.0515885558,0.0
651670,65,167,0,Tb167,166.94000702765922,0.036674453997880704,0.0
651671,65,167,1,Tb167m,166.94022184383377,577622.6504666212,0.0
651680,65,168,0,Tb168,167.9433372688144,0.0737390617616963,0.0
651681,65,168,1,Tb168m,167.94356378661965,976263.6345914722,0.0
651690,65,169,0,Tb169,168.94580749379037,0.13511640946587627,0.0
651700,65,170,0,Tb170,169.9498547550505,0.7220283130832764,0.0
651710,65,171,0,Tb171,170.9530109747069,0.5635342931381669,0.0
651720,65,172,0,Tb172,171.95739103463828,0.9120357638946648,0.0
651730,65,173,0,Tb173,172.9608049048789,1.732867951399863,0.0
651740,65,174,0,Tb174,173.96567879509664,2.8881132523331057,0.0
660000,66,0,0,Dy,162.49947173366095,0.0,
661380,66,138,0,Dy138,137.96250110455819,3.465735902799726,0.0
661390,66,139,0,Dy139,138.9595273873989,1.1552453009332422,0.0
661400,66,140,0,Dy140,139.9540201061617,0.9902102579427788,0.0
661401,66,140,1,Dy140m,139.95634969686046,99021.0257942779,0.0
661410,66,141,0,Dy141,140.95128256870458,0.7701635339554948,0.0
661420,66,142,0,Dy142,141.94619396966667,0.3013683393738893,0.0
661430,66,143,0,Dy143,142.94399427780408,0.12377628224284738,0.0
661431,66,143,1,Dy143m,142.94432815001943,0.23104906018664842,0.0
661432,66,143,2,Dy143n,142.944430136709,577622.6504666212,0.0
661440,66,144,0,Dy144,143.93926961021634,0.07617001984175223,0.0
661450,66,145,0,Dy145,144.93747357093568,0.07296286111157319,0.0
661451,66,145,1,Dy145m,144.93760024913956,0.04915937450779754,0.0
661460,66,146,0,Dy146,145.93284444877293,0.020877927125299556,0.0
661461,66,146,1,Dy146m,145.93599422716474,4.620981203732969,0.0
661470,66,147,0,Dy147,146.93108276290346,0.010345480306864855,0.0
661471,66,147,1,Dy147m,146.93188792097908,0.012557014140578719,0.0
661472,66,147,2,Dy147n,146.93474032765496,1732867.951399863,0.0
661480,66,148,0,Dy148,147.92715037086214,0.00350074333616134,0.0
661481,66,148,1,Dy148m,147.93028404609245,1471650.064883111,0.0
661490,66,149,0,Dy149,148.92732750563877,0.0027505840498410527,0.0
661491,66,149,1,Dy149m,148.93018420649108,1.4145860827753987,0.0
661500,66,150,0,Dy150,149.92559265837184,0.0016112207823336712,0.0
661510,66,151,0,Dy151,150.9261916959801,0.0006453884362755543,0.0
661520,66,152,0,Dy152,151.9247252347384,8.089953087767803e-05,0.0
661530,66,153,0,Dy153,152.92577194023667,3.0084513045136514e-05,0.0
661540,66,154,0,Dy154,153.92442893656656,7.3216592643059e-15,0.0
661550,66,155,0,Dy155,154.92575798416337,1.9448574089785222e-05,0.0
661551,66,155,1,Dy155m,154.92600919348297,115524.53009332421,0.0
661560,66,156,0,Dy156,155.9242835786953,0.0,0.0005600000000000001
661570,66,157,0,Dy157,156.92546920080025,2.3653671190279322e-05,0.0
661571,66,157,1,Dy157m,156.9256431149446,533190.1388922656,0.0
661572,66,157,2,Dy157n,156.9256828360763,32.09014724814561,0.0
661580,66,158,0,Dy158,157.92441476578443,0.0,0.00095
661590,66,159,0,Dy159,158.92574596046944,5.555773415537676e-08,0.0
661591,66,159,1,Dy159m,158.9261247068282,5681.534266884798,0.0
661600,66,160,0,Dy160,159.9252036059897,0.0,0.02329
661610,66,161,0,Dy161,160.92693941944634,0.0,0.18889
661611,66,161,1,Dy161m,160.9274607324617,912035.7638946648,0.0
661620,66,162,0,Dy162,161.92680447495286,0.0,0.25475000000000003
661621,66,162,1,Dy162m,161.92915349679987,83511.70850119823,0.0
661630,66,163,0,Dy163,162.92873717639756,0.0,0.24896000000000001
661640,66,164,0,Dy164,163.92918087217444,0.0,0.2826
661650,66,165,0,Dy165,164.9317093905951,8.256470132455991e-05,0.0
661651,66,165,1,Dy165m,164.93182554806683,0.009190495631927146,0.0
661660,66,166,0,Dy166,165.93281277922193,2.359569650598942e-06,0.0
661670,66,167,0,Dy167,166.9356828993755,0.0018632988724729713,0.0
661680,66,168,0,Dy168,167.9371332574557,0.0013278681619922324,0.0
661681,66,168,1,Dy168m,167.93861474831485,1216047.6851928865,0.0
661690,66,169,0,Dy169,168.94031094799416,0.017773004629742187,0.0
661691,66,169,1,Dy169m,168.9404934504913,550116.8099682105,0.0
661700,66,170,0,Dy170,169.9423399463447,0.012625631704188438,0.0
661701,66,170,1,Dy170m,169.94410055867007,700148.6672322679,0.0
661710,66,171,0,Dy171,170.94631205951777,0.1703064325700111,0.0
661720,66,172,0,Dy172,171.9487275337446,0.20386681781174862,0.0
661721,66,172,1,Dy172m,171.95010167019367,0.9762636345914723,0.0
661730,66,173,0,Dy173,172.95304318102993,0.48471830808387784,0.0
661740,66,174,0,Dy174,173.9558451311331,0.6931471805599453,0.0
661750,66,175,0,Dy175,174.9605687251767,1.7773004629742186,0.0
661760,66,176,0,Dy176,175.9639181827713,1.575334501272603,0.0
670000,67,0,0,Ho,164.93032913494469,0.0,
671400,67,140,0,Ho140,139.96852368696383,115.52453009332422,0.0
671410,67,141,0,Ho141,140.96311302469567,169.0602879414501,0.0
671411,67,141,1,Ho141m,140.96318817278274,94951.66856985552,0.0
671420,67,142,0,Ho142,141.9600104822443,1.732867951399863,0.0
671430,67,143,0,Ho143,142.9548574705603,2.3104906018664844,0.0
671440,67,144,0,Ho144,143.95210919766222,0.9902102579427788,0.0
671441,67,144,1,Ho144m,143.95239368684892,1335543.7005008578,0.0
671450,67,145,0,Ho145,144.94726751376749,0.28881132523331055,0.0
671451,67,145,1,Ho145m,144.94737486817758,6.931471805599452,0.0
671460,67,146,0,Ho146,145.94499374736193,0.20877927125299559,0.0
671470,67,147,0,Ho147,146.9401424015703,0.11950813457930091,0.0
671471,67,147,1,Ho147m,146.94302701456922,2200467.239872842,0.0
671480,67,148,0,Ho148,147.93774517759317,0.31506690025452055,0.0
671481,67,148,1,Ho148m,147.9380135636184,0.07303974505373502,0.0
671482,67,148,2,Ho148n,147.93875430904797,293.7064324406548,0.0
671490,67,149,0,Ho149,148.93382030036057,0.032850577277722524,0.0
671491,67,149,1,Ho149m,148.9338729040215,0.012377628224284737,0.0
671500,67,150,0,Ho150,149.93349823713032,0.009025353913540955,0.0
671501,67,150,1,Ho150m,149.9334939429539,0.029748806032615677,0.0
671502,67,150,2,Ho150n,149.94197494135042,880746.0998220397,0.0
671510,67,151,0,Ho151,150.93169790367324,0.019691681265907535,0.0
671511,67,151,1,Ho151m,150.93174191898137,0.014685321622032739,0.0
671520,67,152,0,Ho152,151.93171722746706,0.004283975157972467,0.0
671521,67,152,1,Ho152m,151.93188899452318,0.013918618083533039,0.0
671522,67,152,2,Ho152n,151.93495933065154,82517.52149523159,0.0
671530,67,153,0,Ho153,152.9302067509172,0.005747489059369364,0.0
671531,67,153,1,Ho153m,152.93028082546016,0.001242199248315314,0.0
671532,67,153,2,Ho153n,152.93318261516467,3026843.583231202,0.0
671540,67,154,0,Ho154,153.9306071828668,0.0009823514463718046,0.0
671541,67,154,1,Ho154m,153.9308669805392,0.0037265977449459425,0.0
671550,67,155,0,Ho155,154.92910314758154,0.0002406761043610921,0.0
671551,67,155,1,Ho155m,154.92925559084387,787.6672506363016,0.0
671560,67,156,0,Ho156,155.92963991963197,0.00020629380373807897,0.0
671561,67,156,1,Ho156m,155.92969359683698,0.07296286111157319,0.0
671562,67,156,2,Ho156n,155.92989327603973,0.001520059606491108,0.0
671570,67,157,0,Ho157,156.9282518271096,0.0009168613499470176,0.0
671580,67,158,0,Ho158,157.92894533659873,0.0010223409742772054,0.0
671581,67,158,1,Ho158m,157.92901726405347,0.00041258760747615793,0.0
671582,67,158,2,Ho158n,157.929044102656,4951051.289713895,0.0
671583,67,158,3,Ho158p,157.92913535390457,0.0005423686858841512,0.0
671590,67,159,0,Ho159,158.9277182756915,0.0003495447204034016,0.0
671591,67,159,1,Ho159m,158.92793942577626,0.08351170850119823,0.0
671600,67,160,0,Ho160,159.92873599549907,0.0004512676956770477,0.0
671601,67,160,1,Ho160m,159.92880040814512,3.8354757667106313e-05,0.0
671602,67,160,2,Ho160n,159.92894748368693,0.23104906018664842,0.0
671610,67,161,0,Ho161,160.92786180853776,7.763745301970713e-05,0.0
671611,67,161,1,Ho161m,160.92808843369744,0.10253656517158954,0.0
671620,67,162,0,Ho162,161.92910207403744,0.0007701635339554948,0.0
671621,67,162,1,Ho162m,161.92921586971212,0.00017242467178108092,0.0
671630,67,163,0,Ho163,162.92874028967546,4.806340873723784e-12,0.0
671631,67,163,1,Ho163m,162.9290600984631,0.6359148445504085,0.0
671632,67,163,2,Ho163n,162.93100482360174,866433.9756999315,0.0
671640,67,164,0,Ho164,163.93024056755635,0.0004011268406018202,0.0
671641,67,164,1,Ho164m,163.93039064902166,0.000315640792604711,0.0
671650,67,165,0,Ho165,164.93032913494469,0.0,1.0
671651,67,165,1,Ho165m,164.93071743584596,458430.6749735088,0.0
671652,67,165,2,Ho165n,164.93109704104,6931471.805599452,0.0
671660,67,166,0,Ho166,165.93229125149776,7.181145885755397e-06,0.0
671661,67,166,1,Ho166m,165.93229769276238,1.9393411436445076e-11,0.0
671662,67,166,2,Ho166n,165.9324961910666,3746.741516540245,0.0
671670,67,167,0,Ho167,166.93314074694473,6.21099624157657e-05,0.0
671671,67,167,1,Ho167m,166.93341879486687,115524.53009332421,0.0
671680,67,168,0,Ho168,167.93552294130447,0.0038636966586396058,0.0
671681,67,168,1,Ho168m,167.93558735395052,0.00525111500424201,0.0
671682,67,168,2,Ho168n,167.9356732374786,173286.79513998632,0.0
671683,67,168,3,Ho168p,167.93572691468364,6418029.449629123,0.0
671690,67,169,0,Ho169,168.93687990104792,0.0024475536036721235,0.0
671691,67,169,1,Ho169m,168.93836783317167,5874.128648813096,0.0
671700,67,170,0,Ho170,169.9396238797696,0.004185671380192907,0.0
671701,67,170,1,Ho170m,169.9397312341797,0.0161197018734871,0.0
671710,67,171,0,Ho171,170.94147037562303,0.013078248689810288,0.0
671720,67,172,0,Ho172,171.94473394968955,0.027725887222397813,0.0
671730,67,173,0,Ho173,172.9470205986243,0.09762636345914723,0.0
671731,67,173,1,Ho173m,172.94745001626464,187337.07582701225,0.0
671740,67,174,0,Ho174,173.95075653209517,0.18733707582701223,0.0
671750,67,175,0,Ho175,174.9535155404343,0.36869530880848156,0.0
671760,67,176,0,Ho176,175.95771309786852,0.6931471805599453,0.0
671770,67,177,0,Ho177,176.96105182002208,0.6931471805599453,0.0
671780,67,178,0,Ho178,177.9655070280405,0.9241962407465937,0.0
680000,68,0,0,Er,167.2590842230391,0.0,
681420,68,142,0,Er142,141.97001591326398,69314.71805599454,0.0
681430,68,143,0,Er143,142.9665483658183,3.465735902799726,0.0
681440,68,144,0,Er144,143.9606975504688,1.732867951399863,0.0
681450,68,145,0,Er145,144.95787412948363,0.7701635339554948,0.0
681451,68,145,1,Er145m,144.9580888383038,0.6931471805599453,0.0
681460,68,146,0,Er146,145.95241837836326,0.40773363562349724,0.0
681470,68,147,0,Er147,146.94996210946056,0.21660849392498288,0.0
681471,68,147,1,Er147m,146.95006946387065,0.43321698784996576,0.0
681480,68,148,0,Er148,147.94473502323365,0.15068416968694465,0.0
681481,68,148,1,Er148m,147.94786225719935,53319.01388922656,0.0
681490,68,149,0,Er149,148.94230559293348,0.17328679513998632,0.0
681491,68,149,1,Er149m,148.9431021626563,0.07788170568089273,0.0
681492,68,149,2,Er149n,148.94510861658074,1136306.8533769592,0.0
681493,68,149,3,Er149p,148.9458504355544,144405.6626166553,0.0
681500,68,150,0,Er150,149.93791587110522,0.037467415165402446,0.0
681501,68,150,1,Er150m,149.9409175004111,271822.4237489982,0.0
681510,68,151,0,Er151,150.93744887942134,0.029495624704678522,0.0
681511,68,151,1,Er151m,150.9402250644661,1.1950813457930092,0.0
681512,68,151,2,Er151n,150.94849242758653,1650350.4299046316,0.0
681520,68,152,0,Er152,151.9350505819001,0.06729584277281021,0.0
681530,68,153,0,Er153,152.93508600885545,0.0186832124140147,0.0
681531,68,153,1,Er153m,152.93808978524953,1858303.4331365824,0.0
681532,68,153,2,Er153n,152.94071996829658,2794948.308709457,0.0
681540,68,154,0,Er154,153.93279077156788,0.0030971723885609708,0.0
681550,68,155,0,Er155,154.9332158950318,0.0021797081149683814,0.0
681560,68,156,0,Er156,155.93106558619786,0.0005924334876580728,0.0
681570,68,157,0,Er157,156.9319222743903,0.0006194344777121942,0.0
681571,68,157,1,Er157m,156.93208867372593,9.120357638946649,0.0
681580,68,158,0,Er158,157.92989327603973,8.407898842308895e-05,0.0
681590,68,159,0,Er159,158.93069091930667,0.00032090147248145615,0.0
681591,68,159,1,Er159m,158.9308873778771,2056816.55952506,0.0
681592,68,159,2,Er159n,158.9311514697259,1174825.729762619,0.0
681600,68,160,0,Er160,159.92907738252313,6.736909849155832e-06,0.0
681610,68,161,0,Er161,160.93000385108212,5.998158364139367e-05,0.0
681611,68,161,1,Er161m,160.93042897454606,92419.62407465938,0.0
681620,68,162,0,Er162,161.92878731090707,0.0,0.0013900000000000002
681621,68,162,1,Er162m,161.93096231125534,7876672.506363014,0.0
681630,68,163,0,Er163,162.93004035158157,0.00015403270679109895,0.0
681631,68,163,1,Er163m,162.93051807870643,1195081.345793009,0.0
681640,68,164,0,Er164,163.92920771077695,0.0,0.01601
681650,68,165,0,Er165,164.93073343165307,1.8585027363790896e-05,0.0
681651,68,165,1,Er165m,164.93132527651585,2772588.7222397807,0.0
681652,68,165,2,Er165n,164.93269050254887,1873370.7582701223,0.0
681660,68,166,0,Er166,165.93030111544365,0.0,0.33503
681670,68,167,0,Er167,166.93205618828145,0.0,0.22869
681671,68,167,1,Er167m,166.9322792707456,0.30548575608635753,0.0
681680,68,168,0,Er168,167.932378283718,0.0,0.26978
681681,68,168,1,Er168m,167.93355278390607,6359148.445504084,0.0
681690,68,169,0,Er169,168.93459840512483,8.541883317755968e-07,0.0
681691,68,169,1,Er169m,168.9346971711821,2432095.3703857725,0.0
681692,68,169,2,Er169n,168.93486002782222,3465735.902799726,0.0
681700,68,170,0,Er170,169.93547194795968,0.0,0.1491
681710,68,171,0,Er171,170.93803739629743,2.561746720181928e-05,0.0
681711,68,171,1,Er171m,170.93825060215585,3300700.859809263,0.0
681720,68,172,0,Er172,171.93936300855313,3.905494594094801e-06,0.0
681721,68,172,1,Er172m,171.94097439824847,1197145.3895681265,0.0
681730,68,173,0,Er173,172.94240435899076,0.008056103911668356,0.0
681740,68,174,0,Er174,173.94422938396215,0.0036101415654163816,0.0
681741,68,174,1,Er174m,173.94542101791407,0.17773004629742187,0.0
681750,68,175,0,Er175,174.94777207949488,0.009627044174443685,0.0
681760,68,176,0,Er176,175.94994063857854,0.057762265046662105,0.0
681770,68,177,0,Er177,176.95398789983867,0.08664339756999316,0.0
681780,68,178,0,Er178,177.9567791145008,0.17328679513998632,0.0
681790,68,179,0,Er179,178.96126652884226,0.23104906018664842,0.0
681800,68,180,0,Er180,179.96437980673463,0.34657359027997264,0.0
690000,69,0,0,Tm,168.9342189072852,0.0,
691440,69,144,0,Tm144,143.97621026272571,301368.3393738893,0.0
691450,69,145,0,Tm145,144.97039165369927,218658.4165804244,0.0
691460,69,146,0,Tm146,145.96665572022837,4.471917293935131,0.0
691461,69,146,1,Tm146m,145.96698851889965,9.495166856985552,0.0
691462,69,146,2,Tm146n,145.96712807963274,3.465735902799726,0.0
691470,69,147,0,Tm147,146.96138032451694,1.1950813457930092,0.0
691471,69,147,1,Tm147m,146.9614458107071,1925.4088348887371,0.0
691480,69,148,0,Tm148,147.95838406293154,0.9902102579427788,0.0
691490,69,149,0,Tm149,148.95282847220977,0.7701635339554948,0.0
691491,69,149,1,Tm149m,148.95293582661984,1.3862943611198906,0.0
691500,69,150,0,Tm150,149.95009093475267,0.23104906018664842,0.0
691501,69,150,1,Tm150m,149.95024123092676,0.31506690025452055,0.0
691502,69,150,2,Tm150n,149.95096050547434,133.29753472306638,0.0
691510,69,151,0,Tm151,150.94549401891294,0.16622234545802045,0.0
691511,69,151,1,Tm151m,150.94559385851431,0.1050223000848402,0.0
691512,69,151,2,Tm151n,150.94834535204473,1536911.708558637,0.0
691520,69,152,0,Tm152,151.94447629910536,0.08664339756999316,0.0
691521,69,152,1,Tm152m,151.94436894469527,0.1332975347230664,0.0
691522,69,152,2,Tm152n,151.94710648215238,2302814.5533553,0.0
691530,69,153,0,Tm153,152.9420576042462,0.4683426895675306,0.0
691531,69,153,1,Tm153m,152.94210376664253,0.2772588722239781,0.0
691540,69,154,0,Tm154,153.94157021522443,0.08557372599505497,0.0
691541,69,154,1,Tm154m,153.94165287812018,0.2100446001696804,0.0
691550,69,155,0,Tm155,154.9392094917467,0.032090147248145615,0.0
691551,69,155,1,Tm155m,154.93925350705484,0.015403270679109895,0.0
691560,69,156,0,Tm156,155.93898619457374,0.008271446068734431,0.0
691570,69,157,0,Tm157,156.93697329938468,0.003182493941964855,0.0
691571,69,157,1,Tm157m,156.93707958025067,0.43321698784996576,0.0
691580,69,158,0,Tm158,157.9369797406493,0.002902626384254377,0.0
691581,69,158,1,Tm158m,157.93709031569168,0.03465735902799726,0.0
691590,69,159,0,Tm159,158.93497543381307,0.0012653289166848214,0.0
691600,69,160,0,Tm160,159.93526529072028,0.0012289843626949386,0.0
691601,69,160,1,Tm160m,159.93534043880734,0.009303989000804634,0.0
691602,69,160,2,Tm160n,159.93549073498144,3465735.902799726,0.0
691610,69,161,0,Tm161,160.93354869370305,0.0003825315566004113,0.0
691611,69,161,1,Tm161m,160.93355728205586,0.0023104906018664843,0.0
691612,69,161,2,Tm161n,160.93363243014292,6301338.005090412,0.0
691620,69,162,0,Tm162,161.9340017293136,0.0005323711064208489,0.0
691621,69,162,1,Tm162m,161.93413806941442,0.028524575331684992,0.0
691630,69,163,0,Tm163,162.93265872564348,0.00010637617872313464,0.0
691631,69,163,1,Tm163m,162.93275212398024,1824071.5277893296,0.0
691640,69,164,0,Tm164,163.93353795826204,0.0057762265046662105,0.0
691641,69,164,1,Tm164m,163.93355942914405,0.0022651868645749847,0.0
691650,69,165,0,Tm165,164.9324418697351,6.405219011605911e-06,0.0
691651,69,165,1,Tm165m,164.9325281826808,8664.339756999318,0.0
691652,69,165,2,Tm165n,164.93261417356328,77016.35339554948,0.0
691660,69,166,0,Tm166,165.93356264977638,2.500530954400957e-05,0.0
691661,69,166,1,Tm166m,165.93369362215665,1.9918022429883484,0.0
691662,69,166,2,Tm166n,165.93382459453696,346573.59027997265,0.0
691670,69,167,0,Tm167,166.9328572239477,8.673012769769085e-07,0.0
691671,69,167,1,Tm167m,166.9330499251138,597540.6728965046,0.0
691672,69,167,2,Tm167n,166.93317155766044,770163.5339554948,0.0
691680,69,168,0,Tm168,167.9341784346726,8.617117950629866e-08,0.0
691690,69,169,0,Tm169,168.9342189072852,0.0,1.0
691691,69,169,1,Tm169m,168.93455825457548,1050382.1496589563,0.0
691700,69,170,0,Tm170,169.93580710842795,6.238364550572631e-08,0.0
691701,69,170,1,Tm170m,169.93600378170723,168239.60693202558,0.0
691710,69,171,0,Tm171,170.93643513172694,1.1440092600477966e-08,0.0
691711,69,171,1,Tm171m,170.93689138796978,266595.0694461328,0.0
691712,69,171,2,Tm171n,170.93823267396937,407733.63562349725,0.0
691720,69,172,0,Tm172,171.93840648075928,3.0273723819005295e-06,0.0
691721,69,172,1,Tm172m,171.93891748775127,5251.11500424201,0.0
691730,69,173,0,Tm173,172.93960670306402,2.3366612073892437e-05,0.0
691731,69,173,1,Tm173m,172.93994809008808,64780.110332705175,0.0
691732,69,173,2,Tm173n,172.94165287812018,2772588.7222397807,0.0
691733,69,173,3,Tm173p,172.94395240958414,5728489.095536738,0.0
691740,69,174,0,Tm174,173.9421789147296,0.0021393431498763745,0.0
691741,69,174,1,Tm174m,173.9424473007548,0.3026843583231202,0.0
691742,69,174,2,Tm174n,173.94442262190032,6539.124344905144,0.0
691750,69,175,0,Tm175,174.94384290808586,0.000760029803245554,0.0
691751,69,175,1,Tm175m,174.94431526749023,2172875.1741691073,0.0
691752,69,175,2,Tm175n,174.94547469511912,33007.00859809264,0.0
691760,69,176,0,Tm176,175.9469991277423,0.006244569194233741,0.0
691770,69,177,0,Tm177,176.94893150712377,0.0072962861111573185,0.0
691771,69,177,1,Tm177m,176.94903886153386,0.009001911435843446,0.0
691780,69,178,0,Tm178,177.95250640897953,0.06931471805599453,0.0
691790,69,179,0,Tm179,178.95501850217545,0.03850817669777474,0.0
691800,69,180,0,Tm180,179.9590228216715,0.23104906018664842,0.0
691810,69,181,0,Tm181,180.96195359706678,0.09902102579427789,0.0
691820,69,182,0,Tm182,181.96619409626504,inf,0.0
700000,70,0,0,Yb,173.05413078389984,0.0,
701480,70,148,0,Yb148,147.96754676183207,2.772588722239781,0.0
701490,70,149,0,Yb149,148.96421877511952,0.9902102579427788,0.0
701500,70,150,0,Yb150,149.95831428256497,0.9902102579427788,0.0
701510,70,151,0,Yb151,150.95540497805175,0.43321698784996576,0.0
701511,70,151,1,Yb151m,150.95619940068636,0.43321698784996576,0.0
701512,70,151,2,Yb151n,150.95822839903693,266595.0694461328,0.0
701513,70,151,3,Yb151p,150.95893693814347,34657.35902799727,0.0
701520,70,152,0,Yb152,151.95032711445484,0.2287614457293549,0.0
701521,70,152,1,Yb152m,151.95326862529112,23104.906018664846,0.0
701530,70,153,0,Yb153,152.94937166020512,0.16503504299046315,0.0
701531,70,153,1,Yb153m,152.95219508119027,46209.81203732969,0.0
701540,70,154,0,Yb154,153.9463957959576,1.6947363827871522,0.0
701550,70,155,0,Yb155,154.94578280227606,0.38658515368652835,0.0
701560,70,156,0,Yb156,155.94281659992546,0.026557363239844645,0.0
701570,70,157,0,Yb157,156.94265127413394,0.017957180843521898,0.0
701580,70,158,0,Yb158,157.93987079491282,0.007753324167337195,0.0
701590,70,159,0,Yb159,158.94005973867456,0.006917636532534385,0.0
701600,70,160,0,Yb160,159.93755945446372,0.002406761043610921,0.0
701610,70,161,0,Yb161,160.9379126504729,0.0027505840498410527,0.0
701620,70,162,0,Yb162,161.93577951834456,0.0006122126661013471,0.0
701630,70,163,0,Yb163,162.93634527608572,0.0010454708605730698,0.0
701640,70,164,0,Yb164,163.9345009273205,0.00015240703178538814,0.0
701650,70,165,0,Yb165,164.93527065844077,0.0011669144453871133,0.0
701651,70,165,1,Yb165m,164.9354069985416,2310490.601866484,0.0
701660,70,166,0,Yb166,165.9338761246538,3.3957827775815464e-06,0.0
701670,70,167,0,Yb167,166.93495396293105,0.0006601401719618527,0.0
701671,70,167,1,Yb167m,166.9355680301567,3850817.6697774734,0.0
701680,70,168,0,Yb168,167.93389129383195,0.0,0.00123
701690,70,169,0,Yb169,168.93518420593435,2.505946402210409e-07,0.0
701691,70,169,1,Yb169m,168.93521018570158,0.015068416968694463,0.0
701700,70,170,0,Yb170,169.93476724247913,0.0,0.029820000000000003
701701,70,170,1,Yb170m,169.9361182537147,1873370.7582701223,0.0
701710,70,171,0,Yb171,170.93633151539743,0.0,0.14086
701711,70,171,1,Yb171m,170.93643380482644,132.02803439237053,0.0
701712,70,171,2,Yb171n,170.93646293437206,2615649.737962058,0.0
701720,70,172,0,Yb172,171.93638665476954,0.0,0.21686
701721,70,172,1,Yb172m,171.9380511054556,192540.8834888737,0.0
701730,70,173,0,Yb173,172.93821621224413,0.0,0.16103
701731,70,173,1,Yb173m,172.93864448548644,239016.26915860185,0.0
701740,70,174,0,Yb174,173.93886754540617,0.0,0.32025
701741,70,174,1,Yb174m,173.94049734423575,835.1170850119822,0.0
701742,70,174,2,Yb174n,173.94076258799737,2707606.174062286,0.0
701750,70,175,0,Yb175,174.9412819042207,1.9169741486347443e-06,0.0
701751,70,175,1,Yb175m,174.9418346398719,10.163448395307114,0.0
701760,70,176,0,Yb176,175.9425747068216,0.0,0.12994999999999998
701761,70,176,1,Yb176m,175.9437017370366,0.06080238425964432,0.0
701770,70,177,0,Yb177,176.94526385105772,0.00010075399449967226,0.0
701771,70,177,1,Yb177m,176.94561973092715,0.10813528557877461,0.0
701780,70,178,0,Yb178,177.94666954970333,0.00015611422985584354,0.0
701790,70,179,0,Yb179,178.94992990313753,0.0014440566261665526,0.0
701800,70,180,0,Yb180,179.95199110781112,0.004813522087221842,0.0
701810,70,181,0,Yb181,180.95588807289712,0.011552453009332421,0.0
701820,70,182,0,Yb182,181.95823913447794,0.023104906018664842,0.0
701830,70,183,0,Yb183,182.96242595647115,0.023104906018664842,0.0
701840,70,184,0,Yb184,183.96500246231312,0.09902102579427789,0.0
701850,70,185,0,Yb185,184.9694254640085,0.13862943611198905,0.0
710000,71,0,0,Lu,174.96681694757385,0.0,
711500,71,150,0,Lu150,149.97340831262258,15.403270679109896,0.0
711501,71,150,1,Lu150m,149.9734297835046,17328.679513998635,0.0
711510,71,151,0,Lu151,150.967471613745,8.84116301734624,0.0
711511,71,151,1,Lu151m,150.96753602639106,43321.69878499658,0.0
711520,71,152,0,Lu152,151.96412215615044,1.0663802777845313,0.0
711530,71,153,0,Lu153,152.95879737741035,0.7701635339554948,0.0
711531,71,153,1,Lu153m,152.95888326093842,0.6931471805599453,0.0
711532,71,153,2,Lu153n,152.9614812376624,6931471.805599452,0.0
711533,71,153,3,Lu153p,152.96162079839553,46209.81203732969,0.0
711540,71,154,0,Lu154,153.9574125055203,0.6931471805599453,0.0
711541,71,154,1,Lu154m,153.95748765360733,0.6188814112142368,0.0
711542,71,154,2,Lu154n,153.96033254547453,19804.20515885558,0.0
711550,71,155,0,Lu155,154.9543260662304,10.19334089058743,0.0
711551,71,155,1,Lu155m,154.95434861065652,5.022805656231487,0.0
711552,71,155,2,Lu155n,154.95623697472988,257.6755318066711,0.0
711560,71,156,0,Lu156,155.95308612279396,1.4031319444533306,0.0
711561,71,156,1,Lu156m,155.95310759367598,3.5007433361613396,0.0
711562,71,156,2,Lu156n,155.95588807289712,3872330.6176533257,0.0
711570,71,157,0,Lu157,156.9501446119577,0.09001911435843445,0.0
711571,71,157,1,Lu157m,156.95016715638383,0.1447071358162725,0.0
711580,71,158,0,Lu158,157.94931583591188,0.06539124344905145,0.0
711590,71,159,0,Lu159,158.946634122748,0.05728489095536738,0.0
711591,71,159,1,Lu159m,158.9467414771581,0.06931471805599453,0.0
711600,71,160,0,Lu160,159.94603293805156,0.019200752924098206,0.0
711601,71,160,1,Lu160m,159.94603293805156,0.01732867951399863,0.0
711610,71,161,0,Lu161,160.94357237497246,0.009001911435843446,0.0
711611,71,161,1,Lu161m,160.9437677599988,94.95166856985551,0.0
711620,71,162,0,Lu162,161.94328466515344,0.00843244745206746,0.0
711621,71,162,1,Lu162m,161.94341349044552,0.007701635339554948,0.0
711630,71,163,0,Lu163,162.9411794451717,0.0029099377857260507,0.0
711640,71,164,0,Lu164,163.94133940324275,0.0036791251622077773,0.0
711650,71,165,0,Lu165,164.93940702386126,0.0010756473937925904,0.0
711660,71,166,0,Lu166,165.9398589859277,0.004359416229936763,0.0
711661,71,166,1,Lu166m,165.93989226579484,0.008193229084632924,0.0
711662,71,166,2,Lu166n,165.93990300123585,0.005449270287420953,0.0
711670,71,167,0,Lu167,166.93823900787956,0.0002243194759093674,0.0
711671,71,167,1,Lu167m,166.9382926850846,0.011552453009332421,0.0
711680,71,168,0,Lu168,167.93873283816595,0.002100446001696804,0.0
711681,71,168,1,Lu168m,167.93890675231026,0.001724246717810809,0.0
711690,71,169,0,Lu169,168.9376453379918,5.6529912944472595e-06,0.0
711691,71,169,1,Lu169m,168.93767647077073,0.004332169878499658,0.0
711700,71,170,0,Lu170,169.93847948175815,3.987344339978332e-06,0.0
711701,71,170,1,Lu170m,169.93857932135953,1.0345480306864854,0.0
711710,71,171,0,Lu171,170.93791855496545,9.727824435596463e-07,0.0
711711,71,171,1,Lu171m,170.93799488395103,0.008774014943796775,0.0
711720,71,172,0,Lu172,171.9390912945412,1.197393554035284e-06,0.0
711721,71,172,1,Lu172m,171.93913627603902,0.0031222845971168706,0.0
711722,71,172,2,Lu172n,171.93916193374304,2087792.7125299557,0.0
711723,71,172,3,Lu172p,171.93920874026583,1575.3345012726031,0.0
711724,71,172,4,Lu172q,171.93932060356113,4620981.203732968,0.0
711730,71,173,0,Lu173,172.938935738001,1.6032830505779338e-08,0.0
711731,71,173,1,Lu173m,172.93906853540628,9341.60620700735,0.0
711740,71,174,0,Lu174,173.94034283225395,6.635944952543109e-09,0.0
711741,71,174,1,Lu174m,173.94052619358638,5.6496738112932423e-08,0.0
711742,71,174,2,Lu174n,173.9406013416734,1754802.988759355,0.0
711743,71,174,3,Lu174p,173.94073489055955,4780325.383172036,0.0
711744,71,174,4,Lu174q,173.94233500804185,3572923.6111337384,0.0
711745,71,174,5,Lu174r,173.94471043907373,7145847.222267477,0.0
711746,71,174,6,Lu174x,173.94662263582612,2864244.547768369,0.0
711750,71,175,0,Lu175,174.94077718819713,0.0,0.9740099999999999
711751,71,175,1,Lu175m,174.94115668603678,465199.45004023175,0.0
711752,71,175,2,Lu175n,174.94227199100314,704.4178664227087,0.0
711760,71,176,0,Lu176,175.94269174674656,5.934876463906429e-19,0.025990000000000003
711761,71,176,1,Lu176m,175.94282357796214,5.254936776443059e-05,0.0
711762,71,176,2,Lu176n,175.94431762928724,2221625.578717773,0.0
711763,71,176,3,Lu176p,175.94439632006984,17328.679513998635,0.0
711770,71,177,0,Lu177,176.94376357317682,1.2074314543347536e-06,0.0
711771,71,177,1,Lu177m,176.94392503420957,5327803.078861993,0.0
711772,71,177,2,Lu177n,176.94437517125104,4471.917293935131,0.0
711773,71,177,3,Lu177p,176.94480512566344,5.001581553638656e-08,0.0
711774,71,177,4,Lu177q,176.94673911536105,1109035.4888959124,0.0
711775,71,177,5,Lu177r,176.94755361327037,115524.53009332421,0.0
711780,71,178,0,Lu178,177.9459600444071,0.0004067765144131134,0.0
711781,71,178,1,Lu178m,177.9460930565212,0.0005001061908801914,0.0
711790,71,179,0,Lu179,178.94733299995764,4.1947904899536755e-05,0.0
711791,71,179,1,Lu179m,178.94796853806534,223.5958646967565,0.0
711800,71,180,0,Lu180,179.9498869613735,0.002026746141988144,0.0
711801,71,180,1,Lu180m,179.9498976968145,0.6931471805599453,0.0
711802,71,180,2,Lu180n,179.95055255871603,693.1471805599452,0.0
711810,71,181,0,Lu181,180.95190522428305,0.0033007008598092634,0.0
711820,71,182,0,Lu182,181.95515806290857,0.0057762265046662105,0.0
711830,71,183,0,Lu183,182.95735882831525,0.01195081345793009,0.0
711840,71,184,0,Lu184,183.96103034914006,0.03465735902799726,0.0
711850,71,185,0,Lu185,184.963542442336,0.03465735902799726,0.0
711860,71,186,0,Lu186,185.967450142863,0.11552453009332421,0.0
711870,71,187,0,Lu187,186.9701876803201,0.09902102579427789,0.0
711880,71,188,0,Lu188,187.97442817951836,0.6931471805599453,0.0
720000,72,0,0,Hf,178.48498122157224,0.0,
721530,72,153,0,Hf153,152.9706922460475,1.732867951399863,0.0
721531,72,153,1,Hf153m,152.9714974041231,1.3862943611198906,0.0
721540,72,154,0,Hf154,153.96486290158,0.34657359027997264,0.0
721541,72,154,1,Hf154m,153.96778294153424,77016.35339554948,0.0
721550,72,155,0,Hf155,154.96316670190072,0.8222386483510621,0.0
721560,72,156,0,Hf156,155.9593985621068,30.136833937388925,0.0
721561,72,156,1,Hf156m,155.96150270854443,1444.0566261665529,0.0
721570,72,157,0,Hf157,156.95828207624194,6.027366787477785,0.0
721580,72,158,0,Hf158,157.95480164626707,0.24320953703857728,0.0
721590,72,159,0,Hf159,158.95399541464735,0.1332975347230664,0.0
721600,72,160,0,Hf160,159.9506824575522,0.050966704452937155,0.0
721610,72,161,0,Hf161,160.9502777314262,0.03767104242173616,0.0
721611,72,161,1,Hf161m,160.95063092743538,144405.6626166553,0.0
721620,72,162,0,Hf162,161.94721598365066,0.01759256803451638,0.0
721630,72,163,0,Hf163,162.94710755569648,0.01732867951399863,0.0
721640,72,164,0,Hf164,163.94437109178347,0.006244569194233741,0.0
721650,72,165,0,Hf165,164.94456647680983,0.009120357638946648,0.0
721660,72,166,0,Hf166,165.9421799882737,0.001706418465189427,0.0
721670,72,167,0,Hf167,166.94259974401712,0.0056353429313816695,0.0
721680,72,168,0,Hf168,167.94056752503425,0.000445181233500286,0.0
721690,72,169,0,Hf169,168.94125888743517,0.003565571916460624,0.0
721700,72,170,0,Hf170,169.9396088501522,1.2026288787562377e-05,0.0
721710,72,171,0,Hf171,170.9404923769472,1.591246970982427e-05,0.0
721711,72,171,1,Hf171m,170.9405159949174,0.02349651459525238,0.0
721720,72,172,0,Hf172,171.9394499656253,1.1745977429367751e-08,0.0
721721,72,172,1,Hf172m,171.94160349509156,4252436.690551811,0.0
721730,72,173,0,Hf173,172.9405127742851,8.15851201224041e-06,0.0
721731,72,173,1,Hf173m,172.9406276435039,3850817.6697774734,0.0
721732,72,173,2,Hf173n,172.94072426247297,4332169.878499658,0.0
721740,72,174,0,Hf174,173.9400483591071,1.0982488896458847e-23,0.0016
721741,72,174,1,Hf174m,173.9417116009825,5022805.656231487,0.0
721742,72,174,2,Hf174n,173.94197816198272,290019.7408200608,0.0
721743,72,174,3,Hf174p,173.94360404452343,187337.07582701225,0.0
721750,72,175,0,Hf175,174.9415113850077,1.1355324574715361e-07,0.0
721751,72,175,1,Hf175m,174.94164654421,12907.768725511087,0.0
721752,72,175,2,Hf175n,174.94305020312183,630133.8005090412,0.0
721753,72,175,3,Hf175p,174.94474876459813,572848.9095536738,0.0
721754,72,175,4,Hf175q,174.94648855016794,364814.305557866,0.0
721760,72,176,0,Hf176,175.94140982773575,0.0,0.0526
721761,72,176,1,Hf176m,175.94284096937656,72202.83130832764,0.0
721762,72,176,2,Hf176n,175.94308380505217,70014.86672322679,0.0
721763,72,176,3,Hf176p,175.9444863904199,1728.5465849375194,0.0
721764,72,176,4,Hf176q,175.94663111682453,16119.701873487102,0.0
721770,72,177,0,Hf177,176.9432302364675,0.0,0.18600000000000003
721771,72,177,1,Hf177m,176.94464248373217,0.6359148445504085,0.0
721772,72,177,2,Hf177n,176.94467136206848,12399.770671913155,0.0
721773,72,177,3,Hf177p,176.9461717473038,0.00022475589512319886,0.0
721780,72,178,0,Hf178,177.94370828565562,0.0,0.2728
721781,72,178,1,Hf178m,177.94494007015692,0.17328679513998632,0.0
721782,72,178,2,Hf178n,177.94633428188064,7.085476707392805e-10,0.0
721783,72,178,3,Hf178p,177.94646987050058,10193.340890587431,0.0
721790,72,179,0,Hf179,178.9458257440401,0.0,0.1362
721791,72,179,1,Hf179m,178.9462283230779,0.037126254984464126,0.0
721792,72,179,2,Hf179n,178.94701351323323,3.2090147248145614e-07,0.0
721793,72,179,3,Hf179p,178.94987858772953,46209.81203732969,0.0
721800,72,180,0,Hf180,179.946559511433,0.0,0.3508
721801,72,180,1,Hf180m,179.9477850693785,3.481751961824117e-05,0.0
721802,72,180,2,Hf180n,179.94803499044517,1216.0476851928865,0.0
721803,72,180,3,Hf180p,179.9492278052956,737390.617616963,0.0
721804,72,180,4,Hf180q,179.95042319665185,7701.635339554949,0.0
721810,72,181,0,Hf181,180.9491107889886,1.8925540957858937e-07,0.0
721811,72,181,1,Hf181m,180.94974986979184,8664.339756999318,0.0
721812,72,181,2,Hf181n,180.95023103225782,6931.471805599454,0.0
721813,72,181,3,Hf181p,180.95098079545784,462.09812037329687,0.0
721820,72,182,0,Hf182,181.95056329415704,2.4679750329121006e-15,0.0
721821,72,182,1,Hf182m,181.9518225613873,0.00018784476437938897,0.0
721822,72,182,2,Hf182n,181.95332337604026,17328.679513998635,0.0
721830,72,183,0,Hf183,182.9535370113163,0.0001891364277886775,0.0
721831,72,183,1,Hf183m,182.95510438570352,0.01732867951399863,0.0
721840,72,184,0,Hf184,183.95544791981578,4.6733224147784875e-05,0.0
721841,72,184,1,Hf184m,183.95681132082382,0.014440566261665526,0.0
721842,72,184,2,Hf184n,183.95811030918583,0.0007220283130832763,0.0
721850,72,185,0,Hf185,184.9588617900564,0.0033007008598092634,0.0
721860,72,186,0,Hf186,185.96090152384798,0.004443251157435547,0.0
721861,72,186,1,Hf186m,185.9640899498274,0.03465735902799726,0.0
721870,72,187,0,Hf187,186.9645730446728,0.049510512897138946,0.0
721871,72,187,1,Hf187m,186.9651098167232,2567211.779851649,0.0
721880,72,188,0,Hf188,187.96690263537158,0.09902102579427789,0.0
721890,72,189,0,Hf189,188.9708532776626,1.732867951399863,0.0
721900,72,190,0,Hf190,189.97337610629955,1.1552453009332422,0.0
730000,73,0,0,Ta,180.9478783358972,0.0,
731550,73,155,0,Ta155,154.97424567702123,216.6084939249829,0.0
731560,73,156,0,Ta156,155.97208785337855,6.539124344905145,0.0
731561,73,156,1,Ta156m,155.97218447234764,1.925408834888737,0.0
731570,73,157,0,Ta157,156.96822309461558,68.62843371880646,0.0
731571,73,157,1,Ta157m,156.9682553009386,161.197018734871,0.0
731572,73,157,2,Ta157n,156.96994076517691,407.73363562349726,0.0
731580,73,158,0,Ta158,157.96659130758235,14.145860827753985,0.0
731581,73,158,1,Ta158m,157.96674160375645,19.254088348887368,0.0
731582,73,158,2,Ta158n,157.96960796650566,113630.68533769596,0.0
731590,73,159,0,Ta159,158.9630282147117,0.666487673615332,0.0
731591,73,159,1,Ta159m,158.96309692153415,1.2377628224284736,0.0
731600,73,160,0,Ta160,159.96154565030847,0.40773363562349724,0.0
731601,73,160,1,Ta160m,159.96166374015957,0.4471917293935131,0.0
731610,73,161,0,Ta161,160.9583690333141,0.23104906018664842,0.0
731611,73,161,1,Ta161m,160.95843559304836,0.22504778589608612,0.0
731620,73,162,0,Ta162,161.9572944156692,0.19415887410642726,0.0
731621,73,162,1,Ta162m,161.9574232409613,0.13862943611198905,0.0
731630,73,163,0,Ta163,162.95434216939194,0.06539124344905145,0.0
731631,73,163,1,Ta163m,162.95448173012502,0.06931471805599453,0.0
731640,73,164,0,Ta164,163.95353379068402,0.048813181729573614,0.0
731650,73,165,0,Ta165,164.95078015006538,0.022359586469675653,0.0
731651,73,165,1,Ta165m,164.95080698866792,0.023104906018664842,0.0
731660,73,166,0,Ta166,165.9505117640402,0.020149627341858874,0.0
731670,73,167,0,Ta167,166.94809306918103,0.008686054894234902,0.0
731680,73,168,0,Ta168,167.9480469067847,0.0057762265046662105,0.0
731690,73,169,0,Ta169,168.94601146716954,0.002357643471292331,0.0
731700,73,170,0,Ta170,169.94617464587284,0.0017089427528598259,0.0
731710,73,171,0,Ta171,170.94447629910536,0.000495813433876928,0.0
731720,73,172,0,Ta172,171.94489498130469,0.00031392535351446797,0.0
731730,73,173,0,Ta173,172.9437495097491,6.131875270346297e-05,0.0
731731,73,173,1,Ta173m,172.94393523287854,3377910.2366469065,0.0
731732,73,173,2,Ta173n,172.94559278497022,5251115.0042420095,0.0
731740,73,174,0,Ta174,173.94445375467924,0.00016889551183234535,0.0
731750,73,175,0,Ta175,174.9437366272199,1.833722699894035e-05,0.0
731751,73,175,1,Ta175m,174.94387726149708,3122284.597116871,0.0
731752,73,175,2,Ta175n,174.94410055867007,4077336.356234972,0.0
731753,73,175,3,Ta175p,174.94541994436997,355460.09259484377,0.0
731760,73,176,0,Ta176,175.94485203954065,2.379986198873593e-05,0.0
731761,73,176,1,Ta176m,175.9449593939507,641.8029449629123,0.0
731762,73,176,2,Ta176n,175.94643014936884,182407.152778933,0.0
731763,73,176,3,Ta176p,175.94793311111002,714.5847222267478,0.0
731770,73,177,0,Ta177,176.94448166682585,3.4162683372759706e-06,0.0
731771,73,177,1,Ta177m,176.9445600355452,1690602.8794145004,0.0
731772,73,177,2,Ta177n,176.9446813460286,191477.12170164235,0.0
731773,73,177,3,Ta177p,176.94593631908248,130782.4868981029,0.0
731774,73,177,4,Ta177q,176.9494800881593,5211.632936540942,0.0
731780,73,178,0,Ta178,177.94567866849826,8.15851201224041e-05,0.0
731781,73,178,1,Ta178m,177.94578816999655,0.0012408649848907004,0.0
731782,73,178,2,Ta178n,177.94725677832648,11.748257297626191,0.0
731783,73,178,3,Ta178p,177.94879194639066,2.3901626915860184,0.0
731790,73,179,0,Ta179,178.94593900294274,1.2068669116987745e-08,0.0
731791,73,179,1,Ta179m,178.94597196074662,488131.8172957361,0.0
731792,73,179,2,Ta179n,178.94649746058397,2475525.6448569475,0.0
731793,73,179,3,Ta179p,178.9472837242834,2152630.9955277806,0.0
731794,73,179,4,Ta179q,178.94735307523234,77.01635339554947,0.0
731795,73,179,5,Ta179r,178.94736466950863,433216.9878499658,0.0
731796,73,179,6,Ta179x,178.94877240788804,12.81233235785481,0.0
731800,73,180,0,Ta180,179.94746762238788,2.3613059049408103e-05,0.0
731801,73,180,1,Ta180m,179.94754846025867,0.0,0.00012009999999999999
731802,73,180,2,Ta180n,179.94902683783994,22216.255787177735,0.0
731803,73,180,3,Ta180p,179.9514170837804,346573.59027997265,0.0
731804,73,180,4,Ta180q,179.95194666308535,40773.363562349725,0.0
731810,73,181,0,Ta181,180.94799848994575,0.0,0.9998798999999999
731811,73,181,1,Ta181m,180.94800514591918,114569.78191073476,0.0
731812,73,181,2,Ta181n,180.94865893427658,38508.17669777474,0.0
731813,73,181,3,Ta181p,180.94953161827613,4951051.289713895,0.0
731814,73,181,4,Ta181q,180.9495909852649,27505.84049841053,0.0
731815,73,181,5,Ta181r,180.95039023884797,3300.7008598092634,0.0
731820,73,182,0,Ta182,181.95015459591784,6.991926801495908e-08,0.0
731821,73,182,1,Ta182m,181.95017209468668,2.4492833235333755,0.0
731822,73,182,2,Ta182n,181.95071240943264,0.0007293215283669458,0.0
731830,73,183,0,Ta183,182.9513754302693,1.5730464337326284e-06,0.0
731831,73,183,1,Ta183m,182.9514540136975,6539124.344905144,0.0
731832,73,183,2,Ta183n,182.95280807487185,770163.5339554948,0.0
731840,73,184,0,Ta184,183.95401044426478,2.2131136033203875e-05,0.0
731850,73,185,0,Ta185,184.95556171549046,0.0002338553240755551,0.0
731851,73,185,1,Ta185m,184.9559975743954,770163.5339554948,0.0
731852,73,185,2,Ta185n,184.95692833713082,58.741286488130946,0.0
731860,73,186,0,Ta186,185.95855046226717,0.0011002336199364211,0.0
731861,73,186,1,Ta186m,185.95891546726145,0.007501592863202871,0.0
731870,73,187,0,Ta187,186.96038622267957,0.0050228056562314875,0.0
731871,73,187,1,Ta187m,186.96230786662005,0.09495166856985553,0.0
731872,73,187,2,Ta187n,186.963531706895,0.0023104906018664843,0.0
731880,73,188,0,Ta188,187.96359611954102,0.03536465206938496,0.0
731881,73,188,1,Ta188m,187.9637034739511,0.03536465206938496,0.0
731882,73,188,2,Ta188n,187.96401480174035,192540.8834888737,0.0
731890,73,189,0,Ta189,188.96568953053765,0.03465735902799726,0.0
731891,73,189,1,Ta189m,188.967460878304,433216.9878499658,0.0
731900,73,190,0,Ta190,189.96916781342432,0.1307824868981029,0.0
731910,73,191,0,Ta191,190.97152961044614,1.5068416968694462,0.0
731920,73,192,0,Ta192,191.97520113127095,0.31506690025452055,0.0
731930,73,193,0,Ta193,192.97765954726185,3.150669002545206,0.0
731940,73,194,0,Ta194,193.98161018955287,0.34657359027997264,0.0
740000,74,0,0,W,183.8417795917998,0.0,
741570,74,157,0,W157,156.97886191665475,2.5205352020361644,0.0
741573,74,157,3,W157p,156.97920545076704,inf,0.0
741580,74,158,0,W158,157.97456774025147,484.7183080838778,0.0
741581,74,158,1,W158m,157.976596738602,4847.183080838778,0.0
741590,74,159,0,W159,158.97269977351604,84.53014397072505,0.0
741600,74,160,0,W160,159.96851295152283,7.701635339554948,0.0
741610,74,161,0,W161,160.96724616948384,1.6947363827871522,0.0
741620,74,162,0,W162,161.96350057411607,0.5824766223192818,0.0
741630,74,163,0,W163,162.9625225754402,0.26355406104940887,0.0
741631,74,163,1,W163m,162.9630378766086,4500955.717921723,0.0
741640,74,164,0,W164,163.95895196776087,0.11002336199364211,0.0
741650,74,165,0,W165,164.95828100269784,0.1359112118744991,0.0
741660,74,166,0,W166,165.95503245824875,0.03610141565416382,0.0
741670,74,167,0,W167,166.95481130816398,0.03483151661105253,0.0
741671,74,167,1,W167m,166.95494657472068,693147.1805599453,0.0
741680,74,168,0,W168,167.95180538468168,0.01361782280078478,0.0
741690,74,169,0,W169,168.95177854607917,0.009366853791350611,0.0
741700,74,170,0,W170,169.9492310259279,0.004773740912947282,0.0
741710,74,171,0,W171,170.94945110246857,0.004853971852660682,0.0
741720,74,172,0,W172,171.94729220528183,0.00175037166808067,0.0
741730,74,173,0,W173,172.9476894165991,0.001520059606491108,0.0
741740,74,174,0,W174,173.9460791004479,0.0003479654520883259,0.0
741743,74,174,3,W174p,173.94851389846855,4387007.471898387,0.0
741744,74,174,4,W174q,173.94985368150637,5415212.348124572,0.0
741750,74,175,0,W175,174.94671678564376,0.00032819468776512564,0.0
741751,74,175,1,W175m,174.94696906850746,3209014.7248145617,0.0
741760,74,176,0,W176,175.94563357964603,7.701635339554947e-05,0.0
741770,74,177,0,W177,176.94664271110082,8.725417680764669e-05,0.0
741780,74,178,0,W178,177.94588586250973,3.714137412979816e-07,0.0
741781,74,178,1,W178m,177.95294226788445,3150669.002545206,0.0
741790,74,179,0,W179,178.94707964354984,0.0003118070987674068,0.0
741791,74,179,1,W179m,178.94731797034024,0.0018050707827081908,0.0
741792,74,179,2,W179n,178.9488316675224,1777300.4629742187,0.0
741793,74,179,3,W179p,178.95067386919942,924196.2407465937,0.0
741800,74,180,0,W180,179.94671335030264,1.3814451442086602e-26,0.0012
741801,74,180,1,W180m,179.9483549065872,126.71794891406678,0.0
741802,74,180,2,W180n,179.9502181497286,297488.06032615673,0.0
741810,74,181,0,W181,180.94821878119524,6.632607569724862e-08,0.0
741811,74,181,1,W181m,180.9486111615641,47508.37426730263,0.0
741812,74,181,2,W181n,180.9499933495939,3465735.902799726,0.0
741820,74,182,0,W182,181.9482056839572,0.0,0.265
741821,74,182,1,W182m,181.95060033142852,533190.1388922656,0.0
741830,74,183,0,W183,182.95022437628438,0.0,0.1431
741831,74,183,1,W183m,182.9505566381836,0.1307824868981029,0.0
741840,74,184,0,W184,183.95093313009977,0.0,0.3064
741841,74,184,1,W184m,183.95231263426933,83210.94604561168,0.0
741842,74,184,2,W184n,183.95536439808473,3686953.088084815,0.0
741850,74,185,0,W185,184.95342117590783,1.0682472452778169e-07,0.0
741851,74,185,1,W185m,184.95363309351333,0.007233846593195005,0.0
741860,74,186,0,W186,185.9543651432357,0.0,0.2843
741861,74,186,1,W186m,185.95599392434545,38508.17669777474,0.0
741862,74,186,2,W186n,185.95816849527608,0.34657359027997264,0.0
741870,74,187,0,W187,186.9571612962007,8.086895018223096e-06,0.0
741871,74,187,1,W187m,186.95760155663643,502280.5656231488,0.0
741880,74,188,0,W188,187.9584881967093,1.149854781716555e-07,0.0
741881,74,188,1,W188m,187.9605569161916,6330111.237990367,0.0
741890,74,189,0,W189,188.96155638574947,0.0009959011214941743,0.0
741900,74,190,0,W190,189.96310228925466,0.0003850817669777474,0.0
741901,74,190,1,W190m,189.9649702559901,6244569.194233742,0.0
741902,74,190,2,W190n,189.9650776104002,4175.585425059911,0.0
741910,74,191,0,W191,190.9665268949363,0.049510512897138946,0.0
741911,74,191,1,W191m,190.96677381007947,2038668.178117486,0.0
741920,74,192,0,W192,191.96820162373356,0.01732867951399863,0.0
741930,74,193,0,W193,192.9718838799994,0.023104906018664842,0.0
741940,74,194,0,W194,193.97379478849888,0.03465735902799726,0.0
741950,74,195,0,W195,194.9777346953489,0.023104906018664842,0.0
741960,74,196,0,W196,195.97988178355055,0.027725887222397813,0.0
741970,74,197,0,W197,196.98403639922074,0.6931471805599453,0.0
750000,75,0,0,Re,186.206707351521,0.0,
751590,75,159,0,Re159,158.9841008118668,17328.679513998635,0.0
751591,75,159,1,Re159m,158.98432625612796,34657.35902799727,0.0
751600,75,160,0,Re160,159.9818785755781,1134.4471040260971,0.0
751601,75,160,1,Re160m,159.98207181351623,247552.56448569475,0.0
751610,75,161,0,Re161,160.97762734093882,1575.3345012726031,0.0
751611,75,161,1,Re161m,160.9777561662309,47.15286942584662,0.0
751620,75,162,0,Re162,161.97589893493648,6.4780110332705165,0.0
751621,75,162,1,Re162m,161.97608143743363,9.001911435843445,0.0
751630,75,163,0,Re163,162.97208570629036,1.7773004629742186,0.0
751631,75,163,1,Re163m,162.97221453158247,3.2390055166352583,0.0
751640,75,164,0,Re164,163.97050974355034,0.9640433665645971,0.0
751641,75,164,1,Re164m,163.9704560663453,0.7788170568089273,0.0
751650,75,165,0,Re165,164.9670862114128,0.43321698784996576,0.0
751651,75,165,1,Re165m,164.96711519710354,0.3983604485976697,0.0
751660,75,166,0,Re166,165.96581835582975,0.3080654135821979,0.0
751663,75,166,3,Re166p,165.96611894817798,0.23104906018664842,0.0
751670,75,167,0,Re167,166.96260845896828,0.20386681781174862,0.0
751671,75,167,1,Re167m,166.9627480197014,0.11748257297626191,0.0
751680,75,168,0,Re168,167.9615778566315,0.15753345012726028,0.0
751690,75,169,0,Re169,168.95876624463142,0.08557372599505497,0.0
751691,75,169,1,Re169m,168.95895411484906,0.04590378679204936,0.0
751700,75,170,0,Re170,169.95823484030151,0.6931471805599453,0.0
751701,75,170,1,Re170m,169.95831320902087,0.07534208484347232,0.0
751702,75,170,2,Re170n,169.9584602845627,5331901.388922656,0.0
751710,75,171,0,Re171,170.95571630584098,0.04560178819473325,0.0
751720,75,172,0,Re172,171.95537277172872,0.012602676010180823,0.0
751721,75,172,1,Re172m,171.95549086157982,0.046209812037329684,0.0
751730,75,173,0,Re173,172.95324286023268,0.0057762265046662105,0.0
751740,75,174,0,Re174,173.9531151084847,0.004813522087221842,0.0
751741,75,174,1,Re174m,173.95322568352708,0.011552453009332421,0.0
751750,75,175,0,Re175,174.95138133476186,0.001961367234182075,0.0
751760,75,176,0,Re176,175.95162288218455,0.0021797081149683814,0.0
751770,75,177,0,Re177,176.95032818799893,0.0008251752149523159,0.0
751771,75,177,1,Re177m,176.95043446886493,6931471.805599452,0.0
751772,75,177,2,Re177n,176.95041943924753,13862.943611198907,0.0
751780,75,178,0,Re178,177.95098949116505,0.000875185834040335,0.0
751790,75,179,0,Re179,178.9499900216072,0.0005924334876580728,0.0
751791,75,179,1,Re179m,178.95005980197374,7296.286111157319,0.0
751792,75,179,2,Re179n,178.9519481660471,1698890.1484312385,0.0
751793,75,179,3,Re179p,178.95579574810444,1487.4403016307838,0.0
751800,75,180,0,Re180,179.9507919590505,0.004696119109484725,0.0
751801,75,180,1,Re180m,179.95088535738728,693147.1805599453,0.0
751802,75,180,2,Re180n,179.95461055541713,77016.35339554948,0.0
751810,75,181,0,Re181,180.95006194906193,9.675421280847924e-06,0.0
751811,75,181,1,Re181m,180.95034429116046,4423402.556221731,0.0
751812,75,181,2,Re181n,180.9518397380929,2772588.7222397807,0.0
751813,75,181,3,Re181p,180.9520812855156,60273.66787477785,0.0
751814,75,181,4,Re181q,180.95421549118802,577622.6504666212,0.0
751820,75,182,0,Re182,181.95120742061752,2.9990791820696836e-06,0.0
751821,75,182,1,Re182m,181.95127612743997,1.3616752721985409e-05,0.0
751822,75,182,2,Re182n,181.95152948384776,1184866.9753161457,0.0
751823,75,182,3,Re182p,181.95176566354993,888650.2314871093,0.0
751830,75,183,0,Re183,182.95082094474122,1.146076687433772e-07,0.0
751831,75,183,1,Re183m,182.9528681933415,666.4876736153319,0.0
751840,75,184,0,Re184,183.95252787986155,2.2662533367334473e-07,0.0
751841,75,184,1,Re184m,183.9527297061525,4.747063202388404e-08,0.0
751850,75,185,0,Re185,184.95295837104595,0.0,0.374
751851,75,185,1,Re185m,184.95523868607052,3465735.902799726,0.0
751860,75,186,0,Re186,185.9549891944215,2.157465863126638e-06,0.0
751861,75,186,1,Re186m,185.95514829365723,1.0982488896458847e-13,0.0
751870,75,187,0,Re187,186.95575226956836,5.280042738682138e-19,0.626
751871,75,187,1,Re187m,186.95597363436195,1248239.1150008019,0.0
751872,75,187,2,Re187n,186.95755797074594,1958042.8829376984,0.0
751880,75,188,0,Re188,187.95811363717254,1.1322604145185162e-05,0.0
751881,75,188,1,Re188m,187.9582983941123,0.0006214337283126638,0.0
751890,75,189,0,Re189,188.95922786859478,7.923493147690275e-06,0.0
751891,75,189,1,Re189m,188.95936206160738,346573.59027997265,0.0
751892,75,189,2,Re189n,188.96112911519734,3108.283320896616,0.0
751900,75,190,0,Re190,189.96180008026036,0.003850817669777474,0.0
751901,75,190,1,Re190m,189.96201908325693,6.21099624157657e-05,0.0
751910,75,191,0,Re191,190.96312376013668,0.0011788217356461655,0.0
751911,75,191,1,Re191m,190.9632794240313,34657.35902799727,0.0
751912,75,191,2,Re191n,190.96484250424209,13698.56088063133,0.0
751920,75,192,0,Re192,191.96608674185495,0.04500955717921722,0.0
751921,75,192,1,Re192m,191.96625850891107,7876.672506363015,0.0
751922,75,192,2,Re192n,191.96637659876217,1.3862943611198906,0.0
751930,75,193,0,Re193,192.96754676183207,0.003850817669777474,0.0
751931,75,193,1,Re193m,192.9677077934472,10045.611312462976,0.0
751940,75,194,0,Re194,193.97073518781153,0.13862943611198905,0.0
751941,75,194,1,Re194m,193.97089621942663,15403.270679109897,0.0
751942,75,194,2,Re194n,193.97103578015975,0.027725887222397813,0.0
751943,75,194,3,Re194p,193.9716262294152,0.006931471805599453,0.0
751950,75,195,0,Re195,194.97256021278292,0.11552453009332421,0.0
751960,75,196,0,Re196,195.97599555390556,0.28881132523331055,0.0
751961,75,196,1,Re196m,195.97612437919767,192540.8834888737,0.0
751970,75,197,0,Re197,196.9781533775482,1.732867951399863,0.0
751980,75,198,0,Re198,197.981760485727,0.6931471805599453,0.0
751990,75,199,0,Re199,198.98418669539484,2.772588722239781,0.0
760000,76,0,0,Os,190.22486145930696,0.0,
761610,76,161,0,Os161,160.9890498501716,1083.0424696249147,0.0
761620,76,162,0,Os162,161.98443361053805,330.07008598092625,0.0
761630,76,163,0,Os163,162.98245828939253,121.60476851928864,0.0
761640,76,164,0,Os164,163.97807822946115,33.00700859809263,0.0
761650,76,165,0,Os165,164.97665041580706,9.762636345914721,0.0
761660,76,166,0,Os166,165.97269762642782,3.2542121153049077,0.0
761670,76,167,0,Os167,166.97155108132816,0.826158737258576,0.0
761671,76,167,1,Os167m,166.9720127052915,1031469.0186903946,0.0
761680,76,168,0,Os168,167.96779904469577,0.3300700859809263,0.0
761690,76,169,0,Os169,168.96701750459036,0.2003315550751287,0.0
761700,76,170,0,Os170,169.96357894283543,0.09404982097149868,0.0
761710,76,171,0,Os171,170.96318065797402,0.08351170850119823,0.0
761720,76,172,0,Os172,171.96001692350887,0.03610141565416382,0.0
761730,76,173,0,Os173,172.95980865595334,0.030944070560711846,0.0
761740,76,174,0,Os174,173.95706360368752,0.01575334501272603,0.0
761750,76,175,0,Os175,174.95694551383642,0.008251752149523159,0.0
761760,76,176,0,Os176,175.95477051348817,0.0032090147248145617,0.0
761770,76,177,0,Os177,176.95495838370582,0.003850817669777474,0.0
761780,76,178,0,Os178,177.9532535956737,0.0023104906018664843,0.0
761790,76,179,0,Os179,178.95381613278252,0.0017773004629742187,0.0
761791,76,179,1,Os179m,178.95397179667714,1386294.3611198904,0.0
761792,76,179,2,Os179n,178.95407700399903,885245.4413281549,0.0
761800,76,180,0,Os180,179.95238187786381,0.0005373233957829033,0.0
761810,76,181,0,Os181,180.9532471544091,0.0001100233619936421,0.0
761811,76,181,1,Os181m,180.95329975807002,0.004278686299752749,0.0
761812,76,181,2,Os181n,180.95341570083292,2645599.925801318,0.0
761820,76,182,0,Os182,181.95211027120632,8.815974518721322e-06,0.0
761821,76,182,1,Os182m,181.95407593045493,888.6502314871094,0.0
761822,76,182,2,Os182n,181.95967768357303,4620981.203732968,0.0
761830,76,183,0,Os183,182.953129064558,1.4810837191451823e-05,0.0
761831,76,183,1,Os183m,182.95331156705512,1.9448574089785222e-05,0.0
761840,76,184,0,Os184,183.95249288232384,1.9611587315105088e-21,0.0002
761850,76,185,0,Os185,184.9540459785745,8.631024004342553e-08,0.0
761851,76,185,1,Os185m,184.95415590949042,231049.06018664842,0.0
761852,76,185,2,Os185n,184.9543417399743,888650.2314871093,0.0
761860,76,186,0,Os186,185.95383760366454,1.0982488896458847e-23,0.0159
761870,76,187,0,Os187,186.9557495857081,0.0,0.0196
761871,76,187,1,Os187m,186.95585736953583,6188814.112142368,0.0
761872,76,187,2,Os187n,186.95602559389644,3000.6371452811486,0.0
761880,76,188,0,Os188,187.95583729426116,0.0,0.1324
761890,76,189,0,Os189,188.95814595084997,0.0,0.16149999999999998
761891,76,189,1,Os189m,188.95817901600827,3.313956686555485e-05,0.0
761900,76,190,0,Os190,189.9584454696541,0.0,0.2626
761901,76,190,1,Os190m,189.96027661382686,0.0011716483782284405,0.0
761910,76,191,0,Os191,190.96092814774167,5.351925825241096e-07,0.0
761911,76,191,1,Os191m,190.96100801942276,1.4697777365562876e-05,0.0
761920,76,192,0,Os192,191.96147876851097,0.0,0.4078
761921,76,192,1,Os192m,191.96364238929178,0.11669144453871132,0.0
761922,76,192,2,Os192n,191.966395922556,3381205.758829001,0.0
761930,76,193,0,Os193,192.96414963887943,6.4546055477329434e-06,0.0
761931,76,193,1,Os193m,192.96448844939763,5728489.095536738,0.0
761940,76,194,0,Os194,193.96517938238094,3.660829632152949e-09,0.0
761950,76,195,0,Os195,194.96831971358466,0.0017773004629742187,0.0
761951,76,195,1,Os195m,194.96878133754802,0.014747812352339261,0.0
761960,76,196,0,Os196,195.9696401728287,0.0003310158455396109,0.0
761970,76,197,0,Os197,196.97307551395133,0.007453195489891885,0.0
761971,76,197,1,Os197m,196.97361228600172,6.931471805599452,0.0
761980,76,198,0,Os198,197.97466435922053,0.005545177444479563,0.0
761990,76,199,0,Os199,198.97823926107628,0.11552453009332421,0.0
762000,76,200,0,Os200,199.9800857569297,0.09902102579427789,0.0
762010,76,201,0,Os201,200.98406860554377,0.23104906018664842,0.0
762020,76,202,0,Os202,201.98654849241666,0.34657359027997264,0.0
762030,76,203,0,Os203,202.992195334387,2.3104906018664844,0.0
770000,77,0,0,Ir,192.21605382046016,0.0,
771630,77,163,0,Ir163,162.99429948082462,inf,0.0
771640,77,164,0,Ir164,163.99196989012583,693.1471805599452,0.0
771641,77,164,1,Ir164m,163.99224901159204,9902.10257942779,0.0
771650,77,165,0,Ir165,164.98754688843044,13862943.611198904,0.0
771651,77,165,1,Ir165m,164.98774012636858,2132.7605555690625,0.0
771660,77,166,0,Ir166,165.985711128018,66.01401719618526,0.0
771661,77,166,1,Ir166m,165.98590436595617,45.90378679204935,0.0
771670,77,167,0,Ir167,166.98167245511073,23.65690036040769,0.0
771671,77,167,1,Ir167m,166.98186032532837,24.32095370385773,0.0
771680,77,168,0,Ir168,167.97995693163762,3.0136833937388925,0.0
771681,77,168,1,Ir168m,167.98001060884263,4.252436690551812,0.0
771690,77,169,0,Ir169,168.97628219018048,1.9635897466287402,0.0
771691,77,169,1,Ir169m,168.9764464424279,2.475525644856947,0.0
771700,77,170,0,Ir170,169.97511524774288,0.7617001984175222,0.0
771701,77,170,1,Ir170m,169.9751581895069,0.8546820968679966,0.0
771710,77,171,0,Ir171,170.9716477002972,0.22359586469675655,0.0
771711,77,171,1,Ir171m,170.97181946735336,0.47152869425846616,0.0
771720,77,172,0,Ir172,171.97060636251942,0.15753345012726028,0.0
771721,77,172,1,Ir172m,171.97075665869355,0.3165055618995184,0.0
771730,77,173,0,Ir173,172.96750596715623,0.07701635339554948,0.0
771731,77,173,1,Ir173m,172.96774858812302,0.31506690025452055,0.0
771740,77,174,0,Ir174,173.966949871312,0.08774014943796775,0.0
771741,77,174,1,Ir174m,173.9670829907805,0.14145860827753984,0.0
771750,77,175,0,Ir175,174.96414899475297,0.07701635339554948,0.0
771751,77,175,1,Ir175m,174.9641973042375,0.02100446001696804,0.0
771752,77,175,2,Ir175n,174.96425312853074,105341.5168024233,0.0
771760,77,176,0,Ir176,175.96362617877585,0.07967208971953395,0.0
771761,77,176,1,Ir176m,175.9636820030691,0.06931471805599453,0.0
771770,77,177,0,Ir177,176.96130195579758,0.023259972502011585,0.0
771771,77,177,1,Ir177m,176.96140608957535,6931471.805599452,0.0
771772,77,177,2,Ir177n,176.9614962672798,6931471.805599452,0.0
771780,77,178,0,Ir178,177.9610797321687,0.057762265046662105,0.0
771790,77,179,0,Ir179,178.9591172935524,0.008774014943796775,0.0
771800,77,180,0,Ir180,179.95922894213888,0.007701635339554948,0.0
771810,77,181,0,Ir181,180.95763472914916,0.002357643471292331,0.0
771811,77,181,1,Ir181m,180.9579449833943,2325997.2502011587,0.0
771812,77,181,2,Ir181n,180.95802764629005,5501168.099682105,0.0
771820,77,182,0,Ir182,181.9580759557746,0.0007701635339554948,0.0
771821,77,182,1,Ir182m,181.95815217740576,4077336.356234972,0.0
771822,77,182,2,Ir182n,181.95826489953635,5331901.388922656,0.0
771830,77,183,0,Ir183,182.95684138005865,0.00019918022429883485,0.0
771840,77,184,0,Ir184,183.95747584462222,6.231096553037983e-05,0.0
771841,77,184,1,Ir184m,183.957718465589,1474.7812352339263,0.0
771842,77,184,2,Ir184n,183.9578279670873,1980420.5158855577,0.0
771850,77,185,0,Ir185,184.95669752514914,1.337089468672734e-05,0.0
771851,77,185,1,Ir185m,184.95905502799454,5776226.50466621,0.0
771860,77,186,0,Ir186,185.9579471304825,1.1570966555821736e-05,0.0
771861,77,186,1,Ir186m,185.9579482040266,0.00010028171015045505,0.0
771870,77,187,0,Ir187,186.95754240435647,1.833722699894035e-05,0.0
771871,77,187,1,Ir187m,186.95774208355925,22.876144572935488,0.0
771872,77,187,2,Ir187n,186.95800832249626,4560178.819473324,0.0
771873,77,187,3,Ir187p,186.96021338207933,385081.7669777474,0.0
771880,77,188,0,Ir188,187.95883495145387,4.639539361177679e-06,0.0
771881,77,188,1,Ir188m,187.95986984796707,167.02341700239646,0.0
771890,77,189,0,Ir189,188.95872222932329,6.077679403057882e-07,0.0
771891,77,189,1,Ir189m,188.9591215877288,52.11632936540941,0.0
771892,77,189,2,Ir189n,188.96122680771052,187.33707582701223,0.0
771900,77,190,0,Ir190,189.96054338953593,6.810302896465538e-07,0.0
771901,77,190,1,Ir190m,189.96057140903696,0.00017191150311506576,0.0
771902,77,190,2,Ir190n,189.9605822518324,346573.59027997265,0.0
771903,77,190,3,Ir190p,189.9609474715355,6.237152040455902e-05,0.0
771910,77,191,0,Ir191,190.96059148431164,0.0,0.373
771911,77,191,1,Ir191m,190.96077538241613,0.1414874832741264,0.0
771912,77,191,2,Ir191n,190.9628470004675,0.12160476851928864,0.0
771920,77,192,0,Ir192,191.96260244712133,1.0867700910371722e-07,0.0
771921,77,192,1,Ir192m,191.96266331707184,0.007967208971953394,0.0
771922,77,192,2,Ir192n,191.96278290988465,9.114098669260454e-11,0.0
771930,77,193,0,Ir193,192.9629237588707,0.0,0.627
771931,77,193,1,Ir193m,192.96300985710758,7.61874341124065e-07,0.0
771932,77,193,2,Ir193n,192.96537025852206,5554.063946794434,0.0
771940,77,194,0,Ir194,193.96507567802078,9.950433255238951e-06,0.0
771941,77,194,1,Ir194m,193.96523359635802,21.762862811929207,0.0
771942,77,194,2,Ir194n,193.9654748217175,4.6915419953429263e-08,0.0
771950,77,195,0,Ir195,194.96597691829342,8.407898842308895e-05,0.0
771951,77,195,1,Ir195m,194.96608459476676,5.148151964943147e-05,0.0
771952,77,195,2,Ir195n,194.96850436317,157533.4501272603,0.0
771960,77,196,0,Ir196,195.96839486167173,0.01332975347230664,0.0
771961,77,196,1,Ir196m,195.9686235265652,0.00013752920249205264,0.0
771970,77,197,0,Ir197,196.9696573495343,0.0019918022429883486,0.0
771971,77,197,1,Ir197m,196.96978080710588,0.0012980284280148789,0.0
771972,77,197,2,Ir197n,196.9714866686821,23104.906018664846,0.0
771973,77,197,3,Ir197p,196.972667567193,46209.81203732969,0.0
771980,77,198,0,Ir198,197.9723991811678,0.07967208971953395,0.0
771990,77,199,0,Ir199,198.9738055239399,0.09902102579427789,0.0
772000,77,200,0,Ir200,199.97684365374522,0.0161197018734871,0.0
772010,77,201,0,Ir201,200.97870088503964,0.033007008598092635,0.0
772020,77,202,0,Ir202,201.98213622616228,0.06301338005090412,0.0
772021,77,202,1,Ir202m,201.98492744082444,203866.81781174862,0.0
772030,77,203,0,Ir203,202.98457317127114,0.09902102579427789,0.0
772031,77,203,1,Ir203m,202.98478788009132,6931471.805599452,0.0
772032,77,203,2,Ir203n,202.9868705556469,868605.4894234904,0.0
772040,77,204,0,Ir204,203.9897261829551,0.34657359027997264,0.0
772050,77,205,0,Ir205,204.9939881530354,0.6931471805599453,0.0
780000,78,0,0,Pt,195.0844293395177,0.0,
781650,78,165,0,Pt165,164.99965646588774,1873.3707582701225,0.0
781660,78,166,0,Pt166,165.99486845919805,2357.643471292331,0.0
781670,78,167,0,Pt167,166.99275357731943,757.5379022513064,0.0
781680,78,168,0,Pt168,167.98818027944992,343.1421685940323,0.0
781690,78,169,0,Pt169,168.98662364050372,99.16268677538558,0.0
781700,78,170,0,Pt170,169.98250230470066,49.75930944436075,0.0
781710,78,171,0,Pt171,170.9812451845586,15.234003968350446,0.0
781711,78,171,1,Pt171m,170.98168533763993,769308.7464594287,0.0
781720,78,172,0,Pt172,171.9773407046639,7.101917833605997,0.0
781730,78,173,0,Pt173,172.9764464424279,1.8145214150783908,0.0
781740,78,174,0,Pt174,173.9728200104553,0.8041150586542288,0.0
781750,78,175,0,Pt175,174.97240025471189,0.28524575331684987,0.0
781760,78,176,0,Pt176,175.96893807498674,0.10950192425907508,0.0
781770,78,177,0,Pt177,176.9684700097588,0.06931471805599453,0.0
781771,78,177,1,Pt177m,176.9686278207416,294956.24704678525,0.0
781780,78,178,0,Pt178,177.9656498094059,0.033485371041543255,0.0
781790,78,179,0,Pt179,178.9653588789546,0.032695621724525725,0.0
781800,78,180,0,Pt180,179.9630378766086,0.012377628224284737,0.0
781810,78,181,0,Pt181,180.96309048026956,0.01332975347230664,0.0
781811,78,181,1,Pt181m,180.96321608492934,2310490.601866484,0.0
781820,78,182,0,Pt182,181.96117205696137,0.004326761426716263,0.0
781830,78,183,0,Pt183,182.9615961068812,0.0017773004629742187,0.0
781831,78,183,1,Pt183m,182.96163368092473,0.0161197018734871,0.0
781832,78,183,2,Pt183n,182.96180652152495,4620981.203732968,0.0
781840,78,184,0,Pt184,183.95992245162802,0.000667771850250429,0.0
781841,78,184,1,Pt184m,183.96189777277354,686.2843371880646,0.0
781850,78,185,0,Pt185,184.96061381402893,0.00016294009886223443,0.0
781851,78,185,1,Pt185m,184.96072438907134,0.000350074333616134,0.0
781852,78,185,2,Pt185n,184.9608295963932,952125.2480219027,0.0
781860,78,186,0,Pt186,185.95935132616637,9.256773244657389e-05,0.0
781870,78,187,0,Pt187,186.96061703466125,8.193229084632923e-05,0.0
781871,78,187,1,Pt187m,186.9608038313348,2228.769069324583,0.0
781880,78,188,0,Pt188,187.9593974885627,7.89619764964213e-07,0.0
781890,78,189,0,Pt189,188.96084892018703,1.7713052758866023e-05,0.0
781891,78,189,1,Pt189m,188.96103464331648,1493851.6822412612,0.0
781892,78,189,2,Pt189n,188.96105396711027,4847.183080838778,0.0
781900,78,190,0,Pt190,189.9599498270026,4.5476144498794403e-20,0.00012
781910,78,191,0,Pt191,190.96167662268877,2.8348186614969625e-06,0.0
781911,78,191,1,Pt191m,190.96178505064296,693147.1805599453,0.0
781912,78,191,2,Pt191n,190.96183658075978,7296.286111157319,0.0
781920,78,192,0,Pt192,191.96104269489723,0.0,0.00782
781921,78,192,1,Pt192m,191.96337486210186,2548335.2226468576,0.0
781930,78,193,0,Pt193,192.9629845214668,4.392995558583539e-10,0.0
781931,78,193,1,Pt193m,192.9631453383731,1.8527798642116406e-06,0.0
781940,78,194,0,Pt194,193.96268349970092,0.0,0.32864
781950,78,195,0,Pt195,194.96479430211195,0.0,0.33775
781951,78,195,1,Pt195m,194.9650724573885,2.0006326214554623e-06,0.0
781960,78,196,0,Pt196,195.96495468960063,0.0,0.25211
781970,78,197,0,Pt197,196.96734300316174,9.67955576446591e-06,0.0
781971,78,197,1,Pt197m,196.96777199138444,0.00012108220322117622,0.0
781980,78,198,0,Pt198,197.96789673720895,0.0,0.07356
781990,78,199,0,Pt199,198.97059702268575,0.00037507964316014353,0.0
781991,78,199,1,Pt199m,198.9710522053845,0.0514204139881265,0.0
782000,78,200,0,Pt200,199.97144480046217,1.528102249911696e-05,0.0
782010,78,201,0,Pt201,200.97451406304643,0.0046209812037329686,0.0
782011,78,201,1,Pt201m,200.9754265755321,0.06931471805599453,0.0
782020,78,202,0,Pt202,201.9756391372641,4.375929170201675e-06,0.0
782021,78,202,1,Pt202m,201.97755863411635,4915.937450779755,0.0
782030,78,203,0,Pt203,202.9790551545929,0.03150669002545206,0.0
782031,78,203,1,Pt203m,202.98052591001104,0.057762265046662105,0.0
782032,78,203,2,Pt203n,202.98057958721608,6931471.805599452,0.0
782033,78,203,3,Pt203p,202.981771221168,1081352.855787746,0.0
782040,78,204,0,Pt204,203.98108415294348,0.06729584277281021,0.0
782041,78,204,1,Pt204m,203.9832205057041,126026.76010180824,0.0
782042,78,204,2,Pt204n,203.98326344746815,12602.676010180825,0.0
782043,78,204,3,Pt204p,203.9845087586251,4747583.428492775,0.0
782050,78,205,0,Pt205,204.98623716462743,0.34657359027997264,0.0
782060,78,206,0,Pt206,205.99008045250838,1.3862943611198906,0.0
782070,78,207,0,Pt207,206.9955555274226,1.1552453009332422,0.0
782080,78,208,0,Pt208,207.99946322794958,3.150669002545206,0.0
790000,79,0,0,Au,196.96657005140915,0.0,
791680,79,168,0,Au168,168.0027160665751,inf,0.0
791690,79,169,0,Au169,168.99807835605952,4620.981203732969,0.0
791700,79,170,0,Au170,169.99602788682694,2390.1626915860184,0.0
791701,79,170,1,Au170m,169.9963284791752,1117.9793234837828,0.0
791710,79,171,0,Au171,170.99188185950956,31082.833208966156,0.0
791711,79,171,1,Au171m,170.99215453971118,669.0609850964722,0.0
791720,79,172,0,Au172,171.9899945689803,24.755256448569472,0.0
791721,79,172,1,Au172m,171.99016633603645,63.01338005090412,0.0
791730,79,173,0,Au173,172.98622428209822,27.182242374899815,0.0
791731,79,173,1,Au173m,172.9864540205358,56.815342668847975,0.0
791740,79,174,0,Au174,173.98490596994242,4.986670363740613,0.0
791741,79,174,1,Au174m,173.9850455306755,4.278686299752748,0.0
791750,79,175,0,Au175,174.98132033264565,3.465735902799726,0.0
791751,79,175,1,Au175m,174.9814920997018,5.096670445293715,0.0
791760,79,176,0,Au176,175.98011796325272,0.6601401719618526,0.0
791761,79,176,1,Au176m,175.98026825942685,0.5096670445293715,0.0
791770,79,177,0,Au177,176.97686941880363,0.4617902601998303,0.0
791771,79,177,1,Au177m,176.9770733921828,0.5810118864710354,0.0
791780,79,178,0,Au178,177.9760567459193,0.20386681781174862,0.0
791781,79,178,1,Au178m,177.97611042312434,2310490.601866484,0.0
791782,79,178,2,Au178n,177.97625642512207,0.2567211779851649,0.0
791783,79,178,3,Au178p,177.9763176171358,1777300.4629742187,0.0
791784,79,178,4,Au178q,177.9764485895161,inf,0.0
791790,79,179,0,Au179,178.97317320646448,0.09762636345914723,0.0
791791,79,179,1,Au179m,178.97326875188946,2119716.1485013617,0.0
791793,79,179,3,Au179p,178.9733159878299,inf,0.0
791800,79,180,0,Au180,179.97248935887228,0.08774014943796775,0.0
791810,79,181,0,Au181,180.9700792523659,0.05059468471240477,0.0
791813,79,181,3,Au181p,180.9703057701712,inf,0.0
791820,79,182,0,Au182,181.96961440777025,0.04471917293935131,0.0
791821,79,182,1,Au182m,181.96974752723875,0.06931471805599453,0.0
791830,79,183,0,Au183,182.967588630052,0.016195027583176293,0.0
791831,79,183,1,Au183m,182.96766699877136,693147.1805599453,0.0
791833,79,183,3,Au183p,182.96783661873928,693147.1805599453,0.0
791840,79,184,0,Au184,183.96745121640708,0.03364792138640511,0.0
791841,79,184,1,Au184m,183.96752421740595,0.014561915557982044,0.0
791850,79,185,0,Au185,184.9657989246815,0.0027182242374899817,0.0
791851,79,185,1,Au185m,184.96585056215278,0.0016988901484312384,0.0
791860,79,186,0,Au186,185.96595254884235,0.001079668505545086,0.0
791861,79,186,1,Au186m,185.96600085832688,693147.1805599453,0.0
791862,79,186,2,Au186n,185.96619731689734,6301338.005090412,0.0
791870,79,187,0,Au187,186.96454191189386,0.0013918618083533037,0.0
791871,79,187,1,Au187m,186.96467073718597,0.3013683393738893,0.0
791880,79,188,0,Au188,187.965247981849,0.0013068385757163373,0.0
791890,79,189,0,Au189,188.9639482420061,0.00040252449509869064,0.0
791891,79,189,1,Au189m,188.964213407399,0.002516874293972205,0.0
791892,79,189,2,Au189n,188.96429714383888,3648143.0555786593,0.0
791893,79,189,3,Au189p,188.96669114718372,2864244.547768369,0.0
791900,79,190,0,Au190,189.96475125299352,0.0002699171263862715,0.0
791901,79,190,1,Au190m,189.9649702559901,5.545177444479562,0.0
791910,79,191,0,Au191,190.96371635648032,6.05474476380106e-05,0.0
791911,79,191,1,Au191m,190.96400191921114,0.7534208484347231,0.0
791912,79,191,2,Au191n,190.96638948129137,1724246.7178108091,0.0
791920,79,192,0,Au192,191.96481781272777,3.897588734592585e-05,0.0
791921,79,192,1,Au192m,191.96496274118138,23.90162691586018,0.0
791922,79,192,2,Au192n,191.96528158377933,4.332169878499658,0.0
791930,79,193,0,Au193,192.96413825931197,1.0908831925715225e-05,0.0
791931,79,193,1,Au193m,192.9644495871012,0.17773004629742187,0.0
791932,79,193,2,Au193n,192.9668081634907,4620981.203732968,0.0
791940,79,194,0,Au194,193.96541910477865,5.064199986556383e-06,0.0
791941,79,194,1,Au194m,193.96553440341506,1.1552453009332422,0.0
791942,79,194,2,Au194n,193.9659298970618,1.6503504299046317,0.0
791950,79,195,0,Au195,194.96503778191402,4.3129599548607084e-08,0.0
791951,79,195,1,Au195m,194.96537981306454,0.02272613706753919,0.0
791952,79,195,2,Au195n,194.9677228230646,53774.024868886365,0.0
791960,79,196,0,Au196,195.96657123230764,1.3013036191462132e-06,0.0
791961,79,196,1,Au196m,195.966662161493,0.08557372599505497,0.0
791962,79,196,2,Au196n,195.96721074252852,2.005007638122188e-05,0.0
791970,79,197,0,Au197,196.96657005140915,0.0,1.0
791971,79,197,1,Au197m,196.9670092383008,0.08966975168951426,0.0
791972,79,197,2,Au197n,196.96928880184447,4620981.203732968,0.0
791980,79,198,0,Au198,197.96824370666232,2.9772202639448695e-06,0.0
791981,79,198,1,Au198m,197.96857886713062,5589896.617418914,0.0
791982,79,198,2,Au198n,197.9691153171178,3.5310461320582765e-06,0.0
791990,79,199,0,Au199,198.96876652263944,2.5557619662428812e-06,0.0
791991,79,199,1,Au199m,198.96935579099636,1575.3345012726031,0.0
792000,79,200,0,Au200,199.97075665869355,0.00023868704564736408,0.0
792001,79,200,1,Au200m,199.97183771760308,1.0296303929886293e-05,0.0
792010,79,201,0,Au201,200.97165736219412,0.0004443251157435547,0.0
792011,79,201,1,Au201m,200.97229504739002,949.5166856985552,0.0
792012,79,201,2,Au201n,200.97338576819647,123776.28224284737,0.0
792020,79,202,0,Au202,201.9738559805126,0.024406590864786807,0.0
792030,79,203,0,Au203,202.97515496887462,0.011552453009332421,0.0
792031,79,203,1,Au203m,202.97584311064324,4951.051289713895,0.0
792040,79,204,0,Au204,203.97811043578417,0.01809783761253121,0.0
792041,79,204,1,Au204m,203.98221137424935,330070.08598092635,0.0
792050,79,205,0,Au205,204.98006428604768,0.02166084939249829,0.0
792051,79,205,1,Au205m,204.98104121117944,0.11552453009332421,0.0
792052,79,205,2,Au205n,204.98312388673503,4252436.690551811,0.0
792060,79,206,0,Au206,205.9847664092093,0.014747812352339261,0.0
792070,79,207,0,Au207,206.98857749076723,0.23104906018664842,0.0
792080,79,208,0,Au208,207.99365535436414,0.03465735902799726,0.0
792090,79,209,0,Au209,208.99760599665515,0.6931471805599453,0.0
792100,79,210,0,Au210,210.0028770981902,0.06931471805599453,0.0
800000,80,0,0,Hg,200.59256064209487,0.0,
801700,80,170,0,Hg170,170.00581860902648,2235.9586469675655,0.0
801710,80,171,0,Hg171,171.00358563729677,9902.10257942779,0.0
801720,80,172,0,Hg172,171.99886204325313,3000.6371452811486,0.0
801730,80,173,0,Hg173,172.9971443726918,866.4339756999317,0.0
801740,80,174,0,Hg174,173.99287059362644,346.5735902799726,0.0
801750,80,175,0,Hg175,174.99144385351642,67.95560593724954,0.0
801751,80,175,1,Hg175m,174.99196989012583,2038668.178117486,0.0
801760,80,176,0,Hg176,175.9873482827718,34.14518130837168,0.0
801770,80,177,0,Hg177,176.98628010639146,5.924334876580729,0.0
801771,80,177,1,Hg177m,176.98662364050372,462098.12037329684,0.0
801780,80,178,0,Hg178,177.98248512799503,2.6009275067915394,0.0
801790,80,179,0,Hg179,178.98182167774073,0.6601401719618526,0.0
801791,80,179,1,Hg179m,178.98200525378198,108304.24696249145,0.0
801800,80,180,0,Hg180,179.9782596584142,0.26762439403858895,0.0
801810,80,181,0,Hg181,180.97781950533286,0.1925408834888737,0.0
801811,80,181,1,Hg181m,180.97804602313815,1444.0566261665529,0.0
801820,80,182,0,Hg182,181.97468905073487,0.06400250974699402,0.0
801830,80,183,0,Hg183,182.97444428267988,0.0737390617616963,0.0
801831,80,183,1,Hg183m,182.97466328567643,138629.43611198908,0.0
801840,80,184,0,Hg184,183.97171748066378,0.022453747345641244,0.0
801850,80,185,0,Hg185,184.971890321264,0.01411705052056915,0.0
801851,80,185,1,Hg185m,184.97200196985048,0.032090147248145615,0.0
801860,80,186,0,Hg186,185.96936212490655,0.008371342760385814,0.0
801861,80,186,1,Hg186m,185.9717421721781,8453.014397072504,0.0
801870,80,187,0,Hg187,186.9698130134289,0.006080238425964432,0.0
801871,80,187,1,Hg187m,186.96987635253086,0.004813522087221842,0.0
801880,80,188,0,Hg188,187.9675811152433,0.0035546009259484375,0.0
801881,80,188,1,Hg188m,187.97050544937395,4881318.172957361,0.0
801890,80,189,0,Hg189,188.96819088829255,0.001520059606491108,0.0
801891,80,189,1,Hg189m,188.96827891890882,0.0013433084894572582,0.0
801900,80,190,0,Hg190,189.96632184801302,0.0005776226504666211,0.0
801910,80,191,0,Hg191,190.96715813886757,0.0002357643471292331,0.0
801911,80,191,1,Hg191m,190.9672998466889,0.00022741049230969333,0.0
801920,80,192,0,Hg192,191.9656347797885,3.969915123481932e-05,0.0
801930,80,193,0,Hg193,192.96665357314018,5.06686535497036e-05,0.0
801931,80,193,1,Hg193m,192.9668049428584,1.631702402448082e-05,0.0
801940,80,194,0,Hg194,193.96544905665905,4.91386527805765e-11,0.0
801950,80,195,0,Hg195,194.96670617680113,1.8011308090633647e-05,0.0
801951,80,195,1,Hg195m,194.96689512056287,4.628386622328694e-06,0.0
801960,80,196,0,Hg196,195.96583349280158,0.0,0.0015
801970,80,197,0,Hg197,196.96721396316082,2.965360903879157e-06,0.0
801971,80,197,1,Hg197m,196.96753495284696,8.083160515905696e-06,0.0
801980,80,198,0,Hg198,197.96676919383984,0.0,0.10039999999999999
801990,80,199,0,Hg199,198.96828095864262,0.0,0.16940000000000002
801991,80,199,1,Hg199m,198.9688526208763,0.0002707394658854563,0.0
802000,80,200,0,Hg200,199.96832690633013,0.0,0.2314
802010,80,201,0,Hg201,200.97030308631093,0.0,0.1317
802011,80,201,1,Hg201m,200.971125635801,7373.906176169631,0.0
802020,80,202,0,Hg202,201.97064361449972,0.0,0.2974
802030,80,203,0,Hg203,202.97287239940744,1.7212050658735042e-07,0.0
802031,80,203,1,Hg203m,202.9738741234079,31364.125817192093,0.0
802032,80,203,2,Hg203n,202.98176274016961,4747583.428492775,0.0
802040,80,204,0,Hg204,203.97349408879623,0.0,0.0682
802042,80,204,2,Hg204n,203.9812516258232,1429169.4444534953,0.0
802050,80,205,0,Hg205,204.97607284908082,0.0022475589512319888,0.0
802051,80,205,1,Hg205m,204.9777432837017,635.9148445504085,0.0
802052,80,205,2,Hg205n,204.97963379486325,117682.0340509245,0.0
802060,80,206,0,Hg206,205.97751354526412,0.0013885159866986081,0.0
802061,80,206,1,Hg206m,205.97977013496407,331967.0404980581,0.0
802062,80,206,2,Hg206n,205.9815092764074,6539124.344905144,0.0
802070,80,207,0,Hg207,206.9823004784097,0.003983604485976697,0.0
802080,80,208,0,Hg208,207.98575406978205,0.005134423559703298,0.0
802081,80,208,1,Hg208m,207.98719261887717,7001486.672322679,0.0
802090,80,209,0,Hg209,208.9907567852919,0.11002336199364211,0.0
802100,80,210,0,Hg210,209.99431021626563,0.010830424696249145,0.0
802101,80,210,1,Hg210m,209.99501875537217,330070.08598092635,0.0
802102,80,210,2,Hg210n,209.9958239134478,346573.59027997265,0.0
802110,80,211,0,Hg211,210.99958131780068,0.02625557502121005,0.0
802120,80,212,0,Hg212,212.00324210318448,0.023104906018664842,0.0
802130,80,213,0,Hg213,213.00880306162676,0.046209812037329684,0.0
802140,80,214,0,Hg214,214.0126356140667,0.08664339756999316,0.0
802150,80,215,0,Hg215,215.01836833956511,1.1552453009332422,0.0
802160,80,216,0,Hg216,216.02245854258925,0.34657359027997264,0.0
810000,81,0,0,Tl,204.38351246056456,0.0,
811760,81,176,0,Tl176,176.00062265557847,111.79793234837825,0.0
811770,81,177,0,Tl177,176.99641436270323,38.508176697774736,0.0
811771,81,177,1,Tl177m,176.99728071279262,3013.683393738893,0.0
811780,81,178,0,Tl178,177.9950509616952,2.7182242374899817,0.0
811790,81,179,0,Tl179,178.99112179028617,1.586149154599417,0.0
811791,81,179,1,Tl179m,178.99200209644886,491.59374507797537,0.0
811792,81,179,2,Tl179n,178.99208797997693,5824766.2231928175,0.0
811800,81,180,0,Tl180,179.98991942089324,0.6359148445504085,0.0
811810,81,181,0,Tl181,180.98625970905354,0.23901626915860183,0.0
811811,81,181,1,Tl181m,180.98715719192182,495.1051289713895,0.0
811820,81,182,0,Tl182,181.98569287776832,0.364814305557866,0.0
811821,81,182,1,Tl182m,181.98574333434104,0.22359586469675655,0.0
811823,81,182,3,Tl182p,181.98622642918642,inf,0.0
811830,81,183,0,Tl183,182.98219312399962,0.10045611312462975,0.0
811831,81,183,1,Tl183m,182.98286730969494,13.004637533957698,0.0
811832,81,183,2,Tl183n,182.98323982949793,468342.6895675306,0.0
811840,81,184,0,Tl184,183.98187535494577,0.07296286111157319,0.0
811841,81,184,1,Tl184m,183.98182489837305,0.06539124344905145,0.0
811842,81,184,2,Tl184n,183.98236167042344,14.71650064883111,0.0
811850,81,185,0,Tl185,184.9787889156559,0.035546009259484375,0.0
811851,81,185,1,Tl185m,184.97927737822178,0.359143616870438,0.0
811860,81,186,0,Tl186,185.9786547226433,0.19804205158855578,0.0
811861,81,186,1,Tl186m,185.97867941415763,0.025205352020361647,0.0
811862,81,186,2,Tl186n,185.97907662547493,0.20386681781174862,0.0
811870,81,187,0,Tl187,186.975904302657,0.013591121187449907,0.0
811871,81,187,1,Tl187m,186.97626286638666,0.04443251157435547,0.0
811872,81,187,2,Tl187n,186.97791719784604,624456.9194233741,0.0
811873,81,187,3,Tl187p,186.97867619352533,1000212.3817603827,0.0
811880,81,188,0,Tl188,187.97602131896397,0.009762636345914722,0.0
811881,81,188,1,Tl188m,187.9760513781988,0.009694366161677556,0.0
811882,81,188,2,Tl188n,187.97633908801782,16.906028794145005,0.0
811890,81,189,0,Tl189,188.9735736384141,0.0050228056562314875,0.0
811891,81,189,1,Tl189m,188.97387959848282,0.008251752149523159,0.0
811900,81,190,0,Tl190,189.9738420244393,0.004443251157435547,0.0
811901,81,190,1,Tl190m,189.97391717252637,0.0032090147248145617,0.0
811903,81,190,3,Tl190p,189.97417911728698,11.552453009332423,0.0
811910,81,191,0,Tl191,190.97178404039803,0.0005776226504666211,0.0
811911,81,191,1,Tl191m,190.97210288299598,0.002213113603320387,0.0
811920,81,192,0,Tl192,191.97222741411167,0.0012033805218054606,0.0
811921,81,192,1,Tl192m,191.97244212293182,0.0010696715749381872,0.0
811922,81,192,2,Tl192n,191.97271050895705,2341713.447837653,0.0
811923,81,192,3,Tl192p,191.97241528432932,inf,0.0
811930,81,193,0,Tl193,192.97050222874165,0.0005348357874690936,0.0
811931,81,193,1,Tl193m,192.97090158714715,0.005475096212953754,0.0
811940,81,194,0,Tl194,193.97108194255608,0.000350074333616134,0.0
811941,81,194,1,Tl194m,193.9713610640223,0.00035220893321135434,0.0
811950,81,195,0,Tl195,194.9697743658413,0.00016598352024902905,0.0
811951,81,195,1,Tl195m,194.970292887642,0.1925408834888737,0.0
811960,81,196,0,Tl196,195.97048075785963,0.00010464178450482265,0.0
811961,81,196,1,Tl196m,195.97090373423535,0.00013655381807721538,0.0
811970,81,197,0,Tl197,196.9695607305652,6.77960857355189e-05,0.0
811971,81,197,1,Tl197m,196.97021344537853,1.2836058899258245,0.0
811980,81,198,0,Tl198,197.9704464044484,3.6328468582806354e-05,0.0
811981,81,198,1,Tl198m,197.97103041243923,0.00010296303929886293,0.0
811982,81,198,2,Tl198n,197.97118392924565,4620981.203732968,0.0
811983,81,198,3,Tl198p,197.97124297417122,21.59337011090172,0.0
811990,81,199,0,Tl199,198.96987742607496,2.5948906130575968e-05,0.0
811991,81,199,1,Tl199m,198.97068151060648,24.406590864786807,0.0
812000,81,200,0,Tl200,199.97096385270498,7.377045344401291e-06,0.0
812001,81,200,1,Tl200m,199.97177330495703,20.38668178117486,0.0
812002,81,200,2,Tl200n,199.97178189330984,1745962.6714356304,0.0
812010,81,201,0,Tl201,200.97081999779547,2.637170642660137e-06,0.0
812011,81,201,1,Tl201m,200.97180658482415,344.8493435621619,0.0
812020,81,202,0,Tl202,201.97210889484293,6.517089205553537e-07,0.0
812021,81,202,1,Tl202m,201.97312897644753,1172.8378689677586,0.0
812030,81,203,0,Tl203,202.97234410835543,0.0,0.29515
812031,81,203,1,Tl203m,202.97393692573783,693147.1805599453,0.0
812032,81,203,2,Tl203n,202.9761673209617,90019.11435843447,0.0
812040,81,204,0,Tl204,203.9738633879669,5.806232564873829e-09,0.0
812041,81,204,1,Tl204m,203.97504868800863,11234.152035007217,0.0
812042,81,204,2,Tl204n,203.97635293673673,266595.0694461328,0.0
812043,81,204,3,Tl204p,203.9785779642401,1650350.4299046316,0.0
812044,81,204,4,Tl204q,203.9805616590296,7701635.339554947,0.0
812050,81,205,0,Tl205,204.97442732068308,0.0,0.70485
812051,81,205,1,Tl205m,204.97795992490126,266595.0694461328,0.0
812052,81,205,2,Tl205n,204.97961855053703,2949562.470467852,0.0
812060,81,206,0,Tl206,205.97611010106112,0.002749274871330895,0.0
812061,81,206,1,Tl206m,205.978947585474,0.003088891178965888,0.0
812070,81,207,0,Tl207,206.97741907338326,0.002421897905520424,0.0
812071,81,207,1,Tl207m,206.97886621083117,0.5211632936540942,0.0
812080,81,208,0,Tl208,207.9820180289568,0.0037839675759359388,0.0
812081,81,208,1,Tl208m,207.98395792314696,533190.1388922656,0.0
812090,81,209,0,Tl209,208.98535149074425,0.005343410272586689,0.0
812091,81,209,1,Tl209m,208.98666980290005,4747583.428492775,0.0
812100,81,210,0,Tl210,209.99007293769967,0.008886502314871094,0.0
812101,81,210,1,Tl210m,209.99135796998837,0.011552453009332421,0.0
812110,81,211,0,Tl211,210.99347285186698,0.008557372599505498,0.0
812111,81,211,1,Tl211m,210.99480404655202,1195081.345793009,0.0
812120,81,212,0,Tl212,211.9983360066437,0.022359586469675653,0.0
812130,81,213,0,Tl213,213.00191520267586,0.02912383111596409,0.0
812131,81,213,1,Tl213m,213.00264091848803,169060.28794145008,0.0
812132,81,213,2,Tl213n,213.00325283862549,1155245.3009332423,0.0
812140,81,214,0,Tl214,214.00694583033234,0.06301338005090412,0.0
812150,81,215,0,Tl215,215.01076764733128,0.07145847222267478,0.0
812160,81,216,0,Tl216,216.01596360077926,0.11748257297626191,0.0
812170,81,217,0,Tl217,217.02003233292137,0.34657359027997264,0.0
812180,81,218,0,Tl218,218.02545373063055,0.6931471805599453,0.0
820000,82,0,0,Pb,207.2169075783621,0.0,
821780,82,178,0,Pb178,178.00383577307224,2772.588722239781,0.0
821790,82,179,0,Pb179,179.00220076540668,256.7211779851649,0.0
821800,82,180,0,Pb180,179.9979162509003,169.0602879414501,0.0
821810,82,181,0,Pb181,180.99666127784644,17.773004629742186,0.0
821820,82,182,0,Pb182,181.99267306151188,12.602676010180824,0.0
821830,82,183,0,Pb183,182.99186253571574,1.2956022066541033,0.0
821831,82,183,1,Pb183m,182.9919634488612,1.6702341700239645,0.0
821840,82,184,0,Pb184,183.9881351905977,1.4145860827753987,0.0
821850,82,185,0,Pb185,184.98761022753237,0.11002336199364211,0.0
821851,82,185,1,Pb185m,184.98768644916353,0.1703064325700111,0.0
821860,82,186,0,Pb186,185.9842392990558,0.14380646899583927,0.0
821870,82,187,0,Pb187,186.98391079456093,0.04560178819473325,0.0
821871,82,187,1,Pb187m,186.98393119189885,0.03787689511256531,0.0
821880,82,188,0,Pb188,187.9808791060202,0.027615425520316542,0.0
821881,82,188,1,Pb188m,187.98364562916802,866433.9756999315,0.0
821882,82,188,2,Pb188n,187.98378841053344,7373906.17616963,0.0
821883,82,188,3,Pb188p,187.98601386745446,1575334.501272603,0.0
821890,82,189,0,Pb189,188.9808436790649,0.017773004629742187,0.0
821891,82,189,1,Pb189m,188.98088662082893,0.013725686743761293,0.0
821892,82,189,2,Pb189n,188.98350070071442,26659.50694461328,0.0
821900,82,190,0,Pb190,189.97808145009347,0.009762636345914722,0.0
821901,82,190,1,Pb190m,189.98088876791712,4620981.203732968,0.0
821902,82,190,2,Pb190n,189.98094459221036,28524.57533168499,0.0
821903,82,190,3,Pb190p,189.98093493031345,90019.11435843447,0.0
821910,82,191,0,Pb191,190.97821671665017,0.008686054894234902,0.0
821911,82,191,1,Pb191m,190.97827790866393,0.005299290371253404,0.0
821912,82,191,2,Pb191n,190.98107127041425,3850817.6697774734,0.0
821920,82,192,0,Pb192,191.9757894334382,0.0033007008598092634,0.0
821921,82,192,1,Pb192m,191.97856025076243,4175585.4250599113,0.0
821922,82,192,2,Pb192n,191.97860748670286,635914.8445504085,0.0
821923,82,192,3,Pb192p,191.97873416490677,916861.3499470175,0.0
821930,82,193,0,Pb193,192.97613618818278,0.0028881132523331052,0.0
821931,82,193,1,Pb193m,192.97623495424006,0.0019918022429883486,0.0
821932,82,193,2,Pb193n,192.9790422720637,3850817.6697774734,0.0
821940,82,194,0,Pb194,193.97401164440723,0.001079668505545086,0.0
821941,82,194,1,Pb194m,193.9768329183042,1873370.7582701223,0.0
821942,82,194,2,Pb194n,193.97716034925494,5211632.936540942,0.0
821950,82,195,0,Pb195,194.97451621013462,0.0007701635339554948,0.0
821951,82,195,1,Pb195m,194.9747341395871,0.0007701635339554948,0.0
821952,82,195,2,Pb195n,194.97640457420798,69314.71805599454,0.0
821953,82,195,3,Pb195p,194.97763163511522,7296286.111157319,0.0
821960,82,196,0,Pb196,195.9727878041323,0.00031222845971168707,0.0
821962,82,196,2,Pb196n,195.97471803642557,4951051.289713895,0.0
821963,82,196,3,Pb196p,195.975681005484,2567211.779851649,0.0
821970,82,197,0,Pb197,196.9734351512251,0.0014262287665842495,0.0
821971,82,197,1,Pb197m,196.97377761179325,0.0002692879489354877,0.0
821972,82,197,2,Pb197n,196.97548991463407,602736.6787477786,0.0
821980,82,198,0,Pb198,197.9720159259238,8.022536812036404e-05,0.0
821981,82,198,1,Pb198m,197.97431438384368,168239.60693202558,0.0
821982,82,198,2,Pb198n,197.97441100281276,5059468.471240477,0.0
821983,82,198,3,Pb198p,197.97504546737633,3269562.172452572,0.0
821990,82,199,0,Pb199,198.972912335248,0.00012836058899258246,0.0
821991,82,199,1,Pb199m,198.97337288566726,0.000946922377814133,0.0
821992,82,199,2,Pb199n,198.9756649023225,68628.43371880647,0.0
822000,82,200,0,Pb200,199.97181839380926,8.955389929715056e-06,0.0
822001,82,200,1,Pb200m,199.97416194058135,1520059.606491108,0.0
822002,82,200,2,Pb200n,199.97504546737633,3500743.3361613397,0.0
822010,82,201,0,Pb201,200.97287046702806,2.0636750641894285e-05,0.0
822011,82,201,1,Pb201m,200.97354572626747,0.011400447048683312,0.0
822012,82,201,2,Pb201n,200.9760406427578,1364462.95385816,0.0
822020,82,202,0,Pb202,201.9721511924805,4.1838052938890843e-13,0.0
822021,82,202,1,Pb202m,201.9744807831793,5.439008008160274e-05,0.0
822022,82,202,2,Pb202n,201.976596738602,6931471.805599452,0.0
822023,82,202,3,Pb202p,201.97784204975898,6418029.449629123,0.0
822030,82,203,0,Pb203,202.97339113591696,3.708128870828012e-06,0.0
822031,82,203,1,Pb203m,202.97427680980013,0.11161790347181083,0.0
822032,82,203,2,Pb203n,202.9765570174703,1.4440566261665528,0.0
822033,82,203,3,Pb203p,202.97657526772,5681534.266884797,0.0
822040,82,204,0,Pb204,203.97304352233712,0.0,0.013999999999999999
822041,82,204,1,Pb204m,203.97441132487597,2615649.737962058,0.0
822042,82,204,2,Pb204n,203.97539018238712,0.00017260500536877963,0.0
822043,82,204,3,Pb204p,203.97547445559903,1414586.0827753984,0.0
822050,82,205,0,Pb205,204.97448164201458,1.2920575172304527e-15,0.0
822051,82,205,1,Pb205m,204.97448411116602,28642.44547768369,0.0
822052,82,205,2,Pb205n,204.97557000102398,124.89138388467482,0.0
822053,82,205,3,Pb205p,204.97791247425198,3194226.638525093,0.0
822060,82,206,0,Pb206,205.97446521678984,0.0,0.24100000000000002
822061,82,206,1,Pb206m,205.97682722852048,5545.177444479562,0.0
822062,82,206,2,Pb206n,205.9787887009471,3431421.685940323,0.0
822070,82,207,0,Pb207,206.97589678784828,0.0,0.221
822071,82,207,1,Pb207m,206.97765031478258,0.8599840949875251,0.0
822080,82,208,0,Pb208,207.97665202612322,0.0,0.524
822081,82,208,1,Pb208m,207.98190723920558,1295602.2066541032,0.0
822090,82,209,0,Pb209,208.9810899500816,5.951804744632881e-05,0.0
822100,82,210,0,Pb210,209.98418841306543,9.894134140953916e-10,0.0
822101,82,210,1,Pb210m,209.98547086884827,7534208.484347231,0.0
822102,82,210,2,Pb210n,209.98555696708516,3448493.4356216183,0.0
822110,82,211,0,Pb211,210.98873530175004,0.00031945681776113634,0.0
822111,82,211,1,Pb211m,210.99058072405936,4359416.229936763,0.0
822120,82,212,0,Pb212,211.9918959229373,1.8118084453643895e-05,0.0
822121,82,212,1,Pb212m,211.9933291043119,115524.53009332421,0.0
822130,82,213,0,Pb213,212.99656036470097,0.0011325934322874924,0.0
822131,82,213,1,Pb213m,212.99798925189916,2665950.694461328,0.0
822140,82,214,0,Pb214,213.99980354142954,0.00042691991904406584,0.0
822141,82,214,1,Pb214m,214.0013279740527,111797.93234837828,0.0
822150,82,215,0,Pb215,215.00465918139759,0.004881318172957361,0.0
822160,82,216,0,Pb216,216.0080623161972,0.006959309041766519,0.0
822161,82,216,1,Pb216m,216.00968336778945,1732867.951399863,0.0
822170,82,217,0,Pb217,217.0131616506761,0.03483151661105253,0.0
822180,82,218,0,Pb218,218.0167794942959,0.04683426895675306,0.0
822190,82,219,0,Pb219,219.022136479359,0.23104906018664842,0.0
822200,82,220,0,Pb220,220.0259046191529,0.6931471805599453,0.0
830000,83,0,0,Bi,208.9803985876807,0.0,
831840,83,184,0,Bi184,184.00134193012602,105.0223000848402,0.0
831841,83,184,1,Bi184m,184.00150296174115,53.319013889226554,0.0
831850,83,185,0,Bi185,184.99759526121414,346.5735902799726,0.0
831851,83,185,1,Bi185m,184.9976854389186,11950.813457930091,0.0
831860,83,186,0,Bi186,185.9966237038029,46.83426895675306,0.0
831861,83,186,1,Bi186m,185.99680083857953,70.72930413876992,0.0
831870,83,187,0,Bi187,186.99314756800445,18.733707582701225,0.0
831871,83,187,1,Bi187m,186.99326351076732,1873.3707582701225,0.0
831872,83,187,2,Bi187n,186.99341810111784,99021.0257942779,0.0
831880,83,188,0,Bi188,187.99227585019457,11.552453009332423,0.0
831881,83,188,1,Bi188m,187.99234563056112,138629.43611198908,0.0
831882,83,188,2,Bi188n,187.9924422495302,2.6156497379620576,0.0
831890,83,189,0,Bi189,188.9891947786252,1.0074813670929437,0.0
831891,83,189,1,Bi189m,188.98939231073976,138.62943611198907,0.0
831892,83,189,2,Bi189n,188.9895791074133,787667.2506363015,0.0
831900,83,190,0,Bi190,189.98862472670766,0.11002336199364211,0.0
831901,83,190,1,Bi190m,189.98875999326435,0.11179793234837827,0.0
831902,83,190,2,Bi190n,189.98875462554386,3960841.0317711155,0.0
831903,83,190,3,Bi190p,189.9890498501716,533190.1388922656,0.0
831910,83,191,0,Bi191,190.98578734964917,0.05589896617418914,0.0
831911,83,191,1,Bi191m,190.98604714732159,5.545177444479562,0.0
831912,83,191,2,Bi191n,190.98624897361253,1233357.972526593,0.0
831913,83,191,3,Bi191p,190.98780024483824,1732867.951399863,0.0
831920,83,192,0,Bi192,191.98547494831584,0.02003315550751287,0.0
831921,83,192,1,Bi192m,191.98561665613715,0.017503716680806698,0.0
831930,83,193,0,Bi193,192.9829467519584,0.010898540574841907,0.0
831931,83,193,1,Bi193m,192.98327418290916,0.21660849392498288,0.0
831932,83,193,2,Bi193n,192.9835973196835,4530373.729149969,0.0
831933,83,193,3,Bi193p,192.98546958059535,8154.6727124699455,0.0
831934,83,193,4,Bi193q,192.98552862552089,229518.9339602468,0.0
831940,83,194,0,Bi194,193.9827986028725,0.0072962861111573185,0.0
831941,83,194,1,Bi194m,193.9829521196789,0.005545177444479563,0.0
831942,83,194,2,Bi194n,193.98297359056093,0.006027366787477785,0.0
831950,83,195,0,Bi195,194.98064829403853,0.003787689511256532,0.0
831951,83,195,1,Bi195m,194.98107771167886,0.007967208971953394,0.0
831952,83,195,2,Bi195n,194.9832044025426,1128904.2028663603,0.0
831953,83,195,3,Bi195p,194.98345668540628,465199.45004023175,0.0
831960,83,196,0,Bi196,195.98066654428825,0.0022519401577646043,0.0
831961,83,196,1,Bi196m,195.980844752609,1.1552453009332422,0.0
831962,83,196,2,Bi196n,195.98095854828367,0.0028881132523331052,0.0
831970,83,197,0,Bi197,196.97886513728707,0.0012382050385136574,0.0
831971,83,197,1,Bi197m,196.9794362627487,0.002292153374867544,0.0
831973,83,197,3,Bi197p,196.98144486376134,2635540.6104940884,0.0
831974,83,197,4,Bi197q,196.98200954795837,3316493.6868896903,0.0
831980,83,198,0,Bi198,197.97920115659062,0.001121597379546837,0.0
831981,83,198,1,Bi198m,197.97951141083576,0.0009959011214941743,0.0
831982,83,198,2,Bi198n,197.97977764977276,0.09001911435843445,0.0
831990,83,199,0,Bi199,198.97767242979106,0.0004278686299752749,0.0
831991,83,199,1,Bi199m,198.9783884837063,0.0004677106481511102,0.0
831992,83,199,2,Bi199n,198.97977872331685,6931471.805599452,0.0
831993,83,199,3,Bi199p,198.98040782015994,4125876.0747615783,0.0
832000,83,200,0,Bi200,199.9781308331221,0.0003173750826739676,0.0
832001,83,200,1,Bi200m,199.97823926107628,0.00037265977449459423,0.0
832002,83,200,2,Bi200n,199.97859030999726,1.732867951399863,0.0
832010,83,201,0,Bi201,200.97699502346342,0.0001121597379546837,0.0
832011,83,201,1,Bi201m,200.97790324177274,0.0002009122262492595,0.0
832012,83,201,2,Bi201n,200.97911312597435,5874128.648813095,0.0
832013,83,201,3,Bi201p,200.9791549941943,6601401.719618526,0.0
832014,83,201,4,Bi201q,200.97998054960783,5589896.617418914,0.0
832020,83,202,0,Bi202,201.97772288636378,0.0001119423741214382,0.0
832021,83,202,1,Bi202m,201.9783938514268,228008.94097366623,0.0
832022,83,202,2,Bi202n,201.98053235127566,2235958.6469675656,0.0
832030,83,203,0,Bi203,202.97689196322975,1.6372524106196744e-05,0.0
832031,83,203,1,Bi203m,202.97807071465246,2.272613706753919,0.0
832032,83,203,2,Bi203n,202.97908306673952,3572923.6111337384,0.0
832040,83,204,0,Bi204,203.9778356084944,1.7160506549810488e-05,0.0
832041,83,204,1,Bi204m,203.97869981149555,53.319013889226554,0.0
832042,83,204,2,Bi204n,203.98087695893201,647.8011033270517,0.0
832050,83,205,0,Bi205,204.97738471997204,5.380641725041183e-07,0.0
832051,83,205,1,Bi205m,204.97899181549096,87740.14943796775,0.0
832052,83,205,2,Bi205n,204.97960158854022,6931471.805599452,0.0
832053,83,205,3,Bi205p,204.9796810308037,3150669.002545206,0.0
832060,83,206,0,Bi206,205.9784990587487,1.2850451404831656e-06,0.0
832061,83,206,1,Bi206m,205.97856347139472,90019.11435843447,0.0
832062,83,206,2,Bi206n,205.97962091233404,778.8170568089273,0.0
832063,83,206,3,Bi206p,205.9884110914316,4471917.293935131,0.0
832064,83,206,4,Bi206q,205.98941700225407,346573.59027997265,0.0
832070,83,207,0,Bi207,206.9784705024756,7.03554701887178e-10,0.0
832071,83,207,1,Bi207m,206.9807266627579,3808.500992087612,0.0
832080,83,208,0,Bi208,207.97974200810862,5.968743965466765e-14,0.0
832081,83,208,1,Bi208m,207.98142865324542,268.66169789145164,0.0
832090,83,209,0,Bi209,208.9803985876807,1.0927849648217758e-27,1.0
832100,83,210,0,Bi210,209.984120243015,1.6006657645723072e-06,0.0
832101,83,210,1,Bi210m,209.98441149552957,7.225321642407137e-15,0.0
832110,83,211,0,Bi211,210.9872688405083,0.005398342527725431,0.0
832111,83,211,1,Bi211m,210.98861828544307,495105.1289713895,0.0
832120,83,212,0,Bi212,211.99128507634393,0.0001907919572144083,0.0
832121,83,212,1,Bi212m,211.9915512079265,0.00046209812037329687,0.0
832122,83,212,2,Bi212n,211.99287274071463,0.0016503504299046317,0.0
832130,83,213,0,Bi213,212.9943832172645,0.000253343267748518,0.0
832131,83,213,1,Bi213m,212.9958357224329,0.004125876074761579,0.0
832140,83,214,0,Bi214,213.9987106735349,0.0005805252768508755,0.0
832141,83,214,1,Bi214m,213.99929146089346,0.007453195489891885,0.0
832150,83,215,0,Bi215,215.00174880334023,0.001516069948731289,0.0
832151,83,215,1,Bi215m,215.00321633812607,0.0187844764379389,0.0
832160,83,216,0,Bi216,216.00630599804825,0.005227354302865349,0.0
832161,83,216,1,Bi216m,216.00633176310666,0.00175037166808067,0.0
832170,83,217,0,Bi217,217.0093720400002,0.007037027213806551,0.0
832171,83,217,1,Bi217m,217.01097269425452,231049.06018664842,0.0
832180,83,218,0,Bi218,218.0141879588365,0.02100446001696804,0.0
832190,83,219,0,Bi219,219.01752023972546,0.07967208971953395,0.0
832200,83,220,0,Bi220,220.02250148435328,0.07296286111157319,0.0
832210,83,221,0,Bi221,221.02597976723996,0.34657359027997264,0.0
832220,83,222,0,Bi222,222.03107910171886,0.23104906018664842,0.0
832230,83,223,0,Bi223,223.03461106181058,0.6931471805599453,0.0
832240,83,224,0,Bi224,224.03979627981758,0.6931471805599453,0.0
841860,84,186,0,Po186,186.0044036779016,20386.681781174862,0.0
841870,84,187,0,Po187,187.00302739436432,495.1051289713895,0.0
841871,84,187,1,Po187m,187.00303812980533,1386.2943611198905,0.0
841880,84,188,0,Po188,187.99941599200915,2567.211779851649,0.0
841890,84,189,0,Po189,188.99847342028863,198.04205158855578,0.0
841900,84,190,0,Po190,189.99510141826795,282.9172165550797,0.0
841910,84,191,0,Po191,190.9945582049529,31.50669002545206,0.0
841911,84,191,1,Po191m,190.99462369114306,7.453195489891885,0.0
841920,84,192,0,Po192,191.99134079328275,21.5263099552778,0.0
841921,84,192,1,Po192m,191.99380457699414,1195081.345793009,0.0
841930,84,193,0,Po193,192.99106274536064,1.7372109788469805,0.0
841931,84,193,1,Po193m,192.99117009977073,2.8291721655507973,0.0
841940,84,194,0,Po194,193.9881856471704,1.7682326034692482,0.0
841941,84,194,1,Po194m,193.99066875467562,53732.33957829033,0.0
841950,84,195,0,Po195,194.98806541023114,0.14938516822412615,0.0
841951,84,195,1,Po195m,194.98822536830215,0.3610141565416382,0.0
841960,84,196,0,Po196,195.985540434506,0.12311672834102048,0.0
841961,84,196,1,Po196m,195.98821785349344,809751.3791588146,0.0
841970,84,197,0,Po197,196.98562202385764,0.012931850383581068,0.0
841971,84,197,1,Po197m,196.9858324385014,0.026866169789145165,0.0
841980,84,198,0,Po198,197.98338905212793,0.006563893755302513,0.0
841981,84,198,1,Po198m,197.98614376629067,3465735.902799726,0.0
841982,84,198,2,Po198n,197.9863337835965,924196.2407465937,0.0
841990,84,199,0,Po199,198.98364026144753,0.0021119658152344463,0.0
841991,84,199,1,Po199m,198.98397520720698,0.002770372424300341,0.0
842000,84,200,0,Po200,199.98181201584381,0.001003688358760419,0.0
842001,84,200,1,Po200m,199.98459893632958,6931471.805599452,0.0
842002,84,200,2,Po200n,199.98483618957584,2586370.0767162135,0.0
842010,84,201,0,Po201,200.98226397791026,0.0007405418595725911,0.0
842011,84,201,1,Po201m,200.98271916060904,0.0012893362733629934,0.0
842020,84,202,0,Po202,201.980738471743,0.00025902361007471795,0.0
842021,84,202,1,Po202m,201.98257637924362,6301338.005090412,0.0
842030,84,203,0,Po203,202.98141587807064,0.0003147807359491123,0.0
842031,84,203,1,Po203m,202.98210509338335,0.015403270679109895,0.0
842032,84,203,2,Po203n,202.9837325862402,3465735.902799726,0.0
842040,84,204,0,Po204,203.9803101276468,5.4714658564613153e-05,0.0
842041,84,204,1,Po204m,203.98206966642803,4370410.974526767,0.0
842050,84,205,0,Po205,204.98119043380945,0.00011065568016601936,0.0
842051,84,205,1,Po205m,204.98134395061587,2235958.6469675656,0.0
842052,84,205,2,Po205n,204.98213515261818,1074.6467915658068,0.0
842053,84,205,3,Po205p,204.98275888174075,12.07573485296072,0.0
842054,84,205,4,Po205q,204.9845044644487,6027366.787477785,0.0
842060,84,206,0,Po206,205.9804733063501,9.116519104586821e-07,0.0
842061,84,206,1,Po206m,205.982175947294,2987703.3644825225,0.0
842062,84,206,2,Po206n,205.98290166310616,660140.1719618527,0.0
842070,84,207,0,Po207,206.98159301284727,3.3196704049805806e-05,0.0
842071,84,207,1,Po207m,206.9816670873902,3381205.758829001,0.0
842072,84,207,2,Po207n,206.98279001451968,14145.860827753986,0.0
842073,84,207,3,Po207p,206.9830777243387,0.24843984966306282,0.0
842080,84,208,0,Po208,207.98124604339387,7.579357416465733e-09,0.0
842081,84,208,1,Po208m,207.98288663348876,1858303.4331365824,0.0
842090,84,209,0,Po209,208.9824303772459,1.7713691768482013e-10,0.0
842091,84,209,1,Po209m,208.98700947225356,5824766.2231928175,0.0
842100,84,210,0,Po210,209.98287364360513,5.797636014942189e-08,0.0
842101,84,210,1,Po210m,209.9845451517701,7008566.031950912,0.0
842102,84,210,2,Po210n,209.98830320024948,2635540.6104940884,0.0
842110,84,211,0,Po211,210.9866531629665,1.3433084894572582,0.0
842111,84,211,1,Po211m,210.98822322121396,0.02750584049841053,0.0
842112,84,211,2,Po211n,210.9889446428497,2852457.5331684994,0.0
842113,84,211,3,Po211p,210.99188293305366,247552.56448569475,0.0
842120,84,212,0,Po212,211.9888679918009,2354440.15135851,0.0
842121,84,212,1,Po212m,211.99200639062525,0.01536911708558637,0.0
842130,84,213,0,Po213,212.9928566375531,187084.25926044406,0.0
842140,84,214,0,Po214,213.99520125786933,4240.21031724442,0.0
842150,84,215,0,Po215,214.99941835380616,389.1898824031136,0.0
842160,84,216,0,Po216,216.0019133776509,4.813522087221842,0.0
842170,84,217,0,Po217,217.00631565994516,0.4530373729149969,0.0
842180,84,218,0,Po218,218.00897128598737,0.003730207623291063,0.0
842190,84,219,0,Po219,219.01361361274255,0.001121597379546837,0.0
842200,84,220,0,Po220,220.01638550361088,0.06931471805599453,0.0
842210,84,221,0,Po221,221.0212282610497,0.00525111500424201,0.0
842220,84,222,0,Po222,222.02414400682756,0.0012695003306958704,0.0
842230,84,223,0,Po223,223.02907157425034,0.11552453009332421,0.0
842240,84,224,0,Po224,224.03210970405567,0.003850817669777474,0.0
842250,84,225,0,Po225,225.03712315500653,0.06931471805599453,0.0
842260,84,226,0,Po226,226.04031158098596,0.011552453009332421,0.0
842270,84,227,0,Po227,227.04538944458287,0.34657359027997264,0.0
851910,85,191,0,At191,191.0041481744056,330.07008598092625,0.0
851911,85,191,1,At191m,191.00421043996343,315.0669002545206,0.0
851920,85,192,0,At192,192.003141190039,60.27366787477785,0.0
851921,85,192,1,At192m,192.003141190039,7.876672506363015,0.0
851930,85,193,0,At193,192.99992807254523,23.90162691586018,0.0
851931,85,193,1,At193m,192.99993666089804,33.00700859809263,0.0
851932,85,193,2,At193n,192.9999731613975,24.755256448569472,0.0
851940,85,194,0,At194,193.9992313424238,2.423591540419389,0.0
851941,85,194,1,At194m,193.9992055773654,2.1459665032815645,0.0
851950,85,195,0,At195,194.99627480197015,2.3901626915860184,0.0
851951,85,195,1,At195m,194.99630593474907,4.847183080838778,0.0
851953,85,195,3,At195p,194.9963821563802,inf,0.0
851960,85,196,0,At196,195.99580244256578,1.8385866858353985,0.0
851961,85,196,1,At196m,195.99575950080174,34.657359027997266,0.0
851962,85,196,2,At196n,195.99597420962192,63013.38005090412,0.0
851970,85,197,0,At197,196.99317762723925,1.7855414233898643,0.0
851971,85,197,1,At197m,196.9932248631797,0.34657359027997264,0.0
851972,85,197,2,At197n,196.99351149945463,533190.1388922656,0.0
851980,85,198,0,At198,197.99279759262757,0.15506648334674392,0.0
851981,85,198,1,At198m,197.9930842289025,0.5635342931381669,0.0
851990,85,199,0,At199,198.99052812039844,0.09873891460967882,0.0
851991,85,199,1,At199m,198.99079006515902,2.5390006613917406,0.0
851992,85,199,2,At199n,198.9911432611682,9902102.57942779,0.0
851993,85,199,3,At199p,198.9929897570216,866433.9756999315,0.0
852000,85,200,0,At200,199.9903509856218,0.016045073624072807,0.0
852001,85,200,1,At200m,199.99047229610517,0.014747812352339261,0.0
852002,85,200,2,At200n,199.99072028479247,0.08664339756999316,0.0
852010,85,201,0,At201,200.9884175326962,0.008135530288262268,0.0
852011,85,201,1,At201m,200.98891028943848,15.403270679109896,0.0
852012,85,201,2,At201n,200.99090815501012,204468.19485544108,0.0
852020,85,202,0,At202,201.98862580025175,0.0037671042421736156,0.0
852021,85,202,1,At202m,201.98883406780732,0.0038085009920876115,0.0
852022,85,202,2,At202n,201.98925382355074,1.5068416968694462,0.0
852030,85,203,0,At203,202.98694248310167,0.0015611422985584353,0.0
852031,85,203,1,At203m,202.98767571372252,198.04205158855578,0.0
852032,85,203,2,At203n,202.98944384085658,70946.48726304456,0.0
852040,85,204,0,At204,203.9872516638027,0.0012667163387425902,0.0
852041,85,204,1,At204m,203.9878818341899,6.418029449629123,0.0
852050,85,205,0,At205,204.9860600298508,0.00042945921967778517,0.0
852051,85,205,1,At205m,204.9885721230467,89323.09027834346,0.0
852060,85,206,0,At206,205.98664618492984,0.00037753114409583077,0.0
852061,85,206,1,At206m,205.98751575565151,852579.5578843114,0.0
852070,85,207,0,At207,206.9858002321784,0.00010637617872313464,0.0
852071,85,207,1,At207m,206.98807292503983,6418029.449629123,0.0
852080,85,208,0,At208,207.9866129050627,0.00011812324140421699,0.0
852081,85,208,1,At208m,207.98905629143619,462098.12037329684,0.0
852090,85,209,0,At209,208.98616845780498,3.552414824517965e-05,0.0
852091,85,209,1,At209m,208.98877609642588,756710.8958078005,0.0
852100,85,210,0,At210,209.98714753002494,2.3770479443070827e-05,0.0
852101,85,210,1,At210m,209.98988506748202,1438064.6899583926,0.0
852102,85,210,2,At210n,209.99147176566305,122464.16617666878,0.0
852110,85,211,0,At211,210.98749621714887,2.6689892360531424e-05,0.0
852111,85,211,1,At211m,210.99266479522228,163864.58169265845,0.0
852120,85,212,0,At212,211.99073735414368,2.2074750973246666,0.0
852121,85,212,1,At212m,211.99097664712374,5.8247662231928174,0.0
852122,85,212,2,At212n,211.99585966246636,4560.178819473324,0.0
852130,85,213,0,At213,212.9929360798166,5545177.444479561,0.0
852131,85,213,1,At213m,212.9943939527055,6301338.005090412,0.0
852132,85,213,2,At213n,212.99615456503085,15403.270679109897,0.0
852140,85,214,0,At214,213.99637249448332,1242199.248315314,0.0
852141,85,214,1,At214m,213.99643476004115,2615649.737962058,0.0
852142,85,214,2,At214n,213.9966215567147,912035.7638946648,0.0
852150,85,215,0,At215,214.99865055506527,18733.707582701223,0.0
852160,85,216,0,At216,216.00242298903555,2310.4906018664847,0.0
852161,85,216,1,At216m,216.0025947560917,6931.471805599454,0.0
852170,85,217,0,At217,217.00471822632312,21.262183452759054,0.0
852180,85,218,0,At218,218.00869570721667,0.5415212348124573,0.0
852190,85,219,0,At219,219.01116056447216,0.012377628224284737,0.0
852200,85,220,0,At220,220.01543326999345,0.0031138687356691164,0.0
852210,85,221,0,At221,221.01801729064414,0.0050228056562314875,0.0
852220,85,222,0,At222,222.02249396954457,0.012836058899258247,0.0
852230,85,223,0,At223,223.02515099119412,0.013862943611198907,0.0
852240,85,224,0,At224,224.02974898057795,0.0046209812037329686,0.0
852250,85,225,0,At225,225.032528386255,0.23104906018664842,0.0
852260,85,226,0,At226,226.03720903853457,0.0016503504299046317,0.0
852270,85,227,0,At227,227.04018275569388,0.13862943611198905,0.0
852280,85,228,0,At228,228.04496002694253,0.011552453009332421,0.0
852290,85,229,0,At229,229.04819139468603,0.6931471805599453,0.0
861930,86,193,0,Rn193,193.00970805930376,602.7366787477786,0.0
861940,86,194,0,Rn194,194.0061460399772,888.6502314871094,0.0
861950,86,195,0,Rn195,195.00542139770917,99.02102579427789,0.0
861951,86,195,1,Rn195m,195.00550835478134,115.52453009332422,0.0
861960,86,196,0,Rn196,196.00212024959913,147.4781235233926,0.0
861970,86,197,0,Rn197,197.00162105159225,12.836058899258246,0.0
861971,86,197,1,Rn197m,197.0018346868683,27.076061740622862,0.0
861980,86,198,0,Rn198,197.99867954075597,10.7631549776389,0.0
861990,86,199,0,Rn199,198.9983252712027,1.1748257297626192,0.0
861991,86,199,1,Rn199m,198.9985614509049,2.2359586469675654,0.0
862000,86,200,0,Rn200,199.9957058235967,0.6359148445504085,0.0
862001,86,200,1,Rn200m,199.99819644591062,24755.256448569475,0.0
862010,86,201,0,Rn201,200.99559095437792,0.09902102579427789,0.0
862011,86,201,1,Rn201m,200.99585289913853,0.182407152778933,0.0
862020,86,202,0,Rn202,201.99326351076732,0.07145847222267478,0.0
862021,86,202,1,Rn202m,201.99573802991972,312228.45971168706,0.0
862030,86,203,0,Rn203,202.9933612032805,0.015682062908596046,0.0
862031,86,203,1,Rn203m,202.993749826245,0.025767553180667112,0.0
862040,86,204,0,Rn204,203.99144385351642,0.009301491955984236,0.0
862050,86,205,0,Rn205,204.99172297498265,0.004077336356234972,0.0
862051,86,205,1,Rn205m,204.9924282934569,0.06931471805599453,0.0
862060,86,206,0,Rn206,205.99019532172716,0.002037469666548928,0.0
862070,86,207,0,Rn207,206.99072994668938,0.0012489138388467483,0.0
862071,86,207,1,Rn207m,206.99169506283602,3756.8952875877794,0.0
862080,86,208,0,Rn208,207.98963493170655,0.0004744333884736107,0.0
862081,86,208,1,Rn208m,207.99159737032284,1423300.165420832,0.0
862090,86,209,0,Rn209,208.99040144219452,0.0004011268406018202,0.0
862091,86,209,1,Rn209m,208.9916617829689,51727.40153432427,0.0
862092,86,209,2,Rn209n,208.99430592208924,231049.06018664842,0.0
862100,86,210,0,Rn210,209.9896886089116,8.022536812036404e-05,0.0
862101,86,210,1,Rn210m,209.99151900160348,1076315.4977638903,0.0
862102,86,210,2,Rn210n,209.99382712142025,653912.4344905145,0.0
862103,86,210,3,Rn210p,209.99668274872846,666487.673615332,0.0
862110,86,211,0,Rn211,210.99060112139728,1.3187731745813266e-05,0.0
862111,86,211,1,Rn211m,210.9923220125909,1162998.6251005793,0.0
862112,86,211,2,Rn211n,211.00016103161514,3448493.4356216183,0.0
862120,86,212,0,Rn212,211.99070418163095,0.0004833662347001013,0.0
862121,86,212,1,Rn212m,211.99246479395632,5874128.648813095,0.0
862122,86,212,2,Rn212n,211.99252276533775,761700.1984175222,0.0
862123,86,212,3,Rn212p,211.99733224290944,6795560.593724954,0.0
862124,86,212,4,Rn212q,211.99991411647193,4500955.717921723,0.0
862130,86,213,0,Rn213,212.9938850928017,35.54600925948437,0.0
862131,86,213,1,Rn213m,212.9956907939793,693147.1805599453,0.0
862132,86,213,2,Rn213n,212.99625225754403,509667.0445293715,0.0
862133,86,213,3,Rn213p,213.00028878336312,4226507.198536252,0.0
862140,86,214,0,Rn214,213.99536228948443,2676243.940385889,0.0
862141,86,214,1,Rn214m,214.00029522462773,2829172.165550797,0.0
862150,86,215,0,Rn215,214.99874502694612,301368.3393738893,0.0
862160,86,216,0,Rn216,216.00027160665752,23901.626915860183,0.0
862170,86,217,0,Rn217,217.00392809786493,1168.8822606407173,0.0
862180,86,218,0,Rn218,218.00560110899164,20.53769423881319,0.0
862190,86,219,0,Rn219,219.00947864292942,0.175037166808067,0.0
862200,86,220,0,Rn220,220.01139244999794,0.012466675909351533,0.0
862210,86,221,0,Rn221,221.01553525668302,0.0004495117902463977,0.0
862220,86,222,0,Rn222,222.0175760640187,2.099316187893865e-06,0.0
862230,86,223,0,Rn223,223.02188956421583,0.00047540958886141654,0.0
862240,86,224,0,Rn224,224.024095697343,0.00010796685055450861,0.0
862250,86,225,0,Rn225,225.0284854191713,0.0024790671693846397,0.0
862260,86,226,0,Rn226,226.0308611722664,0.0015611422985584353,0.0
862270,86,227,0,Rn227,227.03530457129972,0.03431421685940323,0.0
862280,86,228,0,Rn228,228.03783491474536,0.010663802777845312,0.0
862290,86,229,0,Rn229,229.04225684289665,0.05824766223192818,0.0
862300,86,230,0,Rn230,230.04527135473177,0.028881132523331052,0.0
862310,86,231,0,Rn231,231.0499734778934,0.34657359027997264,0.0
871970,87,197,0,Fr197,197.01100382703345,301.3683393738893,0.0
871980,87,198,0,Fr198,198.0102845524859,46.20981203732969,0.0
871981,87,198,1,Fr198m,198.0102845524859,630.1338005090412,0.0
871990,87,199,0,Fr199,199.00726896710668,105.0223000848402,0.0
871991,87,199,1,Fr199m,199.00731835013534,106.63802777845311,0.0
871992,87,199,2,Fr199n,199.00753627958778,315.0669002545206,0.0
872000,87,200,0,Fr200,200.00658082533806,14.592572222314637,0.0
872001,87,200,1,Fr200m,200.0066345025431,3.648143055578659,0.0
872002,87,200,2,Fr200n,200.00674185695317,877401.4943796775,0.0
872010,87,201,0,Fr201,201.00385294977787,11.037375486623333,0.0
872011,87,201,1,Fr201m,201.00399143696686,28.881132523331054,0.0
872012,87,201,2,Fr201n,201.0041642775671,962704.4174443684,0.0
872020,87,202,0,Fr202,202.00333013380074,1.8632988724729713,0.0
872021,87,202,1,Fr202m,202.00360603463466,2.423591540419389,0.0
872030,87,203,0,Fr203,203.00094042463232,1.2602676010180822,0.0
872031,87,203,1,Fr203m,203.0013279740527,16.1197018734871,0.0
872032,87,203,2,Fr203n,203.0013977544193,1873370.7582701223,0.0
872040,87,204,0,Fr204,204.0006516412692,0.39608410317711157,0.0
872041,87,204,1,Fr204m,204.00070639201834,0.28761293799167853,0.0
872042,87,204,2,Fr204n,204.00100269019018,0.4200892003393608,0.0
872050,87,205,0,Fr205,204.99859365722793,0.17773004629742187,0.0
872051,87,205,1,Fr205m,204.99917766521878,8664339.756999316,0.0
872052,87,205,2,Fr205n,204.99924744558533,602.7366787477786,0.0
872060,87,206,0,Fr206,205.99866129050628,0.04332169878499658,0.0
872061,87,206,1,Fr206m,205.99887492578233,0.04332169878499658,0.0
872062,87,206,2,Fr206n,205.99944497769988,0.9902102579427788,0.0
872070,87,207,0,Fr207,206.99694147285675,0.04683426895675306,0.0
872080,87,208,0,Fr208,207.9971390049713,0.011728378689677585,0.0
872081,87,208,1,Fr208m,207.99802575239858,1604507.3624072808,0.0
872090,87,209,0,Fr209,208.99593985621067,0.013725686743761293,0.0
872091,87,209,1,Fr209m,209.00094257172051,1650350.4299046316,0.0
872100,87,210,0,Fr210,209.99641006852684,0.0036328468582806353,0.0
872101,87,210,1,Fr210m,210.00115191282018,1459257.2222314638,0.0
872110,87,211,0,Fr211,210.9955555274226,0.0037265977449459425,0.0
872111,87,211,1,Fr211m,210.99815672477888,4747583.428492775,0.0
872112,87,211,2,Fr211n,211.00055502230012,5567447.233413215,0.0
872120,87,212,0,Fr212,211.9962254189415,0.0005776226504666211,0.0
872121,87,212,1,Fr212m,211.99789048584188,21728.751741691078,0.0
872122,87,212,2,Fr212n,211.99890069084074,1147594.6698012338,0.0
872123,87,212,3,Fr212p,212.00251101965182,2221625.578717773,0.0
872124,87,212,4,Fr212q,212.00538597075385,29370.643244065475,0.0
872130,87,213,0,Fr213,212.99618462426568,0.02030308085998668,0.0
872131,87,213,1,Fr213m,212.99789155938598,1372568.6743761292,0.0
872132,87,213,2,Fr213n,212.99890927919355,2912383.1115964088,0.0
872133,87,213,3,Fr213p,213.00487496376184,223595.86469675656,0.0
872140,87,214,0,Fr214,213.9989715447514,125.79803639926412,0.0
872141,87,214,1,Fr214m,213.99910144358762,206.9096061372971,0.0
872142,87,214,2,Fr214n,213.99965646588774,6729584.277281022,0.0
872143,87,214,3,Fr214p,214.00603331784663,6418029.449629123,0.0
872150,87,215,0,Fr215,215.00034138702406,7701635.339554947,0.0
872160,87,216,0,Fr216,216.00318949952356,990210.2579427789,0.0
872161,87,216,1,Fr216m,216.00342460568163,815467.2712469945,0.0
872170,87,217,0,Fr217,217.00463234279505,31506.69002545206,0.0
872180,87,218,0,Fr218,218.00757814780772,495.1051289713895,0.0
872181,87,218,1,Fr218m,218.0076726196886,31.65055618995184,0.0
872190,87,219,0,Fr219,219.0092507295168,30.806541358219793,0.0
872200,87,220,0,Fr220,220.01232643336567,0.025297342356202384,0.0
872210,87,221,0,Fr221,221.01425344502664,0.002406259739498526,0.0
872220,87,222,0,Fr222,222.01758250528331,0.0008135530288262268,0.0
872230,87,223,0,Fr223,223.0197342097246,0.000525111500424201,0.0
872240,87,224,0,Fr224,224.02334851064884,0.0034692051079076337,0.0
872250,87,225,0,Fr225,225.02557289402574,0.0029246716479322584,0.0
872260,87,226,0,Fr226,226.0295450071988,0.014291694444534955,0.0
872270,87,227,0,Fr227,227.0318649360007,0.004677106481511101,0.0
872280,87,228,0,Fr228,228.03583919626192,0.018240715277893296,0.0
872281,87,228,1,Fr228m,228.03691918162735,0.003850817669777474,0.0
872290,87,229,0,Fr229,229.0382911709882,0.013807712760158271,0.0
872300,87,230,0,Fr230,230.04239103590928,0.03629042830156781,0.0
872310,87,231,0,Fr231,231.0451758093068,0.03938336253181507,0.0
872320,87,232,0,Fr232,232.0494613973573,0.12602676010180824,0.0
872330,87,233,0,Fr233,233.05251777741233,0.7701635339554948,0.0
882010,88,201,0,Ra201,201.01281489593154,34.657359027997266,0.0
882011,88,201,1,Ra201m,201.01309723803007,115.52453009332422,0.0
882020,88,202,0,Ra202,202.00974241271498,169.0602879414501,0.0
882030,88,203,0,Ra203,203.0092335528112,19.254088348887368,0.0
882031,88,203,1,Ra203m,203.0094987182041,27.72588722239781,0.0
882040,88,204,0,Ra204,204.0065067507951,11.552453009332423,0.0
882050,88,205,0,Ra205,205.00623084996118,3.150669002545206,0.0
882051,88,205,1,Ra205m,205.0065131920597,3.850817669777474,0.0
882060,88,206,0,Ra206,206.00382825826355,2.8881132523331057,0.0
882070,88,207,0,Ra207,207.0037681397939,0.5022805656231488,0.0
882071,88,207,1,Ra207m,207.00437039803447,12.160476851928864,0.0
882080,88,208,0,Ra208,208.00185508420623,0.6244569194233741,0.0
882081,88,208,1,Ra208m,208.0041599833907,2635540.6104940884,0.0
882090,88,209,0,Ra209,209.00199464493934,0.1471650064883111,0.0
882091,88,209,1,Ra209m,209.00294151083625,5924.334876580729,0.0
882100,88,210,0,Ra210,210.00047558003666,0.17328679513998632,0.0
882101,88,210,1,Ra210m,210.00267741898745,302684.3583231202,0.0
882110,88,211,0,Ra211,211.0008931886919,0.05501168099682106,0.0
882111,88,211,1,Ra211m,211.00217929452467,72962.86111157319,0.0
882120,88,212,0,Ra212,211.99978636472395,0.05331901388922656,0.0
882121,88,212,1,Ra212m,212.00188836407335,74531.95489891885,0.0
882122,88,212,2,Ra212n,212.0025915354594,815467.2712469945,0.0
882130,88,213,0,Ra213,213.0003714462589,0.004231667768986235,0.0
882131,88,213,1,Ra213m,213.00226947222913,315.0669002545206,0.0
882140,88,214,0,Ra214,214.00009983960138,0.2844264179564815,0.0
882141,88,214,1,Ra214m,214.00205368986488,5874128.648813095,0.0
882142,88,214,2,Ra214n,214.0021019993494,10299.363752748073,0.0
882143,88,214,3,Ra214p,214.0029801584239,2349651.459525238,0.0
882144,88,214,4,Ra214q,214.00383362598404,2484398.496630628,0.0
882145,88,214,5,Ra214r,214.0045518269875,3080654.135821979,0.0
882146,88,214,6,Ra214x,214.0071605391525,5415212.348124572,0.0
882150,88,215,0,Ra215,215.0027182136633,415.30687870577907,0.0
882151,88,215,1,Ra215m,215.00473432948465,94821.77572639471,0.0
882152,88,215,2,Ra215n,215.00513046725783,498667.0363740614,0.0
882153,88,215,3,Ra215p,215.00680626959922,1248913.838846748,0.0
882160,88,216,0,Ra216,216.00353303363582,4029925.468371775,0.0
882170,88,217,0,Ra217,217.00632317475385,355460.09259484377,0.0
882180,88,218,0,Ra218,218.00713477409408,26752.110403703024,0.0
882190,88,219,0,Ra219,219.01008487328315,77.01635339554947,0.0
882191,88,219,1,Ra219m,219.01010312353287,69.31471805599453,0.0
882200,88,220,0,Ra220,220.01102744500366,38.295424340328466,0.0
882210,88,221,0,Ra221,221.0139174257231,0.027725887222397813,0.0
882220,88,222,0,Ra222,222.01537315152382,0.020629380373807894,0.0
882230,88,223,0,Ra223,223.01850060019834,7.015650633164618e-07,0.0
882240,88,224,0,Ra224,224.02021032653332,2.2090915332185276e-06,0.0
882250,88,225,0,Ra225,225.02361045540943,5.413317686934146e-07,0.0
882260,88,226,0,Ra226,226.02540821236067,1.3728111120573558e-11,0.0
882270,88,227,0,Ra227,227.02917624480017,0.0002737548106476877,0.0
882280,88,228,0,Ra228,228.0310685809867,3.81999613789873e-09,0.0
882290,88,229,0,Ra229,229.03495674301107,0.0028881132523331052,0.0
882300,88,230,0,Ra230,230.03705444818405,0.0001242199248315314,0.0
882310,88,231,0,Ra231,231.0410265613571,0.00666487673615332,0.0
882311,88,231,1,Ra231m,231.04109741526776,13078.248689810289,0.0
882320,88,232,0,Ra232,232.0434753154511,0.0028881132523331052,0.0
882330,88,233,0,Ra233,233.04759450416597,0.023104906018664842,0.0
882340,88,234,0,Ra234,234.0503824981958,0.023104906018664842,0.0
882350,88,235,0,Ra235,235.05489030987516,0.13862943611198905,0.0
892050,89,205,0,Ac205,205.01514770726263,8.664339756999317,0.0
892060,89,206,0,Ac206,206.01447137447911,27.72588722239781,0.0
892061,89,206,1,Ac206m,206.01469681874028,16.906028794145005,0.0
892070,89,207,0,Ac207,207.0119700167242,22.359586469675655,0.0
892080,89,208,0,Ac208,208.01155133452488,7.145847222267477,0.0
892081,89,208,1,Ac208m,208.01208595948708,24.755256448569472,0.0
892090,89,209,0,Ac209,209.0094901298513,7.373906176169631,0.0
892100,89,210,0,Ac210,210.00940424632321,1.9804205158855577,0.0
892110,89,211,0,Ac211,211.0076651048799,3.2542121153049077,0.0
892120,89,212,0,Ac212,212.007836871936,0.7744661235306651,0.0
892130,89,213,0,Ac213,213.00659263432317,0.9392238218969449,0.0
892140,89,214,0,Ac214,214.0069061092006,0.08453014397072504,0.0
892150,89,215,0,Ac215,215.00647454447207,4.053492283976288,0.0
892151,89,215,1,Ac215m,215.00840262967716,3746741.5165402447,0.0
892152,89,215,2,Ac215n,215.00914659573903,2069096.061372971,0.0
892160,89,216,0,Ac216,216.00874938442172,1575.3345012726031,0.0
892161,89,216,1,Ac216m,216.00879017909756,1571.7623141948873,0.0
892162,89,216,2,Ac216n,216.00920027294407,2310490.601866484,0.0
892170,89,217,0,Ac217,217.00934198076538,10045611.312462974,0.0
892171,89,217,1,Ac217m,217.01150302504033,936685.3791350612,0.0
892180,89,218,0,Ac218,218.01164795349393,693147.1805599453,0.0
892181,89,218,1,Ac218m,218.01170163069898,6931471.805599452,0.0
892182,89,218,2,Ac218n,218.01230281539546,6729584.277281022,0.0
892190,89,219,0,Ac219,219.01242090524653,73739.06176169631,0.0
892200,89,220,0,Ac220,220.01475479012174,26.295416561454676,0.0
892210,89,221,0,Ac221,221.01559859578498,13.329753472306638,0.0
892220,89,222,0,Ac222,222.0178444500439,0.13862943611198905,0.0
892221,89,222,1,Ac222m,222.01792818648377,0.01100233619936421,0.0
892230,89,223,0,Ac223,223.0191359235972,0.005501168099682105,0.0
892240,89,224,0,Ac224,224.02172209133607,6.925931060750853e-05,0.0
892250,89,225,0,Ac225,225.02322827370955,8.088050017175524e-07,0.0
892260,89,226,0,Ac226,226.02609678354693,6.555699131388277e-06,0.0
892270,89,227,0,Ac227,227.02775057823428,1.0088635767461738e-09,0.0
892280,89,228,0,Ac228,228.0310197347301,3.130746072989816e-05,0.0
892281,89,228,1,Ac228m,228.03159440288727,0.003850817669777474,0.0
892290,89,229,0,Ac229,229.03294706845432,0.00018424964927164946,0.0
892300,89,230,0,Ac230,230.03632658528372,0.0056815342668847975,0.0
892310,89,231,0,Ac231,231.0383931576778,0.0015403270679109895,0.0
892320,89,232,0,Ac232,232.04203354572368,0.005834572226935566,0.0
892330,89,233,0,Ac233,233.04434595971685,0.004847183080838778,0.0
892340,89,234,0,Ac234,234.04813879102508,0.015403270679109895,0.0
892341,89,234,1,Ac234m,234.04828801365508,0.007453195489891885,0.0
892342,89,234,2,Ac234n,234.0488033148235,0.003850817669777474,0.0
892350,89,235,0,Ac235,235.05083982798274,0.011179793234837827,0.0
892360,89,236,0,Ac236,236.05498692884424,0.002567211779851649,0.0
892370,89,237,0,Ac237,237.05799285232655,0.030136833937388925,0.0
900000,90,0,0,Th,232.03765261141052,0.0,
902080,90,208,0,Th208,208.01791745104276,288.8113252333106,0.0
902090,90,209,0,Th209,209.01760612325353,11.552453009332423,0.0
902091,90,209,1,Th209m,209.01799796685032,223.5958646967565,0.0
902100,90,210,0,Th210,210.01509403005758,43.32169878499658,0.0
902110,90,211,0,Th211,211.01490079211945,14.440566261665527,0.0
902120,90,212,0,Th212,212.0130016926051,21.865841658042438,0.0
902130,90,213,0,Th213,213.013011354502,4.813522087221842,0.0
902131,90,213,1,Th213m,213.01427813654098,495105.1289713895,0.0
902133,90,213,3,Th213p,213.0132904759682,inf,0.0
902140,90,214,0,Th214,214.0114815541583,7.967208971953394,0.0
902141,90,214,1,Th214m,214.0138229538422,558989.6617418914,0.0
902150,90,215,0,Th215,215.0117241751251,0.5134423559703298,0.0
902151,90,215,1,Th215m,215.0133012114092,900191.1435843445,0.0
902160,90,216,0,Th216,216.0110564306944,26.375463491626533,0.0
902161,90,216,1,Th216m,216.01324753420417,5119.255395568281,0.0
902162,90,216,2,Th216n,216.01389917547337,1195081.345793009,0.0
902163,90,216,3,Th216p,216.01500922007364,936685.3791350612,0.0
902170,90,217,0,Th217,217.01310367929466,2794.948308709457,0.0
902171,90,217,1,Th217m,217.01382617447453,4915937.450779754,0.0
902172,90,217,2,Th217n,217.01557712490296,9762.636345914723,0.0
902180,90,218,0,Th218,218.0132765198949,5681534.266884797,0.0
902190,90,219,0,Th219,219.01552344769792,677563.2263538078,0.0
902200,90,220,0,Th220,220.01577036284112,67955.60593724955,0.0
902210,90,221,0,Th221,221.01818583706796,396.08410317711156,0.0
902220,90,222,0,Th222,222.0184681791665,309.4407056071184,0.0
902230,90,223,0,Th223,223.0208106523945,1.1552453009332422,0.0
902240,90,224,0,Th224,224.02146658784008,0.666487673615332,0.0
902250,90,225,0,Th225,225.0239507688894,0.0013202803439237053,0.0
902260,90,226,0,Th226,226.02490407605092,0.00037630140095545346,0.0
902270,90,227,0,Th227,227.02770259081296,4.2917331685852473e-07,0.0
902280,90,228,0,Th228,228.02873974176876,1.1484955708715134e-08,0.0
902290,90,229,0,Th229,229.03176133899495,2.774757174446399e-12,0.0
902291,90,229,1,Th229m,229.03176133899495,99021.0257942779,0.0
902300,90,230,0,Th230,230.0331322548117,2.913127028238421e-13,0.0002
902310,90,231,0,Th231,231.03630275260466,7.544705465864957e-06,0.0
902320,90,232,0,Th232,232.0380535956787,1.5689269852084069e-18,0.9998
902330,90,233,0,Th233,233.0415800806955,0.000529200779172351,0.0
902331,90,233,1,Th233m,233.0415866293145,0.34657359027997264,0.0
902340,90,234,0,Th234,234.0435998465668,3.327886842840836e-07,0.0
902350,90,235,0,Th235,235.0472552642301,0.0016045073624072809,0.0
902360,90,236,0,Th236,236.04965678238364,0.0003097172388560971,0.0
902370,90,237,0,Th237,237.0536288955567,0.002406761043610921,0.0
902380,90,238,0,Th238,238.05639327161632,0.0012289843626949386,0.0
902390,90,239,0,Th239,239.0606552416966,0.011552453009332421,0.0
910000,91,0,0,Pa,231.0358824600892,0.0,
912110,91,211,0,Pa211,211.02367164742319,115.52453009332422,0.0
912120,91,212,0,Pa212,212.0231885525778,119.50813457930091,0.0
912130,91,213,0,Pa213,213.0210951415812,93.66853791350611,0.0
912140,91,214,0,Pa214,214.02089116820204,40.77336356234972,0.0
912150,91,215,0,Pa215,215.01910908499468,49.510512897138945,0.0
912160,91,216,0,Pa216,216.0191348500531,6.601401719618527,0.0
912170,91,217,0,Pa217,217.01830929463955,182.40715277893298,0.0
912171,91,217,1,Pa217m,217.0203060866671,641.8029449629123,0.0
912180,91,218,0,Pa218,218.02002159748037,6418.0294496291235,0.0
912181,91,218,1,Pa218m,218.02010855455254,4620.981203732969,0.0
912190,91,219,0,Pa219,219.01994644939333,12377628.224284736,0.0
912200,91,220,0,Pa220,220.02176932727653,815467.2712469945,0.0
912201,91,220,1,Pa220m,220.02179723942314,1690602.8794145004,0.0
912202,91,220,2,Pa220n,220.02208280215396,2665950.694461328,0.0
912210,91,221,0,Pa221,221.0218680933338,117482.5729762619,0.0
912220,91,222,0,Pa222,222.0236823828642,182.40715277893298,0.0
912230,91,223,0,Pa223,223.02398297521242,130.7824868981029,0.0
912240,91,224,0,Pa224,224.02561690933388,0.8212644319430632,0.0
912250,91,225,0,Pa225,225.02615153429608,0.4053492283976288,0.0
912260,91,226,0,Pa226,226.02794864712087,0.0064180294496291234,0.0
912270,91,227,0,Pa227,227.0288031882251,0.00030163062687552013,0.0
912280,91,228,0,Pa228,228.03105118957225,8.75185834040335e-06,0.0
912290,91,229,0,Pa229,229.03209574798237,5.175830201313809e-06,0.0
912291,91,229,1,Pa229m,229.03210863051157,1650350.4299046316,0.0
912300,91,230,0,Pa230,230.03454020789994,4.6106533402508075e-07,0.0
912310,91,231,0,Pa231,231.0358824600892,6.72740514331323e-13,1.0
912320,91,232,0,Pa232,232.03859068979233,6.077679403057881e-06,0.0
912330,91,233,0,Pa233,233.04024652421344,2.974063693062615e-07,0.0
912340,91,234,0,Pa234,234.04330569548316,2.873744529684682e-05,0.0
912341,91,234,1,Pa234m,234.0433903981127,0.009967603976990872,0.0
912350,91,235,0,Pa235,235.04539910647978,0.0004734611889070665,0.0
912360,91,236,0,Pa236,236.0486680482668,0.0012695003306958704,0.0
912370,91,237,0,Pa237,237.051023404024,0.0013278681619922324,0.0
912380,91,238,0,Pa238,238.05463695346737,0.005066865354970361,0.0
912390,91,239,0,Pa239,239.057262842338,0.00010696715749381872,0.0
912400,91,240,0,Pa240,240.061202749188,0.03465735902799726,0.0
912410,91,241,0,Pa241,241.06413352458327,0.00041258760747615793,0.0
920000,92,0,0,U,238.02890896053464,0.0,
922150,92,215,0,U215,215.02672051266953,495.1051289713895,0.0
922160,92,216,0,U216,216.02476236822963,100.45611312462974,0.0
922161,92,216,1,U216m,216.0271821366329,495.1051289713895,0.0
922170,92,217,0,U217,217.02465930799593,815.4672712469945,0.0
922180,92,218,0,U218,218.02350524808756,1958.0428829376986,0.0
922181,92,218,1,U218m,218.0257693525962,1698.8901484312385,0.0
922190,92,219,0,U219,219.0250092833728,11552.453009332423,0.0
922200,92,220,0,U220,220.02470224975997,11552453.00933242,0.0
922210,92,221,0,U221,221.02632330135222,1050223.0008484018,0.0
922220,92,222,0,U222,222.02605491532702,147478.12352339263,0.0
922230,92,223,0,U223,223.0279658238265,10663.802777845312,0.0
922240,92,224,0,U224,224.02763624578753,1750.3716680806701,0.0
922250,92,225,0,U225,225.02938504912777,11.179793234837827,0.0
922260,92,226,0,U226,226.02933888673144,2.576755318066711,0.0
922270,92,227,0,U227,227.03118108840846,0.01050223000848402,0.0
922280,92,228,0,U228,228.0313689586261,0.0012695003306958704,0.0
922290,92,229,0,U229,229.03350638493083,0.0001998694292272045,0.0
922300,92,230,0,U230,230.03394009674756,3.96566327831755e-07,0.0
922310,92,231,0,U231,231.03629223187247,1.91012781238962e-06,0.0
922320,92,232,0,U232,232.03715471720307,3.187950332789215e-10,0.0
922330,92,233,0,U233,233.03963428201274,1.3797963309829572e-13,0.0
922340,92,234,0,U234,234.04095033972595,8.947037797522482e-14,5.4000000000000005e-05
922341,92,234,1,U234m,234.04247616795647,20690.96061372971,0.0
922350,92,235,0,U235,235.04392813635283,3.120025254675809e-17,0.007204
922351,92,235,1,U235m,235.04392824370723,0.0004495117902463977,0.0
922352,92,235,2,U235n,235.0466132848578,192.54088348887367,0.0
922360,92,236,0,U236,236.04556614994186,9.378726640870066e-16,0.0
922361,92,236,1,U236m,236.046696055108,6931471.805599452,0.0
922362,92,236,2,U236n,236.04851882563676,5776226.50466621,0.0
922370,92,237,0,U237,237.04872827409085,1.1881719212139224e-06,0.0
922371,92,237,1,U237m,237.04902242517446,4471917.293935131,0.0
922380,92,238,0,U238,238.05078690225858,4.921572438475845e-18,0.9927419999999999
922381,92,238,1,U238m,238.05353292071408,2475525.6448569475,0.0
922390,92,239,0,U239,239.05429202374776,0.0004926419193745169,0.0
922391,92,239,1,U239m,239.05443566394845,888650.2314871093,0.0
922392,92,239,2,U239n,239.05697298543078,2772588.7222397807,0.0
922400,92,240,0,U240,240.05659241404703,1.3655381807721538e-05,0.0
922410,92,241,0,U241,241.06033317846635,0.0028881132523331052,0.0
922420,92,242,0,U242,242.06293115519034,0.0006876460124602632,0.0
922430,92,243,0,U243,243.06707503541952,0.0007220283130832763,0.0
932190,93,219,0,Np219,219.03160513832827,1216.0476851928865,0.0
932200,93,220,0,Np220,220.03272162419313,23901626.91586018,0.0
932210,93,221,0,Np221,221.03210970405567,23104906.01866484,0.0
932220,93,222,0,Np222,222.0335697240328,1444056.6261665525,0.0
932230,93,223,0,Np223,223.0329148621313,277258.87222397816,0.0
932240,93,224,0,Np224,224.03438776463761,14440.566261665526,0.0
932250,93,225,0,Np225,225.03394546446808,106.63802777845311,0.0
932260,93,226,0,Np226,226.03523371738908,19.804205158855577,0.0
932270,93,227,0,Np227,227.03497606680486,1.3591121187449908,0.0
932280,93,228,0,Np228,228.0363179969309,0.011289042028663604,0.0
932290,93,229,0,Np229,229.03628579060788,0.0028881132523331052,0.0
932293,93,229,3,Np229p,229.036457557664,inf,0.0
932300,93,230,0,Np230,230.03783169411307,0.0025114028281157438,0.0
932310,93,231,0,Np231,231.03823964087138,0.00023673059445353324,0.0
932320,93,232,0,Np232,232.0401076076068,0.0007858811570974437,0.0
932330,93,233,0,Np233,233.0407409986263,0.0003191285361694039,0.0
932333,93,233,3,Np233p,233.04079467583134,inf,0.0
932340,93,234,0,Np234,234.04289345454845,1.8233038209173643e-06,0.0
932350,93,235,0,Np235,235.04406147053015,2.025381674333856e-08,0.0
932360,93,236,0,Np236,236.04657034309378,1.4356194635893917e-13,0.0
932361,93,236,1,Np236m,236.04663260865163,8.557372599505497e-06,0.0
932363,93,236,3,Np236p,236.04682369950157,inf,0.0
932370,93,237,0,Np237,237.04817164147457,1.0244859045204148e-14,0.0
932371,93,237,1,Np237m,237.04918635535867,976263.6345914721,0.0
932380,93,238,0,Np238,238.050944605887,3.822075660808196e-06,0.0
932381,93,238,1,Np238m,238.05341955445704,6188814.112142368,0.0
932390,93,239,0,Np239,239.05293753315576,3.405151448232769e-06,0.0
932400,93,240,0,Np240,240.05616353317873,0.00018663090483574186,0.0
932401,93,240,1,Np240m,240.05618285697255,0.0016000627436748506,0.0
932410,93,241,0,Np241,241.0583149155568,0.0008311117272901022,0.0
932420,93,242,0,Np242,242.06164290226934,0.00525111500424201,0.0
932421,93,242,1,Np242m,242.0616965794744,0.002100446001696804,0.0
932430,93,243,0,Np243,243.06420867267033,0.006244569194233741,0.0
932433,93,243,3,Np243p,243.06433320378602,inf,0.0
932440,93,244,0,Np244,244.06789092893615,0.005044739305385336,0.0
932450,93,245,0,Np245,245.0706928790393,0.001925408834888737,0.0
942210,94,221,0,Pu221,221.03857243954263,6931.471805599454,0.0
942220,94,222,0,Pu222,222.0376384561749,69314.71805599454,0.0
942230,94,223,0,Pu223,223.03877641292178,69314.71805599454,0.0
942240,94,224,0,Pu224,224.0378746358771,69314.71805599454,0.0
942250,94,225,0,Pu225,225.03896965085994,6931.471805599454,0.0
942260,94,226,0,Pu226,226.0382503763124,69.31471805599453,0.0
942270,94,227,0,Pu227,227.0394742165873,0.34657359027997264,0.0
942280,94,228,0,Pu228,228.03876353039257,0.3300700859809263,0.0
942290,94,229,0,Pu229,229.04013981392984,0.007617001984175223,0.0
942300,94,230,0,Pu230,230.03964813073165,0.006601401719618527,0.0
942310,94,231,0,Pu231,231.0411264009585,0.0013433084894572582,0.0
942320,94,232,0,Pu232,232.04118222525173,0.00034280275992084334,0.0
942330,94,233,0,Pu233,233.04299544123802,0.0005527489478149484,0.0
942340,94,234,0,Pu234,234.04331750446826,2.187964585100837e-05,0.0
942350,94,235,0,Pu235,235.04528423726097,0.00045661869602104435,0.0
942360,94,236,0,Pu236,236.04605665224153,7.68543659654223e-09,0.0
942361,94,236,1,Pu236m,236.04732933877307,577622.6504666212,0.0
942370,94,237,0,Pu237,237.04840792853116,1.7577863304198956e-07,0.0
942371,94,237,1,Pu237m,237.0485641291978,3.850817669777474,0.0
942372,94,237,2,Pu237n,237.05151938139858,630133.8005090412,0.0
942380,94,238,0,Pu238,238.04955812368078,2.5045584712562937e-10,0.0
942390,94,239,0,Pu239,239.0521615754797,9.110318454134257e-13,0.0
942391,94,239,1,Pu239m,239.05258197534957,3591436.1687043793,0.0
942392,94,239,2,Pu239n,239.0554914945716,92419.62407465938,0.0
942400,94,240,0,Pu240,240.05381172011707,3.3478094486995418e-12,0.0
942401,94,240,1,Pu240m,240.05521666728183,4200892.003393607,0.0
942410,94,241,0,Pu241,241.05684963521358,1.532903747150373e-09,0.0
942411,94,241,1,Pu241m,241.05702322729468,787667.2506363015,0.0
942412,94,241,2,Pu241n,241.0592166926015,33812.057588290016,0.0
942420,94,242,0,Pu242,242.0587410052104,5.857327411444718e-14,0.0
942430,94,243,0,Pu243,243.0620021101255,3.885554527251098e-05,0.0
942431,94,243,1,Pu243m,243.06241392164256,2100446.0016968036,0.0
942440,94,244,0,Pu244,244.0642043784939,2.701719285721734e-16,0.0
942441,94,244,1,Pu244m,244.0655098081205,0.39608410317711157,0.0
942450,94,245,0,Pu245,245.0678243692019,1.833722699894035e-05,0.0
942451,94,245,1,Pu245m,245.06810885838863,2100446.0016968036,0.0
942452,94,245,2,Pu245n,245.06997360449174,7701635.339554947,0.0
942460,94,246,0,Pu246,246.07020441647342,7.400864217745759e-07,0.0
942470,94,247,0,Pu247,247.07429998721807,3.5341571859191205e-06,0.0
952230,95,223,0,Am223,223.04584033310522,69.31471805599453,0.0
952240,95,224,0,Am224,224.04644151780167,693.1471805599452,0.0
952250,95,225,0,Am225,225.04550753443397,6931.471805599454,0.0
952260,95,226,0,Am226,226.04613019001243,6931.471805599454,0.0
952270,95,227,0,Am227,227.04528209017278,34.657359027997266,0.0
952280,95,228,0,Am228,228.04600136472033,6.931471805599452,0.0
952290,95,229,0,Am229,229.04528209017278,0.3850817669777474,0.0
952293,95,229,3,Am229p,229.045561211639,inf,0.0
952300,95,230,0,Am230,230.04602283560234,0.01732867951399863,0.0
952310,95,231,0,Am231,231.04552900531598,0.011552453009332421,0.0
952320,95,232,0,Am232,232.0466132848578,0.008818666419337725,0.0
952330,95,233,0,Am233,233.0464737241247,0.0036101415654163816,0.0
952340,95,234,0,Am234,234.04772977072267,0.004979505607470872,0.0
952350,95,235,0,Am235,235.04790153777878,0.001121597379546837,0.0
952360,95,236,0,Am236,236.04942597040196,0.0032090147248145617,0.0
952361,95,236,1,Am236m,236.049479647607,0.003983604485976697,0.0
952370,95,237,0,Am237,237.0499949487754,0.00015696267675723399,0.0
952380,95,238,0,Am238,238.05198100536194,0.00011788217356461654,0.0
952381,95,238,1,Am238m,238.054664865614,19804.20515885558,0.0
952390,95,239,0,Am239,239.05302277255737,1.6179906175535605e-05,0.0
952391,95,239,1,Am239m,239.0557062033918,4252436.690551811,0.0
952400,95,240,0,Am240,240.05529825663348,3.790174871828222e-06,0.0
952401,95,240,1,Am240m,240.05851888893596,737.3906176169631,0.0
952410,95,241,0,Am241,241.05682730549628,5.0774336090886946e-11,0.0
952411,95,241,1,Am241m,241.05918448627847,577622.6504666212,0.0
952420,95,242,0,Am242,242.05954734418455,1.2018781740878508e-05,0.0
952421,95,242,1,Am242m,242.05959951842783,1.55779984346934e-10,0.0
952422,95,242,2,Am242n,242.06191128829457,49.510512897138945,0.0
952430,95,243,0,Am243,243.06137988396466,2.9884323527779174e-12,0.0
952431,95,243,1,Am243m,243.06385440311706,126026.76010180824,0.0
952440,95,244,0,Am244,244.0642828545677,1.923485349539198e-05,0.0
952441,95,244,1,Am244m,244.0643787220559,0.0004421145430284126,0.0
952442,95,244,2,Am244n,244.06643090895903,770.1635339554948,0.0
952443,95,244,3,Am244p,244.0666456177792,106638.02777845312,0.0
952450,95,245,0,Am245,245.0664528092587,9.39223821896945e-05,0.0
952451,95,245,1,Am245m,245.06902888568303,1083042.4696249145,0.0
952460,95,246,0,Am246,246.06977392528898,0.0002962167438290364,0.0
952461,95,246,1,Am246m,246.069806131612,0.00046209812037329687,0.0
952462,95,246,2,Am246n,246.07191671931423,9495.166856985552,0.0
952470,95,247,0,Am247,247.07208848637038,0.0005022805656231487,0.0
952480,95,248,0,Am248,248.07574927175418,0.003850817669777474,0.0
952490,95,249,0,Am249,249.07847607377028,0.003850817669777474,0.0
962310,96,231,0,Cm231,231.05074642964598,0.03465735902799726,0.0
962320,96,232,0,Cm232,232.04973729819122,0.06931471805599453,0.0
962330,96,233,0,Cm233,233.050767900528,0.025672117798516494,0.0
962340,96,234,0,Cm234,234.05015812747874,0.01332975347230664,0.0
962350,96,235,0,Cm235,235.0515408522806,0.0016503504299046317,0.0
962360,96,236,0,Cm236,236.05137230585677,0.0016988901484312384,0.0
962370,96,237,0,Cm237,237.0528720469656,0.0011552453009332421,0.0
962373,96,237,3,Cm237p,237.05308675578578,inf,0.0
962380,96,238,0,Cm238,238.05308138806527,8.751858340403348e-05,0.0
962390,96,239,0,Cm239,239.05491178075718,7.701635339554947e-05,0.0
962393,96,239,3,Cm239p,239.05516943134137,6931471.805599452,0.0
962400,96,240,0,Cm240,240.05552820977988,2.638992372380396e-07,0.0
962410,96,241,0,Cm241,241.05765125059366,2.445895369523294e-07,0.0
962420,96,242,0,Cm242,242.05883418883838,4.927848164641525e-08,0.0
962421,96,242,1,Cm242m,242.0618361402075,3850817.6697774734,0.0
962430,96,243,0,Cm243,243.06138729141895,7.548102334335978e-10,0.0
962431,96,243,1,Cm243m,243.06148111917335,641802.9449629122,0.0
962433,96,243,3,Cm243p,243.06149797381573,inf,0.0
962440,96,244,0,Cm244,244.0627505850726,1.2128645937558087e-09,0.0
962441,96,244,1,Cm244m,244.06386728564627,20.38668178117486,0.0
962442,96,244,2,Cm244n,244.0639295512041,1386294.3611198904,0.0
962450,96,245,0,Cm245,245.06549102109875,2.66242155065669e-12,0.0
962451,96,245,1,Cm245m,245.06587309544423,2390162.691586018,0.0
962460,96,246,0,Cm246,246.06722200360693,4.667441094967635e-12,0.0
962461,96,246,1,Cm246m,246.06848846358267,0.6188814112142368,0.0
962470,96,247,0,Cm247,247.07035256555935,1.4080113969819037e-15,0.0
962471,96,247,1,Cm247m,247.07059626007023,26355.406104940885,0.0
962472,96,247,2,Cm247n,247.07078735092017,6890131.019482558,0.0
962480,96,248,0,Cm248,248.07234903552364,6.311775227849911e-14,0.0
962481,96,248,1,Cm248m,248.07391437017705,4747.583428492776,0.0
962490,96,249,0,Cm249,249.0759539966142,0.00018008500404259424,0.0
962491,96,249,1,Cm249m,249.07600638556633,30136.833937388925,0.0
962500,96,250,0,Cm250,250.07835798391918,2.6463828666165894e-12,0.0
962510,96,251,0,Cm251,251.08228500824,0.0006876460124602632,0.0
962520,96,252,0,Cm252,252.08487439661118,0.011552453009332421,0.0
972330,97,233,0,Bk233,233.0566509222005,0.01732867951399863,0.0
972340,97,234,0,Bk234,234.05732725498405,0.03465735902799726,0.0
972350,97,235,0,Bk235,235.0566509222005,0.011552453009332421,0.0
972360,97,236,0,Bk236,236.05747755115814,0.02665950694461328,0.0
972370,97,237,0,Bk237,237.05712328160487,0.0057762265046662105,0.0
972380,97,238,0,Bk238,238.0582075611467,0.004813522087221842,0.0
972390,97,239,0,Bk239,239.05823976746973,0.006931471805599453,0.0
972393,97,239,3,Bk239p,239.05828270923377,23104.906018664846,0.0
972400,97,240,0,Bk240,240.0597534646519,0.002406761043610921,0.0
972403,97,240,3,Bk240p,240.0600111152361,inf,0.0
972410,97,241,0,Bk241,241.06009699876415,0.0025114028281157438,0.0
972413,97,241,3,Bk241p,241.0601506759692,27725.887222397814,0.0
972420,97,242,0,Bk242,242.0619971718226,0.0016503504299046317,0.0
972421,97,242,1,Bk242m,242.06414426002428,1155245.300933242,0.0
972423,97,242,3,Bk242p,242.06215820343775,inf,0.0
972430,97,243,0,Bk243,243.0630063032774,4.1856713801929064e-05,0.0
972433,97,243,3,Bk243p,243.06302777415942,23104.906018664846,0.0
972440,97,244,0,Bk244,244.06517915653745,3.8354757667106313e-05,0.0
972441,97,244,1,Bk244m,244.0667851785123,845301.4397072502,0.0
972443,97,244,3,Bk244p,244.0653251585352,inf,0.0
972450,97,245,0,Bk245,245.06635984033954,1.6207145074821017e-06,0.0
972453,97,245,3,Bk245p,245.06640943807702,34657.35902799727,0.0
972460,97,246,0,Bk246,246.06867461612975,4.45696489557578e-06,0.0
972470,97,247,0,Bk247,247.07030640316302,1.591665057457804e-11,0.0
972480,97,248,0,Bk248,248.07314055958918,2.440553088101966e-09,0.0
972481,97,248,1,Bk248m,248.07311694161896,8.12408791092294e-06,0.0
972483,97,248,3,Bk248p,248.07319423679422,inf,0.0
972490,97,249,0,Bk249,249.0749830833294,2.4518755538008568e-08,0.0
972491,97,249,1,Bk249m,249.0749925305175,2310.4906018664847,0.0
972500,97,250,0,Bk250,250.07831718924336,5.994423520824212e-05,0.0
972501,97,250,1,Bk250m,250.07835540741334,23901.626915860183,0.0
972502,97,250,2,Bk250n,250.07840951403603,3254.2121153049075,0.0
972503,97,250,3,Bk250p,250.0785445658839,inf,0.0
972510,97,251,0,Bk251,251.08076057561684,0.00020777793182252555,0.0
972511,97,251,1,Bk251m,251.08079922320445,11950.813457930091,0.0
972520,97,252,0,Bk252,252.08431615367877,0.0064180294496291234,0.0
972530,97,253,0,Bk253,253.08688192407973,0.0001925408834888737,0.0
972540,97,254,0,Bk254,254.09059638666858,0.011552453009332421,0.0
982370,98,237,0,Cf237,237.06220114520178,0.8664339756999315,0.0
982380,98,238,0,Cf238,238.06149260609524,32.85057727772252,0.0
982390,98,239,0,Cf239,239.062480266668,0.024755256448569473,0.0
982400,98,240,0,Cf240,240.06225374886273,0.017199681899750505,0.0
982410,98,241,0,Cf241,241.06369337150193,0.004915937450779754,0.0
982413,98,241,3,Cf241p,241.06385440311706,inf,0.0
982420,98,242,0,Cf242,242.06375456351566,0.0033101584553961094,0.0
982430,98,243,0,Cf243,243.0654754547093,0.0010696715749381872,0.0
982440,98,244,0,Cf244,244.0659994515849,0.0005924334876580728,0.0
982450,98,245,0,Cf245,245.0680468075396,0.0002567211779851649,0.0
982453,98,245,3,Cf245p,245.06810778484453,6931471.805599452,0.0
982460,98,246,0,Cf246,246.06880365613068,5.393302058511867e-06,0.0
982470,98,247,0,Cf247,247.07097092696142,6.191025192568287e-05,0.0
982480,98,248,0,Cf248,248.07218295825123,2.4055582644786817e-08,0.0
982490,98,249,0,Cf249,249.07485039327855,6.257828431030683e-11,0.0
982491,98,249,1,Cf249m,249.0750060571732,15403.270679109897,0.0
982500,98,250,0,Cf250,250.07640445571892,1.679279647776582e-09,0.0
982510,98,251,0,Cf251,251.07958719191464,2.4459886183649994e-11,0.0
982511,98,251,1,Cf251m,251.07998440323195,533190.1388922656,0.0
982520,98,252,0,Cf252,252.08162649628855,8.30433943021463e-09,0.0
982530,98,253,0,Cf253,253.0851341942836,4.5045125278138144e-07,0.0
982540,98,254,0,Cf254,254.08732315070517,1.326039142485356e-07,0.0
982550,98,255,0,Cf255,255.09104727519093,0.00013591121187449907,0.0
982560,98,256,0,Cf256,256.09344127853575,0.0009392238218969448,0.0
992390,99,239,0,Es239,239.06830961113548,0.6931471805599453,0.0
992400,99,240,0,Es240,240.06895373759596,0.11552453009332421,0.0
992410,99,241,0,Es241,241.06858873260168,0.1359112118744991,0.0
992413,99,241,3,Es241p,241.06883564774486,inf,0.0
992420,99,242,0,Es242,242.06956565773345,0.03894085284044636,0.0
992430,99,243,0,Es243,243.0695119805284,0.03136412581719209,0.0
992431,99,243,1,Es243m,243.06956565773345,13862.943611198907,0.0
992440,99,244,0,Es244,244.07088611697745,0.018733707582701223,0.0
992450,99,245,0,Es245,245.07119744476668,0.010407615323722901,0.0
992451,99,245,1,Es245m,245.0712296510897,13862.943611198907,0.0
992453,99,245,3,Es245p,245.0714980371149,inf,0.0
992454,99,245,4,Es245q,245.07154097887894,inf,0.0
992460,99,246,0,Es246,246.07280776091793,0.0015403270679109895,0.0
992463,99,246,3,Es246p,246.0730117342971,inf,0.0
992464,99,246,4,Es246q,246.07321570767624,inf,0.0
992470,99,247,0,Es247,247.07362150734636,0.002539000661391741,0.0
992471,99,247,1,Es247m,247.0736773316396,34657.35902799727,0.0
992480,99,248,0,Es248,248.07547015028797,0.0004813522087221842,0.0
992490,99,249,0,Es249,249.0764148690967,0.00011303770067839942,0.0
992500,99,250,0,Es250,250.0786156345034,2.238847482428764e-05,0.0
992501,99,250,1,Es250m,250.07883034332355,8.673012769769085e-05,0.0
992510,99,251,0,Es251,251.07999191804063,5.834572226935566e-06,0.0
992511,99,251,1,Es251m,251.08000050639345,3465.735902799727,0.0
992520,99,252,0,Es252,252.08297422355272,1.7007710010677134e-08,0.0
992530,99,253,0,Es253,253.0848212561782,3.919167958982122e-07,0.0
992531,99,253,1,Es253m,253.08493558862494,69314.71805599454,0.0
992540,99,254,0,Es254,254.08802438971185,2.9098791483628596e-08,0.0
992541,99,254,1,Es254m,254.08811059530314,4.899259121854292e-06,0.0
992550,99,255,0,Es255,255.09027324989424,2.0157127668433178e-07,0.0
992560,99,256,0,Es256,256.0936023101509,2.53343267748518e-05,0.0
992561,99,256,1,Es256m,256.0936023101509,0.00045482098461938666,0.0
992570,99,257,0,Es257,257.0959748426137,1.0418878976670655e-06,0.0
992580,99,258,0,Es258,258.0995175381465,0.0028881132523331052,0.0
1002410,100,241,0,Fm241,241.07431072265908,949.5166856985552,0.0
1002420,100,242,0,Fm242,242.0734304164964,866.4339756999317,0.0
1002430,100,243,0,Fm243,243.07441807706917,3.000637145281148,0.0
1002440,100,244,0,Fm244,244.07403160119287,222.1625578717773,0.0
1002450,100,245,0,Fm245,245.07535206043687,0.16503504299046315,0.0
1002460,100,246,0,Fm246,246.07535313398097,0.45009557179217224,0.0
1002470,100,247,0,Fm247,247.0769409057061,0.022359586469675653,0.0
1002471,100,247,1,Fm247m,247.07699458291114,0.1359112118744991,0.0
1002480,100,248,0,Fm248,248.07718567376108,0.02009122262492595,0.0
1002481,100,248,1,Fm248m,248.07847607377028,68.62843371880646,0.0
1002490,100,249,0,Fm249,249.07892588874853,0.007220283130832763,0.0
1002500,100,250,0,Fm250,250.0795195586363,0.00037265977449459423,0.0
1002501,100,250,1,Fm250m,250.08080673801317,0.3610141565416382,0.0
1002510,100,251,0,Fm251,251.08154533635454,3.6328468582806354e-05,0.0
1002511,100,251,1,Fm251m,251.0817600451747,31795.742227520423,0.0
1002520,100,252,0,Fm252,252.08246643719303,7.583335308738625e-06,0.0
1002530,100,253,0,Fm253,253.085180893452,2.6741789373454678e-06,0.0
1002531,100,253,1,Fm253m,253.08533172639815,6931471.805599452,0.0
1002532,100,253,2,Fm253n,253.0855582442034,1237762.8224284737,0.0
1002540,100,254,0,Fm254,254.08685240161697,5.942619860767707e-05,0.0
1002550,100,255,0,Fm255,255.0899629956491,9.593467039804369e-06,0.0
1002553,100,255,3,Fm255p,255.0902109843364,inf,0.0
1002560,100,256,0,Fm256,256.09177191745897,7.353566524081745e-05,0.0
1002570,100,257,0,Fm257,257.09510527189207,7.982623693568561e-08,0.0
1002580,100,258,0,Fm258,258.09708059303756,1873.3707582701225,0.0
1002590,100,259,0,Fm259,259.10059108224726,0.46209812037329684,0.0
1012440,101,244,0,Md244,244.08115993402234,1.925408834888737,0.0
1012441,101,244,1,Md244m,244.08137464284252,77016.35339554948,0.0
1012450,101,245,0,Md245,245.08087007711512,1.8240715277893296,0.0
1012451,101,245,1,Md245m,245.0809774315252,770.1635339554947,0.0
1012460,101,246,0,Md246,246.08171817695478,0.7534208484347231,0.0
1012461,101,246,1,Md246m,246.08177185415983,0.15753345012726028,0.0
1012470,101,247,0,Md247,247.08152493901662,0.5824766223192818,0.0
1012471,101,247,1,Md247m,247.08180406048282,2.772588722239781,0.0
1012480,101,248,0,Md248,248.08260921855845,0.09902102579427789,0.0
1012490,101,249,0,Md249,249.08285613370165,0.02707606174062286,0.0
1012491,101,249,1,Md249m,249.08296348811172,0.364814305557866,0.0
1012500,101,250,0,Md250,250.08416585750464,0.012836058899258247,0.0
1012501,101,250,1,Md250m,250.08429468279675,0.016347810862262863,0.0
1012510,101,251,0,Md251,251.0847745570098,0.0027440505960409554,0.0
1012513,101,251,3,Md251p,251.08483145484718,0.03465735902799726,0.0
1012520,101,252,0,Md252,252.08638809379335,0.0050228056562314875,0.0
1012523,101,252,3,Md252p,252.08647397732142,inf,0.0
1012530,101,253,0,Md253,253.08713957466392,0.0009627044174443685,0.0
1012533,101,253,3,Md253p,253.08720398730998,0.011552453009332421,0.0
1012540,101,254,0,Md254,254.08958725521381,0.0011552453009332421,0.0
1012541,101,254,1,Md254m,254.08964093241886,0.00041258760747615793,0.0
1012550,101,255,0,Md255,255.09108162860215,0.0004278686299752749,0.0
1012553,101,255,3,Md255p,255.09109021695497,0.0057762265046662105,0.0
1012560,101,256,0,Md256,256.09389216705813,0.00014868021891032717,0.0
1012561,101,256,1,Md256m,256.0940639341143,0.00011552453009332422,0.0
1012563,101,256,3,Md256p,256.09414981764235,inf,0.0
1012570,101,257,0,Md257,257.09553737339263,3.4880594834940884e-05,0.0
1012580,101,258,0,Md258,258.0984332586046,1.555056563682187e-07,0.0
1012581,101,258,1,Md258m,258.0984332586046,0.0002026746141988144,0.0
1012590,101,259,0,Md259,259.10044078607314,0.00012033805218054606,0.0
1012600,101,260,0,Md260,260.10365068293464,2.885804608646188e-07,0.0
1012610,101,261,0,Md261,261.1058299774593,0.00028881132523331054,0.0
1012620,101,262,0,Md262,262.1091472287308,0.003850817669777474,0.0
1022480,102,248,0,No248,248.08662427349554,inf,0.0
1022490,102,249,0,No249,249.08780517200645,12160.476851928865,0.0
1022500,102,250,0,No250,250.08756899230426,136446.29538581602,0.0
1022501,102,250,1,No250m,250.08869621361012,19094.96365178913,0.0
1022510,102,251,0,No251,251.08894312875333,0.8664339756999315,0.0
1022511,102,251,1,No251m,251.0890612186044,0.6795560593724954,0.0
1022512,102,251,2,No251n,251.09015623358727,407733.63562349725,0.0
1022520,102,252,0,No252,252.08896567317944,0.28096764513982375,0.0
1022521,102,252,1,No252m,252.09031189748188,6.353319711823513,0.0
1022530,102,253,0,No253,253.09056310680145,0.0073582503244155545,0.0
1022531,102,253,1,No253m,253.0907434622104,22876.14457293549,0.0
1022532,102,253,2,No253n,253.09185243326655,981.7948733143702,0.0
1022533,102,253,3,No253p,253.0919168459126,1255.701414057872,0.0
1022540,102,254,0,No254,254.09095387685417,0.01353803087031143,0.0
1022541,102,254,1,No254m,254.09234519000884,2.616637148206664,0.0
1022542,102,254,2,No254n,254.0944074682265,3767.1042421736156,0.0
1022550,102,255,0,No255,255.0931965104808,0.0032819468776512564,0.0
1022551,102,255,1,No255m,255.09341980765376,0.6931471805599453,0.0
1022553,102,255,3,No255p,255.09330171780266,6931471.805599452,0.0
1022560,102,256,0,No256,256.0942818635667,0.23819490740891588,0.0
1022570,102,257,0,No257,257.09688413446713,0.02829172165550797,0.0
1022573,102,257,3,No257p,257.09720941832967,inf,0.0
1022580,102,258,0,No258,258.0982078143434,563.534293138167,0.0
1022590,102,259,0,No259,259.1009979554615,0.00019918022429883485,0.0
1022593,102,259,3,No259p,259.1012459441488,inf,0.0
1022600,102,260,0,No260,260.10264155147985,6.539124344905145,0.0
1022610,102,261,0,No261,261.10570115216717,6.418029449629123e-05,0.0
1022620,102,262,0,No262,262.10746176449254,138.62943611198907,0.0
1022630,102,263,0,No263,263.110714603118,0.0005776226504666211,0.0
1022640,102,264,0,No264,264.1127328660276,0.011552453009332421,0.0
1032510,103,251,0,Lr251,251.09428937837544,2310.4906018664847,0.0
1032520,103,252,0,Lr252,252.09505159468702,1.8784476437938897,0.0
1032523,103,252,3,Lr252p,252.09523409718415,inf,0.0
1032530,103,253,0,Lr253,253.095030123805,1.096751867974597,0.0
1032531,103,253,1,Lr253m,253.09507306556904,0.525111500424201,0.0
1032540,103,254,0,Lr254,254.09624322863894,0.057762265046662105,0.0
1032541,103,254,1,Lr254m,254.096350583049,0.034145181308371686,0.0
1032550,103,255,0,Lr255,255.09656207123686,0.022287690693245828,0.0
1032551,103,255,1,Lr255m,255.096606086545,0.27289259077163197,0.0
1032552,103,255,2,Lr255n,255.09741661234114,693147.1805599453,0.0
1032553,103,255,3,Lr255p,255.0981348133446,389.4085284044636,0.0
1032560,103,256,0,Lr256,256.09849767125064,0.024843984966306285,0.0
1032563,103,256,3,Lr256p,256.0987445863939,inf,0.0
1032570,103,257,0,Lr257,257.0994853318234,0.11552453009332421,0.0
1032571,103,257,1,Lr257m,257.0995926862335,2.567211779851649,0.0
1032573,103,257,3,Lr257p,257.0996463634385,inf,0.0
1032580,103,258,0,Lr258,258.1017505098762,0.17682326034692483,0.0
1032583,103,258,3,Lr258p,258.10200816046034,inf,0.0
1032590,103,259,0,Lr259,259.10289920206407,0.11179793234837827,0.0
1032593,103,259,3,Lr259p,259.10327494249935,inf,0.0
1032600,103,260,0,Lr260,260.10550791422907,0.003850817669777474,0.0
1032610,103,261,0,Lr261,261.1068820506781,0.0002962167438290364,0.0
1032620,103,262,0,Lr262,262.1096195881352,4.813522087221842e-05,0.0
1032630,103,263,0,Lr263,263.1112943169325,3.850817669777474e-05,0.0
1032640,103,264,0,Lr264,264.1142036214457,1.925408834888737e-05,0.0
1032650,103,265,0,Lr265,265.11618967803224,1.925408834888737e-05,0.0
1032660,103,266,0,Lr266,266.1198719342981,8.75185834040335e-06,0.0
1042530,104,253,0,Rf253,253.1005266696012,53.319013889226554,0.0
1042531,104,253,1,Rf253m,253.1007413784214,13329.75347230664,0.0
1042540,104,254,0,Rf254,254.10005431019687,30268.435832312025,0.0
1042541,104,254,1,Rf254m,254.10144991752793,161197.018734871,0.0
1042542,104,254,2,Rf254n,254.1022013983985,2806.263888906661,0.0
1042550,104,255,0,Rf255,255.10126741503078,0.4252436690551812,0.0
1042551,104,255,1,Rf255m,255.1014284466459,16119.701873487102,0.0
1042552,104,255,2,Rf255n,255.10239463633664,43321.69878499658,0.0
1042553,104,255,3,Rf255p,255.10266302236187,16906.028794145008,0.0
1042560,104,256,0,Rf256,256.1011514722679,105.0223000848402,0.0
1042561,104,256,1,Rf256m,256.10235169457263,27725.887222397814,0.0
1042562,104,256,2,Rf256n,256.10265228692083,40773.363562349725,0.0
1042563,104,256,3,Rf256p,256.1037258310217,25672.117798516494,0.0
1042570,104,257,0,Rf257,257.10291637876963,0.13862943611198905,0.0
1042571,104,257,1,Rf257m,257.1029958210331,0.15403270679109896,0.0
1042572,104,257,2,Rf257n,257.10415739575024,6539.124344905144,0.0
1042580,104,258,0,Rf258,258.1034295328499,55.45177444479562,0.0
1042581,104,258,1,Rf258m,258.10471349159445,203.86681781174863,0.0
1042582,104,258,2,Rf258n,258.10503555482467,46209.81203732969,0.0
1042590,104,259,0,Rf259,259.1056045331981,0.26355406104940887,0.0
1042593,104,259,3,Rf259p,259.1056689458442,inf,0.0
1042594,104,259,4,Rf259q,259.1058192420183,inf,0.0
1042600,104,260,0,Rf260,260.10644189759677,33.00700859809263,0.0
1042610,104,261,0,Rf261,261.10877148829553,0.3300700859809263,0.0
1042611,104,261,1,Rf261m,261.1088466363826,0.009366853791350611,0.0
1042613,104,261,3,Rf261p,261.10901840343877,inf,0.0
1042620,104,262,0,Rf262,262.1099201804834,2.772588722239781,0.0
1042621,104,262,1,Rf262m,262.11099372458426,14.747812352339261,0.0
1042630,104,263,0,Rf263,263.1124644800024,0.001050223000848402,0.0
1042633,104,263,3,Rf263p,263.11278654323263,inf,0.0
1042640,104,264,0,Rf264,264.1138815582155,0.0001925408834888737,0.0
1042650,104,265,0,Rf265,265.1166835083186,0.007220283130832763,0.0
1042660,104,266,0,Rf266,266.1182401472648,4.813522087221842e-05,0.0
1042670,104,267,0,Rf267,267.12178284279753,7.701635339554947e-05,0.0
1042673,104,267,3,Rf267p,267.1218687263256,inf,0.0
1042680,104,268,0,Rf268,268.1239728727632,0.0001925408834888737,0.0
1052550,105,255,0,Db255,255.10692499244215,12.836058899258246,0.0
1052551,105,255,1,Db255m,255.1070323468522,247.55256448569475,0.0
1052560,105,256,0,Db256,256.1076764733127,0.40773363562349724,0.0
1052570,105,257,0,Db257,257.1075154416976,0.3013683393738893,0.0
1052571,105,257,1,Db257m,257.1076657378717,1.0345480306864854,0.0
1052580,105,258,0,Db258,258.10897546167473,0.31942266385250934,0.0
1052581,105,258,1,Db258m,258.10902913887975,0.15717623141948872,0.0
1052590,105,259,0,Db259,259.1094907628431,1.3591121187449908,0.0
1052600,105,260,0,Db260,260.1112943169325,0.4560178819473324,0.0
1052603,105,260,3,Db260p,260.11140167134255,inf,0.0
1052610,105,261,0,Db261,261.11198138515704,0.1474781235233926,0.0
1052613,105,261,3,Db261p,261.11228197750523,inf,0.0
1052620,105,262,0,Db262,262.1140640607126,0.02038668178117486,0.0
1052623,105,262,3,Db262p,262.11411773791764,inf,0.0
1052630,105,263,0,Db263,263.11498730863934,0.02390162691586018,0.0
1052633,105,263,3,Db263p,263.1152664301055,inf,0.0
1052640,105,264,0,Db264,264.1172954284561,0.003850817669777474,0.0
1052650,105,265,0,Db265,265.11849779784905,0.0007701635339554948,0.0
1052660,105,266,0,Db266,266.12103136192695,0.00014440566261665527,0.0
1052670,105,267,0,Db267,267.122394762935,9.627044174443685e-05,0.0
1052680,105,268,0,Db268,268.1256690724425,6.6393408099611616e-06,0.0
1052683,105,268,3,Db268p,268.1258301040576,inf,0.0
1052690,105,269,0,Db269,269.12791277961327,6.418029449629123e-05,0.0
1052700,105,270,0,Db270,270.13140179794095,0.00011325934322874924,0.0
1062580,106,258,0,Sg258,258.11304419381685,256.7211779851649,0.0
1062590,106,259,0,Sg259,259.11435391761984,1.724246717810809,0.0
1062591,106,259,1,Sg259m,259.1144505365889,3.067022922831616,0.0
1062600,106,260,0,Sg260,260.11438290331057,140.02973344645358,0.0
1062610,106,261,0,Sg261,261.1159481306096,3.7876895112565316,0.0
1062611,106,261,1,Sg261m,261.11606085274013,74531.95489891885,0.0
1062620,106,262,0,Sg262,262.11633890066224,67.29584277281022,0.0
1062623,106,262,3,Sg262p,262.1172632221331,inf,0.0
1062630,106,263,0,Sg263,263.1183045599109,0.737390617616963,0.0
1062631,106,263,1,Sg263m,263.1183582371159,1.6503504299046317,0.0
1062633,106,263,3,Sg263p,263.11840117887994,inf,0.0
1062640,106,264,0,Sg264,264.11892721548935,8.886502314871093,0.0
1062650,106,265,0,Sg265,265.121085039132,0.07534208484347232,0.0
1062651,106,265,1,Sg265m,265.121085039132,0.04226507198536252,0.0
1062660,106,266,0,Sg266,266.1219760807357,1.7773004629742186,0.0
1062670,106,267,0,Sg267,267.1243271423165,0.0064180294496291234,0.0
1062673,106,267,3,Sg267p,267.1243486131985,inf,0.0
1062680,106,268,0,Sg268,268.12538995097634,0.0057762265046662105,0.0
1062690,106,269,0,Sg269,269.1284924934277,0.0023104906018664843,0.0
1062700,106,270,0,Sg270,270.13036046016316,0.003850817669777474,0.0
1062710,106,271,0,Sg271,271.1337850658448,0.00525111500424201,0.0
1062720,106,272,0,Sg272,272.13582479963634,0.0028881132523331052,0.0
1062730,106,273,0,Sg273,273.13947484957913,0.0023104906018664843,0.0
1072600,107,260,0,Bh260,260.1214393086853,16.906028794145005,0.0
1072610,107,261,0,Bh261,261.12139636692126,54.152123481245724,0.0
1072620,107,262,0,Bh262,262.12265241351923,8.251752149523158,0.0
1072621,107,262,1,Bh262m,262.1228885932214,72.96286111157319,0.0
1072630,107,263,0,Bh263,263.12292079954443,3.465735902799726,0.0
1072640,107,264,0,Bh264,264.12448817393164,0.6478011033270517,0.0
1072643,107,264,3,Bh264p,264.1248424434849,inf,0.0
1072650,107,265,0,Bh265,265.124960533336,0.5824766223192818,0.0
1072660,107,266,0,Bh266,266.1267855583074,0.06539124344905145,0.0
1072670,107,267,0,Bh267,267.1275048328549,0.03150669002545206,0.0
1072680,107,268,0,Bh268,268.12958750841057,0.0036481430555786593,0.0
1072690,107,269,0,Bh269,269.1304141373682,0.011552453009332421,0.0
1072700,107,270,0,Bh270,270.13336638364547,0.003040119212982216,0.0
1072703,107,270,3,Bh270p,270.134107129075,inf,0.0
1072710,107,271,0,Bh271,271.1351162605298,0.23901626915860183,0.0
1072720,107,272,0,Bh272,272.1382617447452,0.06134045845663232,0.0
1072730,107,273,0,Bh273,273.14029074309576,0.011552453009332421,0.0
1072740,107,274,0,Bh274,274.1435972589263,0.012160476851928864,0.0
1072750,107,275,0,Bh275,275.14576581801,0.011552453009332421,0.0
1072760,107,276,0,Bh276,276.1491689528096,0.011552453009332421,0.0
1072770,107,277,0,Bh277,277.15147707262634,0.06931471805599453,0.0
1072780,107,278,0,Bh278,278.15498756183604,0.34657359027997264,0.0
1082630,108,263,0,Hs263,263.1284817579867,770.1635339554947,0.0
1082631,108,263,1,Hs263m,263.12882529209895,693.1471805599452,0.0
1082640,108,264,0,Hs264,264.1283561533269,0.9902102579427791,0.0
1082650,108,265,0,Hs265,265.1297914817897,353.64652069384965,0.0
1082651,108,265,1,Hs265m,265.1300383969329,1925.4088348887371,0.0
1082660,108,266,0,Hs266,266.13004913237387,231.04906018664843,0.0
1082661,108,266,1,Hs266m,266.1312300308848,2.475525644856947,0.0
1082670,108,267,0,Hs267,267.13168091940713,12.602676010180824,0.0
1082671,108,267,1,Hs267m,267.13172386117117,700.1486672322679,0.0
1082680,108,268,0,Hs268,268.1320137180784,0.49510512897138953,0.0
1082690,108,269,0,Hs269,269.13364550511164,0.046209812037329684,0.0
1082700,108,270,0,Hs270,270.13431110245415,0.07701635339554948,0.0
1082710,108,271,0,Hs271,271.1370808462343,0.06931471805599453,0.0
1082720,108,272,0,Hs272,272.13848718900636,0.06931471805599453,0.0
1082730,108,273,0,Hs273,273.14146090616566,0.6539124344905144,0.0
1082733,108,273,3,Hs273p,273.14167561498584,inf,0.0
1082740,108,274,0,Hs274,274.14322151849103,1.3862943611198906,0.0
1082750,108,275,0,Hs275,275.14652803432153,2.475525644856947,0.0
1082753,108,275,3,Hs275p,275.14680715578777,inf,0.0
1082760,108,276,0,Hs276,276.14835305929296,6.931471805599452,0.0
1082770,108,277,0,Hs277,277.1517776649746,57.76226504666211,0.0
1082771,108,277,1,Hs277m,277.1518850193847,0.005331901388922656,0.0
1082773,108,277,3,Hs277p,277.1524432623171,inf,0.0
1082780,108,278,0,Hs278,278.1537529861201,0.34657359027997264,0.0
1082790,108,279,0,Hs279,279.1572742107708,0.6931471805599453,0.0
1082800,108,280,0,Hs280,280.1593354154444,6.931471805599452,0.0
1092650,109,265,0,Mt265,265.13593215404643,346.5735902799726,0.0
1092660,109,266,0,Mt266,266.1370593753523,346.5735902799726,0.0
1092661,109,266,1,Mt266m,266.1382832156272,115.52453009332422,0.0
1092670,109,267,0,Mt267,267.1371882006444,69.31471805599453,0.0
1092680,109,268,0,Mt268,268.1386482206215,30.136833937388925,0.0
1092690,109,269,0,Mt269,269.1388092522366,6.931471805599452,0.0
1092700,109,270,0,Mt270,270.14032294941876,0.8664339756999315,0.0
1092710,109,271,0,Mt271,271.1407416316181,1.732867951399863,0.0
1092720,109,272,0,Mt272,272.14329666657807,1.732867951399863,0.0
1092730,109,273,0,Mt273,273.14469227390913,0.8664339756999315,0.0
1092740,109,274,0,Mt274,274.14734392783816,0.8154672712469945,0.0
1092750,109,275,0,Mt275,275.1489757148714,22.359586469675655,0.0
1092760,109,276,0,Mt276,276.15170251688755,0.9902102579427788,0.0
1092761,109,276,1,Mt276m,276.15197090291275,0.09902102579427789,0.0
1092770,109,277,0,Mt277,277.1535275418589,0.07701635339554948,0.0
1092780,109,278,0,Mt278,278.1564905235772,0.11552453009332421,0.0
1092783,109,278,3,Mt278p,278.1569092057765,inf,0.0
1092790,109,279,0,Mt279,279.1584443738407,0.03465735902799726,0.0
1092800,109,280,0,Mt280,280.16157912261514,0.06931471805599453,0.0
1092810,109,281,0,Mt281,281.16360812096565,0.6931471805599453,0.0
1092820,109,282,0,Mt282,282.1668931659142,6.931471805599452,0.0
1102670,110,267,0,Ds267,267.14372608421843,69314.71805599454,0.0
1102680,110,268,0,Ds268,268.1434791690752,6931.471805599454,0.0
1102690,110,269,0,Ds269,269.1447459511142,3013.683393738893,0.0
1102700,110,270,0,Ds270,270.14458491949904,3381.2057588290013,0.0
1102701,110,270,1,Ds270m,270.1460771457992,161.197018734871,0.0
1102710,110,271,0,Ds271,271.1459483205071,4.813522087221842,0.0
1102711,110,271,1,Ds271m,271.1460234685942,407.73363562349726,0.0
1102720,110,272,0,Ds272,272.1460878812402,3.465735902799726,0.0
1102730,110,273,0,Ds273,273.14846041370305,2888.1132523331057,0.0
1102740,110,274,0,Ds274,274.1494373388348,69.31471805599453,0.0
1102750,110,275,0,Ds275,275.1520889927638,69.31471805599453,0.0
1102760,110,276,0,Ds276,276.1530229761315,43.32169878499658,0.0
1102770,110,277,0,Ds277,277.15576051358863,115.52453009332422,0.0
1102780,110,278,0,Ds278,278.1570058247456,2.567211779851649,0.0
1102790,110,279,0,Ds279,279.1599795419049,3.3007008598092633,0.0
1102793,110,279,3,Ds279p,279.16022645704805,inf,0.0
1102800,110,280,0,Ds280,280.16137514923594,27.72588722239781,0.0
1102810,110,281,0,Ds281,281.1645421043334,0.049510512897138946,0.0
1102811,110,281,1,Ds281m,281.1646279878615,0.7701635339554948,0.0
1102813,110,281,3,Ds281p,281.16461725242044,inf,0.0
1102820,110,282,0,Ds282,282.16617389136667,0.0027505840498410527,0.0
1102830,110,283,0,Ds283,283.16943746543313,0.011552453009332421,0.0
1102840,110,284,0,Ds284,284.1711873423175,0.011552453009332421,0.0
1112720,111,272,0,Rg272,272.15326989127476,165.03504299046313,0.0
1112730,111,273,0,Rg273,273.1533987165668,346.5735902799726,0.0
1112740,111,274,0,Rg274,274.15524521242025,34.657359027997266,0.0
1112750,111,275,0,Rg275,275.1560933122599,138.62943611198907,0.0
1112760,111,276,0,Rg276,276.15822966502054,69.31471805599453,0.0
1112770,111,277,0,Rg277,277.1593246800034,173.2867951399863,0.0
1112780,111,278,0,Rg278,278.1615898580561,86.64339756999316,0.0
1112790,111,279,0,Rg279,279.1628781109771,4.077336356234972,0.0
1112793,111,279,3,Rg279p,279.1629210527411,inf,0.0
1112800,111,280,0,Rg280,280.1652077016759,0.161197018734871,0.0
1112810,111,281,0,Rg281,281.1667536051811,0.03648143055578659,0.0
1112820,111,282,0,Rg282,282.1693408464641,0.005331901388922656,0.0
1112830,111,283,0,Rg283,283.17110145878945,0.0057762265046662105,0.0
1112840,111,284,0,Rg284,284.17388193801054,0.011552453009332421,0.0
1112850,111,285,0,Rg285,285.175771375628,0.023104906018664842,0.0
1112860,111,286,0,Rg286,286.1787558282283,0.06931471805599453,0.0
1122760,112,276,0,Cn276,276.161418091,6931.471805599454,0.0
1122770,112,277,0,Cn277,277.1635329728786,877.4014943796776,0.0
1122780,112,278,0,Cn278,278.16408048037005,346.5735902799726,0.0
1122790,112,279,0,Cn279,279.16642080650985,11552.453009332423,0.0
1122800,112,280,0,Cn280,280.16709713929333,138.62943611198907,0.0
1122810,112,281,0,Cn281,281.16956629072524,3.850817669777474,0.0
1122820,112,282,0,Cn282,282.170511009534,630.1338005090412,0.0
1122830,112,283,0,Cn283,283.17320560522705,0.1474781235233926,0.0
1122840,112,284,0,Cn284,284.1743650328559,6.795560593724954,0.0
1122850,112,285,0,Cn285,285.17723139560513,0.023104906018664842,0.0
1122851,112,285,1,Cn285m,285.1778003739786,0.046209812037329684,0.0
1122860,112,286,0,Cn286,286.17869141558225,0.023104906018664842,0.0
1122870,112,287,0,Cn287,287.18182616435666,0.023104906018664842,0.0
1122880,112,288,0,Cn288,288.18350089315396,0.06931471805599453,0.0
1132780,113,278,0,Nh278,278.17072571835416,301.3683393738893,0.0
1132790,113,279,0,Nh279,279.1711873423175,693.1471805599452,0.0
1132800,113,280,0,Nh280,280.17309825081696,69.31471805599453,0.0
1132810,113,281,0,Nh281,281.17371017095445,6.931471805599452,0.0
1132820,113,282,0,Nh282,282.175771375628,4.951051289713894,0.0
1132830,113,283,0,Nh283,283.1766624172317,4.951051289713894,0.0
1132840,113,284,0,Nh284,284.1788417117564,0.7145847222267477,0.0
1132850,113,285,0,Nh285,285.18010849379533,0.15068416968694465,0.0
1132860,113,286,0,Nh286,286.18245955537617,0.057762265046662105,0.0
1132870,113,287,0,Nh287,287.1840698715274,0.03465735902799726,0.0
1132880,113,288,0,Nh288,288.1867644672205,0.03465735902799726,0.0
1132890,113,289,0,Nh289,289.18846066689974,0.023104906018664842,0.0
1132900,113,290,0,Nh290,290.19143438405905,0.08664339756999316,0.0
1142840,114,284,0,Fl284,284.18119277333716,223.5958646967565,0.0
1142850,114,285,0,Fl285,285.18350089315396,3.3007008598092633,0.0
1142860,114,286,0,Fl286,286.1842309031425,5.331901388922656,0.0
1142870,114,287,0,Fl287,287.18672152545645,1.3591121187449908,0.0
1142880,114,288,0,Fl288,288.18778433411626,1.061481134088737,0.0
1142890,114,289,0,Fl289,289.19052187157337,0.3300700859809263,0.0
1142891,114,289,1,Fl289m,289.19132702964896,0.6301338005090411,0.0
1142900,114,290,0,Fl290,290.1918745371404,0.008664339756999316,0.0
1142910,114,291,0,Fl291,291.19484825429964,0.06931471805599453,0.0
1152870,115,287,0,Mc287,287.19082246392156,11.552453009332423,0.0
1152880,115,288,0,Mc288,288.1928836685952,3.916085765875397,0.0
1152890,115,289,0,Mc289,289.193967948137,1.6906028794145005,0.0
1152900,115,290,0,Mc290,290.1962331261897,0.8251752149523158,0.0
1152910,115,291,0,Mc291,291.1977253524899,0.6931471805599453,0.0
1152920,115,292,0,Mc292,292.20032332921386,0.13862943611198905,0.0
1162900,116,290,0,Lv290,290.1986378649756,77.01635339554947,0.0
1162910,116,291,0,Lv291,291.2010103974384,26.659506944613277,0.0
1162920,116,292,0,Lv292,292.20196585168816,43.32169878499658,0.0
1162930,116,293,0,Lv293,293.20458529929414,9.902102579427789,0.0
1162931,116,293,1,Lv293m,293.20535825104673,8.664339756999317,0.0
1172910,117,291,0,Ts291,291.20574472692306,346.5735902799726,0.0
1172920,117,292,0,Ts292,292.20785960880164,69.31471805599453,0.0
1172930,117,293,0,Ts293,293.20872917952335,27.72588722239781,0.0
1172940,117,294,0,Ts294,294.210844061402,9.902102579427789,0.0
1182940,118,294,0,Og294,294.21397881017634,990.210257942779,0.0
1182950,118,295,0,Og295,295.21617957558306,1.019334089058743,0.0
